Lane,SampleID,Index,# Reads,# Perfect Index Reads,# One Mismatch Index Reads,# Two Mismatch Index Reads,% Reads,% Perfect Index Reads,% One Mismatch Index Reads,% Two Mismatch Index Reads
1,0001,ELIDED,175158,164130,11028,0,0.0012,0.9370,0.0630,0.0000
1,0002,ELIDED,377577,366728,10849,0,0.0026,0.9713,0.0287,0.0000
1,0003,ELIDED,255081,246588,8493,0,0.0018,0.9667,0.0333,0.0000
1,0004,ELIDED,321345,288820,32525,0,0.0022,0.8988,0.1012,0.0000
1,0005,ELIDED,113,110,3,0,0.0000,0.9735,0.0265,0.0000
1,0006,ELIDED,49489,47876,1613,0,0.0003,0.9674,0.0326,0.0000
1,0007,ELIDED,294579,273099,21480,0,0.0021,0.9271,0.0729,0.0000
1,0008,ELIDED,260951,249920,11031,0,0.0018,0.9577,0.0423,0.0000
1,0009,ELIDED,276961,265644,11317,0,0.0019,0.9591,0.0409,0.0000
1,0010,ELIDED,272602,253089,19513,0,0.0019,0.9284,0.0716,0.0000
1,0011,ELIDED,78986,76383,2603,0,0.0006,0.9670,0.0330,0.0000
1,0012,ELIDED,304830,287691,17139,0,0.0021,0.9438,0.0562,0.0000
1,0013,ELIDED,280411,252213,28198,0,0.0020,0.8994,0.1006,0.0000
1,0014,ELIDED,327491,315312,12179,0,0.0023,0.9628,0.0372,0.0000
1,0015,ELIDED,258182,246686,11496,0,0.0018,0.9555,0.0445,0.0000
1,0016,ELIDED,326582,315622,10960,0,0.0023,0.9664,0.0336,0.0000
1,0017,ELIDED,0,0,0,0,0.0000,0.0000,0.0000,0.0000
1,0018,ELIDED,247742,238320,9422,0,0.0017,0.9620,0.0380,0.0000
1,0019,ELIDED,0,0,0,0,0.0000,0.0000,0.0000,0.0000
1,0020,ELIDED,259817,194222,65595,0,0.0018,0.7475,0.2525,0.0000
1,0021,ELIDED,223659,212997,10662,0,0.0016,0.9523,0.0477,0.0000
1,0022,ELIDED,223571,207328,16243,0,0.0016,0.9273,0.0727,0.0000
1,0023,ELIDED,372801,356510,16291,0,0.0026,0.9563,0.0437,0.0000
1,0024,ELIDED,299493,265838,33655,0,0.0021,0.8876,0.1124,0.0000
1,0025,ELIDED,240515,216547,23968,0,0.0017,0.9003,0.0997,0.0000
1,0026,ELIDED,216156,209138,7018,0,0.0015,0.9675,0.0325,0.0000
1,0027,ELIDED,323165,314559,8606,0,0.0023,0.9734,0.0266,0.0000
1,0028,ELIDED,315173,298222,16951,0,0.0022,0.9462,0.0538,0.0000
1,0029,ELIDED,313470,297836,15634,0,0.0022,0.9501,0.0499,0.0000
1,0030,ELIDED,2064,1997,67,0,0.0000,0.9675,0.0325,0.0000
1,0031,ELIDED,253108,219631,33477,0,0.0018,0.8677,0.1323,0.0000
1,0032,ELIDED,196421,189146,7275,0,0.0014,0.9630,0.0370,0.0000
1,0033,ELIDED,278485,263218,15267,0,0.0019,0.9452,0.0548,0.0000
1,0034,ELIDED,318886,303236,15650,0,0.0022,0.9509,0.0491,0.0000
1,0035,ELIDED,420311,348559,71752,0,0.0029,0.8293,0.1707,0.0000
1,0036,ELIDED,372924,348457,24467,0,0.0026,0.9344,0.0656,0.0000
1,0037,ELIDED,17,16,1,0,0.0000,0.9412,0.0588,0.0000
1,0038,ELIDED,320195,310006,10189,0,0.0022,0.9682,0.0318,0.0000
1,0039,ELIDED,295241,281605,13636,0,0.0021,0.9538,0.0462,0.0000
1,0040,ELIDED,401000,387574,13426,0,0.0028,0.9665,0.0335,0.0000
1,0041,ELIDED,252234,244074,8160,0,0.0018,0.9676,0.0324,0.0000
1,0042,ELIDED,302945,270729,32216,0,0.0021,0.8937,0.1063,0.0000
1,0043,ELIDED,244917,211787,33130,0,0.0017,0.8647,0.1353,0.0000
1,0044,ELIDED,272003,245112,26891,0,0.0019,0.9011,0.0989,0.0000
1,0045,ELIDED,32,31,1,0,0.0000,0.9688,0.0312,0.0000
1,0046,ELIDED,347931,331970,15961,0,0.0024,0.9541,0.0459,0.0000
1,0047,ELIDED,16550,15353,1197,0,0.0001,0.9277,0.0723,0.0000
1,0048,ELIDED,292238,281761,10477,0,0.0020,0.9641,0.0359,0.0000
1,0049,ELIDED,389032,375718,13314,0,0.0027,0.9658,0.0342,0.0000
1,0050,ELIDED,285393,274893,10500,0,0.0020,0.9632,0.0368,0.0000
1,0051,ELIDED,488803,390445,98358,0,0.0034,0.7988,0.2012,0.0000
1,0052,ELIDED,309001,298574,10427,0,0.0022,0.9663,0.0337,0.0000
1,0053,ELIDED,377243,357285,19958,0,0.0026,0.9471,0.0529,0.0000
1,0054,ELIDED,305333,276345,28988,0,0.0021,0.9051,0.0949,0.0000
1,0055,ELIDED,9743,9417,326,0,0.0001,0.9665,0.0335,0.0000
1,0056,ELIDED,420642,405664,14978,0,0.0029,0.9644,0.0356,0.0000
1,0057,ELIDED,0,0,0,0,0.0000,0.0000,0.0000,0.0000
1,0058,ELIDED,261476,234368,27108,0,0.0018,0.8963,0.1037,0.0000
1,0059,ELIDED,302091,292636,9455,0,0.0021,0.9687,0.0313,0.0000
1,0060,ELIDED,169659,162153,7506,0,0.0012,0.9558,0.0442,0.0000
1,0061,ELIDED,218304,200527,17777,0,0.0015,0.9186,0.0814,0.0000
1,0062,ELIDED,252421,242050,10371,0,0.0018,0.9589,0.0411,0.0000
1,0063,ELIDED,75,67,8,0,0.0000,0.8933,0.1067,0.0000
1,0064,ELIDED,362388,348926,13462,0,0.0025,0.9629,0.0371,0.0000
1,0065,ELIDED,257200,205915,51285,0,0.0018,0.8006,0.1994,0.0000
1,0066,ELIDED,166448,155789,10659,0,0.0012,0.9360,0.0640,0.0000
1,0067,ELIDED,5,3,2,0,0.0000,0.6000,0.4000,0.0000
1,0068,ELIDED,325219,313369,11850,0,0.0023,0.9636,0.0364,0.0000
1,0069,ELIDED,220017,211292,8725,0,0.0015,0.9603,0.0397,0.0000
1,0070,ELIDED,246628,232294,14334,0,0.0017,0.9419,0.0581,0.0000
1,0071,ELIDED,153323,142742,10581,0,0.0011,0.9310,0.0690,0.0000
1,0072,ELIDED,235144,196834,38310,0,0.0016,0.8371,0.1629,0.0000
1,0073,ELIDED,226481,215607,10874,0,0.0016,0.9520,0.0480,0.0000
1,0074,ELIDED,221031,209818,11213,0,0.0015,0.9493,0.0507,0.0000
1,0075,ELIDED,14,9,5,0,0.0000,0.6429,0.3571,0.0000
1,0076,ELIDED,220086,213300,6786,0,0.0015,0.9692,0.0308,0.0000
1,0077,ELIDED,258362,249799,8563,0,0.0018,0.9669,0.0331,0.0000
1,0078,ELIDED,212877,207095,5782,0,0.0015,0.9728,0.0272,0.0000
1,0079,ELIDED,253564,240545,13019,0,0.0018,0.9487,0.0513,0.0000
1,0080,ELIDED,46,38,8,0,0.0000,0.8261,0.1739,0.0000
1,0081,ELIDED,572093,534297,37796,0,0.0040,0.9339,0.0661,0.0000
1,0082,ELIDED,333821,309777,24044,0,0.0023,0.9280,0.0720,0.0000
1,0083,ELIDED,387169,361086,26083,0,0.0027,0.9326,0.0674,0.0000
1,0084,ELIDED,241782,234337,7445,0,0.0017,0.9692,0.0308,0.0000
1,0085,ELIDED,37,34,3,0,0.0000,0.9189,0.0811,0.0000
1,0086,ELIDED,182048,175945,6103,0,0.0013,0.9665,0.0335,0.0000
1,0087,ELIDED,235720,217069,18651,0,0.0016,0.9209,0.0791,0.0000
1,0088,ELIDED,190248,183390,6858,0,0.0013,0.9640,0.0360,0.0000
1,0089,ELIDED,194209,184151,10058,0,0.0014,0.9482,0.0518,0.0000
1,0090,ELIDED,212356,193673,18683,0,0.0015,0.9120,0.0880,0.0000
1,0091,ELIDED,96247,89579,6668,0,0.0007,0.9307,0.0693,0.0000
1,0092,ELIDED,7,5,2,0,0.0000,0.7143,0.2857,0.0000
1,0093,ELIDED,249173,242074,7099,0,0.0017,0.9715,0.0285,0.0000
1,0094,ELIDED,180155,172982,7173,0,0.0013,0.9602,0.0398,0.0000
1,0095,ELIDED,231721,210170,21551,0,0.0016,0.9070,0.0930,0.0000
1,0096,ELIDED,1162,1096,66,0,0.0000,0.9432,0.0568,0.0000
1,0097,ELIDED,128031,116470,11561,0,0.0009,0.9097,0.0903,0.0000
1,0098,ELIDED,170968,161616,9352,0,0.0012,0.9453,0.0547,0.0000
1,0099,ELIDED,6,4,2,0,0.0000,0.6667,0.3333,0.0000
1,0100,ELIDED,253227,245866,7361,0,0.0018,0.9709,0.0291,0.0000
1,0101,ELIDED,292230,281653,10577,0,0.0020,0.9638,0.0362,0.0000
1,0102,ELIDED,235654,225846,9808,0,0.0016,0.9584,0.0416,0.0000
1,0103,ELIDED,242809,209640,33169,0,0.0017,0.8634,0.1366,0.0000
1,0104,ELIDED,126,123,3,0,0.0000,0.9762,0.0238,0.0000
1,0105,ELIDED,229757,185045,44712,0,0.0016,0.8054,0.1946,0.0000
1,0106,ELIDED,279764,271184,8580,0,0.0020,0.9693,0.0307,0.0000
1,0107,ELIDED,273633,261858,11775,0,0.0019,0.9570,0.0430,0.0000
1,0108,ELIDED,271755,256509,15246,0,0.0019,0.9439,0.0561,0.0000
1,0109,ELIDED,1746,1617,129,0,0.0000,0.9261,0.0739,0.0000
1,0110,ELIDED,294792,277356,17436,0,0.0021,0.9409,0.0591,0.0000
1,0111,ELIDED,211759,204602,7157,0,0.0015,0.9662,0.0338,0.0000
1,0112,ELIDED,255922,237082,18840,0,0.0018,0.9264,0.0736,0.0000
1,0113,ELIDED,190198,183117,7081,0,0.0013,0.9628,0.0372,0.0000
1,0114,ELIDED,201242,194953,6289,0,0.0014,0.9687,0.0313,0.0000
1,0115,ELIDED,230602,219398,11204,0,0.0016,0.9514,0.0486,0.0000
1,0116,ELIDED,165002,159990,5012,0,0.0012,0.9696,0.0304,0.0000
1,0117,ELIDED,210061,187428,22633,0,0.0015,0.8923,0.1077,0.0000
1,0118,ELIDED,189822,183634,6188,0,0.0013,0.9674,0.0326,0.0000
1,0119,ELIDED,263820,238038,25782,0,0.0018,0.9023,0.0977,0.0000
1,0120,ELIDED,18410,17575,835,0,0.0001,0.9546,0.0454,0.0000
1,0121,ELIDED,209648,201101,8547,0,0.0015,0.9592,0.0408,0.0000
1,0122,ELIDED,188131,180779,7352,0,0.0013,0.9609,0.0391,0.0000
1,0123,ELIDED,227448,221078,6370,0,0.0016,0.9720,0.0280,0.0000
1,0124,ELIDED,195963,185431,10532,0,0.0014,0.9463,0.0537,0.0000
1,0125,ELIDED,1400,1323,77,0,0.0000,0.9450,0.0550,0.0000
1,0126,ELIDED,321586,294304,27282,0,0.0023,0.9152,0.0848,0.0000
1,0127,ELIDED,201935,193736,8199,0,0.0014,0.9594,0.0406,0.0000
1,0128,ELIDED,237061,228755,8306,0,0.0017,0.9650,0.0350,0.0000
1,0129,ELIDED,195943,187132,8811,0,0.0014,0.9550,0.0450,0.0000
1,0130,ELIDED,20,16,4,0,0.0000,0.8000,0.2000,0.0000
1,0131,ELIDED,303204,293105,10099,0,0.0021,0.9667,0.0333,0.0000
1,0132,ELIDED,335475,323063,12412,0,0.0023,0.9630,0.0370,0.0000
1,0133,ELIDED,233863,224923,8940,0,0.0016,0.9618,0.0382,0.0000
1,0134,ELIDED,157550,153359,4191,0,0.0011,0.9734,0.0266,0.0000
1,0135,ELIDED,27997,22985,5012,0,0.0002,0.8210,0.1790,0.0000
1,0136,ELIDED,300927,290333,10594,0,0.0021,0.9648,0.0352,0.0000
1,0137,ELIDED,357173,328475,28698,0,0.0025,0.9197,0.0803,0.0000
1,0138,ELIDED,313127,288056,25071,0,0.0022,0.9199,0.0801,0.0000
1,0139,ELIDED,322582,311712,10870,0,0.0023,0.9663,0.0337,0.0000
1,0140,ELIDED,206424,196917,9507,0,0.0014,0.9539,0.0461,0.0000
1,0141,ELIDED,266330,258060,8270,0,0.0019,0.9689,0.0311,0.0000
1,0142,ELIDED,189423,181152,8271,0,0.0013,0.9563,0.0437,0.0000
1,0143,ELIDED,265182,243980,21202,0,0.0019,0.9200,0.0800,0.0000
1,0144,ELIDED,319842,303269,16573,0,0.0022,0.9482,0.0518,0.0000
1,0145,ELIDED,216751,209183,7568,0,0.0015,0.9651,0.0349,0.0000
1,0146,ELIDED,192954,177824,15130,0,0.0014,0.9216,0.0784,0.0000
1,0147,ELIDED,237627,224797,12830,0,0.0017,0.9460,0.0540,0.0000
1,0148,ELIDED,35,29,6,0,0.0000,0.8286,0.1714,0.0000
1,0149,ELIDED,191774,181111,10663,0,0.0013,0.9444,0.0556,0.0000
1,0150,ELIDED,298833,290240,8593,0,0.0021,0.9712,0.0288,0.0000
1,0151,ELIDED,261150,231011,30139,0,0.0018,0.8846,0.1154,0.0000
1,0152,ELIDED,513493,497212,16281,0,0.0036,0.9683,0.0317,0.0000
1,0153,ELIDED,367372,353894,13478,0,0.0026,0.9633,0.0367,0.0000
1,0154,ELIDED,24,21,3,0,0.0000,0.8750,0.1250,0.0000
1,0155,ELIDED,32312,30972,1340,0,0.0002,0.9585,0.0415,0.0000
1,0156,ELIDED,242875,223856,19019,0,0.0017,0.9217,0.0783,0.0000
1,0157,ELIDED,175736,167444,8292,0,0.0012,0.9528,0.0472,0.0000
1,0158,ELIDED,345795,334675,11120,0,0.0024,0.9678,0.0322,0.0000
1,0159,ELIDED,77608,74141,3467,0,0.0005,0.9553,0.0447,0.0000
1,0160,ELIDED,288883,271518,17365,0,0.0020,0.9399,0.0601,0.0000
1,0161,ELIDED,207776,197158,10618,0,0.0015,0.9489,0.0511,0.0000
1,0162,ELIDED,6,5,1,0,0.0000,0.8333,0.1667,0.0000
1,0163,ELIDED,217068,209677,7391,0,0.0015,0.9660,0.0340,0.0000
1,0164,ELIDED,179390,173581,5809,0,0.0013,0.9676,0.0324,0.0000
1,0165,ELIDED,179865,163181,16684,0,0.0013,0.9072,0.0928,0.0000
1,0166,ELIDED,182761,174615,8146,0,0.0013,0.9554,0.0446,0.0000
1,0167,ELIDED,231110,219481,11629,0,0.0016,0.9497,0.0503,0.0000
1,0168,ELIDED,231396,224392,7004,0,0.0016,0.9697,0.0303,0.0000
1,0169,ELIDED,201810,194644,7166,0,0.0014,0.9645,0.0355,0.0000
1,0170,ELIDED,216430,191724,24706,0,0.0015,0.8858,0.1142,0.0000
1,0171,ELIDED,214952,208645,6307,0,0.0015,0.9707,0.0293,0.0000
1,0172,ELIDED,3001,2893,108,0,0.0000,0.9640,0.0360,0.0000
1,0173,ELIDED,196483,189156,7327,0,0.0014,0.9627,0.0373,0.0000
1,0174,ELIDED,189023,182860,6163,0,0.0013,0.9674,0.0326,0.0000
1,0175,ELIDED,156228,147388,8840,0,0.0011,0.9434,0.0566,0.0000
1,0176,ELIDED,143755,135446,8309,0,0.0010,0.9422,0.0578,0.0000
1,0177,ELIDED,101177,23864,77313,0,0.0007,0.2359,0.7641,0.0000
1,0178,ELIDED,226292,218128,8164,0,0.0016,0.9639,0.0361,0.0000
1,0179,ELIDED,306857,289020,17837,0,0.0021,0.9419,0.0581,0.0000
1,0180,ELIDED,212379,178644,33735,0,0.0015,0.8412,0.1588,0.0000
1,0181,ELIDED,217203,203432,13771,0,0.0015,0.9366,0.0634,0.0000
1,0182,ELIDED,87,83,4,0,0.0000,0.9540,0.0460,0.0000
1,0183,ELIDED,61,53,8,0,0.0000,0.8689,0.1311,0.0000
1,0184,ELIDED,134501,129604,4897,0,0.0009,0.9636,0.0364,0.0000
1,0185,ELIDED,152951,145322,7629,0,0.0011,0.9501,0.0499,0.0000
1,0186,ELIDED,163604,155650,7954,0,0.0011,0.9514,0.0486,0.0000
1,0187,ELIDED,196220,185257,10963,0,0.0014,0.9441,0.0559,0.0000
1,0188,ELIDED,972,908,64,0,0.0000,0.9342,0.0658,0.0000
1,0189,ELIDED,107893,89926,17967,0,0.0008,0.8335,0.1665,0.0000
1,0190,ELIDED,214474,207548,6926,0,0.0015,0.9677,0.0323,0.0000
1,0191,ELIDED,125525,121884,3641,0,0.0009,0.9710,0.0290,0.0000
1,0192,ELIDED,2,2,0,0,0.0000,1.0000,0.0000,0.0000
1,0193,ELIDED,179881,161206,18675,0,0.0013,0.8962,0.1038,0.0000
1,0194,ELIDED,300296,279051,21245,0,0.0021,0.9293,0.0707,0.0000
1,0195,ELIDED,88,67,21,0,0.0000,0.7614,0.2386,0.0000
1,0196,ELIDED,346303,333852,12451,0,0.0024,0.9640,0.0360,0.0000
1,0197,ELIDED,265843,210074,55769,0,0.0019,0.7902,0.2098,0.0000
1,0198,ELIDED,316961,307789,9172,0,0.0022,0.9711,0.0289,0.0000
1,0199,ELIDED,241266,231476,9790,0,0.0017,0.9594,0.0406,0.0000
1,0200,ELIDED,0,0,0,0,0.0000,0.0000,0.0000,0.0000
1,0201,ELIDED,250536,240016,10520,0,0.0018,0.9580,0.0420,0.0000
1,0202,ELIDED,289016,274175,14841,0,0.0020,0.9486,0.0514,0.0000
1,0203,ELIDED,270570,223917,46653,0,0.0019,0.8276,0.1724,0.0000
1,0204,ELIDED,249524,237700,11824,0,0.0017,0.9526,0.0474,0.0000
1,0205,ELIDED,129317,100655,28662,0,0.0009,0.7784,0.2216,0.0000
1,0206,ELIDED,291984,281730,10254,0,0.0020,0.9649,0.0351,0.0000
1,0207,ELIDED,241751,229902,11849,0,0.0017,0.9510,0.0490,0.0000
1,0208,ELIDED,197421,189403,8018,0,0.0014,0.9594,0.0406,0.0000
1,0209,ELIDED,49,31,18,0,0.0000,0.6327,0.3673,0.0000
1,0210,ELIDED,320117,272447,47670,0,0.0022,0.8511,0.1489,0.0000
1,0211,ELIDED,166,157,9,0,0.0000,0.9458,0.0542,0.0000
1,0212,ELIDED,166050,159939,6111,0,0.0012,0.9632,0.0368,0.0000
1,0213,ELIDED,272639,264102,8537,0,0.0019,0.9687,0.0313,0.0000
1,0214,ELIDED,212088,205412,6676,0,0.0015,0.9685,0.0315,0.0000
1,0215,ELIDED,153706,77359,76347,0,0.0011,0.5033,0.4967,0.0000
1,0216,ELIDED,234405,225693,8712,0,0.0016,0.9628,0.0372,0.0000
1,0217,ELIDED,346987,336539,10448,0,0.0024,0.9699,0.0301,0.0000
1,0218,ELIDED,417579,388087,29492,0,0.0029,0.9294,0.0706,0.0000
1,0219,ELIDED,24,16,8,0,0.0000,0.6667,0.3333,0.0000
1,0220,ELIDED,304432,295386,9046,0,0.0021,0.9703,0.0297,0.0000
1,0221,ELIDED,32556,31399,1157,0,0.0002,0.9645,0.0355,0.0000
1,0222,ELIDED,295545,285523,10022,0,0.0021,0.9661,0.0339,0.0000
1,0223,ELIDED,319099,298056,21043,0,0.0022,0.9341,0.0659,0.0000
1,0224,ELIDED,244600,236863,7737,0,0.0017,0.9684,0.0316,0.0000
1,0225,ELIDED,273240,264702,8538,0,0.0019,0.9688,0.0312,0.0000
1,0226,ELIDED,320046,276388,43658,0,0.0022,0.8636,0.1364,0.0000
1,0227,ELIDED,371259,341025,30234,0,0.0026,0.9186,0.0814,0.0000
1,0228,ELIDED,392485,378615,13870,0,0.0027,0.9647,0.0353,0.0000
1,0229,ELIDED,2587,2454,133,0,0.0000,0.9486,0.0514,0.0000
1,0230,ELIDED,411582,398372,13210,0,0.0029,0.9679,0.0321,0.0000
1,0231,ELIDED,375199,359564,15635,0,0.0026,0.9583,0.0417,0.0000
1,0232,ELIDED,171053,85802,85251,0,0.0012,0.5016,0.4984,0.0000
1,0233,ELIDED,341248,330092,11156,0,0.0024,0.9673,0.0327,0.0000
1,0234,ELIDED,206700,198626,8074,0,0.0014,0.9609,0.0391,0.0000
1,0235,ELIDED,321664,292407,29257,0,0.0023,0.9090,0.0910,0.0000
1,0236,ELIDED,285292,260377,24915,0,0.0020,0.9127,0.0873,0.0000
1,0237,ELIDED,262331,250905,11426,0,0.0018,0.9564,0.0436,0.0000
1,0238,ELIDED,3,3,0,0,0.0000,1.0000,0.0000,0.0000
1,0239,ELIDED,267833,242855,24978,0,0.0019,0.9067,0.0933,0.0000
1,0240,ELIDED,228216,218075,10141,0,0.0016,0.9556,0.0444,0.0000
1,0241,ELIDED,264703,205503,59200,0,0.0019,0.7764,0.2236,0.0000
1,0242,ELIDED,172679,166890,5789,0,0.0012,0.9665,0.0335,0.0000
1,0243,ELIDED,281697,262896,18801,0,0.0020,0.9333,0.0667,0.0000
1,0244,ELIDED,277078,222500,54578,0,0.0019,0.8030,0.1970,0.0000
1,0245,ELIDED,398922,385811,13111,0,0.0028,0.9671,0.0329,0.0000
1,0246,ELIDED,27,13,14,0,0.0000,0.4815,0.5185,0.0000
1,0247,ELIDED,39476,37661,1815,0,0.0003,0.9540,0.0460,0.0000
1,0248,ELIDED,124292,119704,4588,0,0.0009,0.9631,0.0369,0.0000
1,0249,ELIDED,108910,104388,4522,0,0.0008,0.9585,0.0415,0.0000
1,0250,ELIDED,145803,140234,5569,0,0.0010,0.9618,0.0382,0.0000
1,0251,ELIDED,186128,175879,10249,0,0.0013,0.9449,0.0551,0.0000
1,0252,ELIDED,2442,2373,69,0,0.0000,0.9717,0.0283,0.0000
1,0253,ELIDED,243683,232686,10997,0,0.0017,0.9549,0.0451,0.0000
1,0254,ELIDED,210675,204869,5806,0,0.0015,0.9724,0.0276,0.0000
1,0255,ELIDED,245152,236630,8522,0,0.0017,0.9652,0.0348,0.0000
1,0256,ELIDED,270500,261151,9349,0,0.0019,0.9654,0.0346,0.0000
1,0257,ELIDED,277837,265569,12268,0,0.0019,0.9558,0.0442,0.0000
1,0258,ELIDED,199473,186283,13190,0,0.0014,0.9339,0.0661,0.0000
1,0259,ELIDED,222485,200814,21671,0,0.0016,0.9026,0.0974,0.0000
1,0260,ELIDED,149725,143303,6422,0,0.0010,0.9571,0.0429,0.0000
1,0261,ELIDED,225506,211426,14080,0,0.0016,0.9376,0.0624,0.0000
1,0262,ELIDED,339780,291451,48329,0,0.0024,0.8578,0.1422,0.0000
1,0263,ELIDED,308917,297248,11669,0,0.0022,0.9622,0.0378,0.0000
1,0264,ELIDED,257755,247427,10328,0,0.0018,0.9599,0.0401,0.0000
1,0265,ELIDED,348997,315101,33896,0,0.0024,0.9029,0.0971,0.0000
1,0266,ELIDED,1656,1354,302,0,0.0000,0.8176,0.1824,0.0000
1,0267,ELIDED,78,71,7,0,0.0000,0.9103,0.0897,0.0000
1,0268,ELIDED,174831,165841,8990,0,0.0012,0.9486,0.0514,0.0000
1,0269,ELIDED,242084,232638,9446,0,0.0017,0.9610,0.0390,0.0000
1,0270,ELIDED,236411,225383,11028,0,0.0017,0.9534,0.0466,0.0000
1,0271,ELIDED,2,0,2,0,0.0000,0.0000,1.0000,0.0000
1,0272,ELIDED,226643,218781,7862,0,0.0016,0.9653,0.0347,0.0000
1,0273,ELIDED,10895,10482,413,0,0.0001,0.9621,0.0379,0.0000
1,0274,ELIDED,200646,190808,9838,0,0.0014,0.9510,0.0490,0.0000
1,0275,ELIDED,150163,145975,4188,0,0.0011,0.9721,0.0279,0.0000
1,0276,ELIDED,207999,189462,18537,0,0.0015,0.9109,0.0891,0.0000
1,0277,ELIDED,201327,194051,7276,0,0.0014,0.9639,0.0361,0.0000
1,0278,ELIDED,53,50,3,0,0.0000,0.9434,0.0566,0.0000
1,0279,ELIDED,211936,204454,7482,0,0.0015,0.9647,0.0353,0.0000
1,0280,ELIDED,235338,226724,8614,0,0.0016,0.9634,0.0366,0.0000
1,0281,ELIDED,273341,222276,51065,0,0.0019,0.8132,0.1868,0.0000
1,0282,ELIDED,231494,212775,18719,0,0.0016,0.9191,0.0809,0.0000
1,0283,ELIDED,194784,168618,26166,0,0.0014,0.8657,0.1343,0.0000
1,0284,ELIDED,276933,264158,12775,0,0.0019,0.9539,0.0461,0.0000
1,0285,ELIDED,222473,214283,8190,0,0.0016,0.9632,0.0368,0.0000
1,0286,ELIDED,264457,250815,13642,0,0.0019,0.9484,0.0516,0.0000
1,0287,ELIDED,319991,303979,16012,0,0.0022,0.9500,0.0500,0.0000
1,0288,ELIDED,0,0,0,0,0.0000,0.0000,0.0000,0.0000
1,0289,ELIDED,299549,269202,30347,0,0.0021,0.8987,0.1013,0.0000
1,0290,ELIDED,307715,293803,13912,0,0.0022,0.9548,0.0452,0.0000
1,0291,ELIDED,371437,352941,18496,0,0.0026,0.9502,0.0498,0.0000
1,0292,ELIDED,315799,215296,100503,0,0.0022,0.6818,0.3182,0.0000
1,0293,ELIDED,379978,356276,23702,0,0.0027,0.9376,0.0624,0.0000
1,0294,ELIDED,308005,298026,9979,0,0.0022,0.9676,0.0324,0.0000
1,0295,ELIDED,550222,522923,27299,0,0.0039,0.9504,0.0496,0.0000
1,0296,ELIDED,555332,540689,14643,0,0.0039,0.9736,0.0264,0.0000
1,0297,ELIDED,418276,403559,14717,0,0.0029,0.9648,0.0352,0.0000
1,0298,ELIDED,471040,449798,21242,0,0.0033,0.9549,0.0451,0.0000
1,0299,ELIDED,430688,351141,79547,0,0.0030,0.8153,0.1847,0.0000
1,0300,ELIDED,435211,408105,27106,0,0.0030,0.9377,0.0623,0.0000
1,0301,ELIDED,450458,428477,21981,0,0.0032,0.9512,0.0488,0.0000
1,0302,ELIDED,499985,472932,27053,0,0.0035,0.9459,0.0541,0.0000
1,0303,ELIDED,438018,415737,22281,0,0.0031,0.9491,0.0509,0.0000
1,0304,ELIDED,452731,373380,79351,0,0.0032,0.8247,0.1753,0.0000
1,0305,ELIDED,499286,416210,83076,0,0.0035,0.8336,0.1664,0.0000
1,0306,ELIDED,339188,317891,21297,0,0.0024,0.9372,0.0628,0.0000
1,0307,ELIDED,213261,203508,9753,0,0.0015,0.9543,0.0457,0.0000
1,0308,ELIDED,210220,202692,7528,0,0.0015,0.9642,0.0358,0.0000
1,0309,ELIDED,290739,272729,18010,0,0.0020,0.9381,0.0619,0.0000
1,0310,ELIDED,204938,176225,28713,0,0.0014,0.8599,0.1401,0.0000
1,0311,ELIDED,485888,247071,238817,0,0.0034,0.5085,0.4915,0.0000
1,0312,ELIDED,407769,377533,30236,0,0.0029,0.9259,0.0741,0.0000
1,0313,ELIDED,348614,334046,14568,0,0.0024,0.9582,0.0418,0.0000
1,0314,ELIDED,260398,250173,10225,0,0.0018,0.9607,0.0393,0.0000
1,0315,ELIDED,309491,272841,36650,0,0.0022,0.8816,0.1184,0.0000
1,0316,ELIDED,193793,177932,15861,0,0.0014,0.9182,0.0818,0.0000
1,0317,ELIDED,283593,251903,31690,0,0.0020,0.8883,0.1117,0.0000
1,0318,ELIDED,226825,216895,9930,0,0.0016,0.9562,0.0438,0.0000
1,0319,ELIDED,364304,344797,19507,0,0.0025,0.9465,0.0535,0.0000
1,0320,ELIDED,436467,420351,16116,0,0.0031,0.9631,0.0369,0.0000
1,0321,ELIDED,383632,365575,18057,0,0.0027,0.9529,0.0471,0.0000
1,0322,ELIDED,281597,270852,10745,0,0.0020,0.9618,0.0382,0.0000
1,0323,ELIDED,289385,262466,26919,0,0.0020,0.9070,0.0930,0.0000
1,0324,ELIDED,273249,262336,10913,0,0.0019,0.9601,0.0399,0.0000
1,0325,ELIDED,222298,210907,11391,0,0.0016,0.9488,0.0512,0.0000
1,0326,ELIDED,249338,238355,10983,0,0.0017,0.9560,0.0440,0.0000
1,0327,ELIDED,275084,243964,31120,0,0.0019,0.8869,0.1131,0.0000
1,0328,ELIDED,249589,241386,8203,0,0.0017,0.9671,0.0329,0.0000
1,0329,ELIDED,223844,210057,13787,0,0.0016,0.9384,0.0616,0.0000
1,0330,ELIDED,177215,145795,31420,0,0.0012,0.8227,0.1773,0.0000
1,0331,ELIDED,518944,494545,24399,0,0.0036,0.9530,0.0470,0.0000
1,0332,ELIDED,506654,490734,15920,0,0.0035,0.9686,0.0314,0.0000
1,0333,ELIDED,469113,312165,156948,0,0.0033,0.6654,0.3346,0.0000
1,0334,ELIDED,328692,312100,16592,0,0.0023,0.9495,0.0505,0.0000
1,0335,ELIDED,290744,264216,26528,0,0.0020,0.9088,0.0912,0.0000
1,0336,ELIDED,559385,527810,31575,0,0.0039,0.9436,0.0564,0.0000
1,0337,ELIDED,347954,332203,15751,0,0.0024,0.9547,0.0453,0.0000
1,0338,ELIDED,423194,407246,15948,0,0.0030,0.9623,0.0377,0.0000
1,0339,ELIDED,533456,504960,28496,0,0.0037,0.9466,0.0534,0.0000
1,0340,ELIDED,609957,224047,385910,0,0.0043,0.3673,0.6327,0.0000
1,0341,ELIDED,346442,329108,17334,0,0.0024,0.9500,0.0500,0.0000
1,0342,ELIDED,235,222,13,0,0.0000,0.9447,0.0553,0.0000
1,0343,ELIDED,293258,279833,13425,0,0.0021,0.9542,0.0458,0.0000
1,0344,ELIDED,234040,220951,13089,0,0.0016,0.9441,0.0559,0.0000
1,0345,ELIDED,473003,452917,20086,0,0.0033,0.9575,0.0425,0.0000
1,0346,ELIDED,357253,335364,21889,0,0.0025,0.9387,0.0613,0.0000
1,0347,ELIDED,340524,323232,17292,0,0.0024,0.9492,0.0508,0.0000
1,0348,ELIDED,329591,308900,20691,0,0.0023,0.9372,0.0628,0.0000
1,0349,ELIDED,298224,282690,15534,0,0.0021,0.9479,0.0521,0.0000
1,0350,ELIDED,231694,216371,15323,0,0.0016,0.9339,0.0661,0.0000
1,0351,ELIDED,303966,291679,12287,0,0.0021,0.9596,0.0404,0.0000
1,0352,ELIDED,272025,220929,51096,0,0.0019,0.8122,0.1878,0.0000
1,0353,ELIDED,182211,147912,34299,0,0.0013,0.8118,0.1882,0.0000
1,0354,ELIDED,234961,220292,14669,0,0.0016,0.9376,0.0624,0.0000
1,0355,ELIDED,364099,341239,22860,0,0.0025,0.9372,0.0628,0.0000
1,0356,ELIDED,133351,127763,5588,0,0.0009,0.9581,0.0419,0.0000
1,0357,ELIDED,10,10,0,0,0.0000,1.0000,0.0000,0.0000
1,0358,ELIDED,142355,136715,5640,0,0.0010,0.9604,0.0396,0.0000
1,0359,ELIDED,112,88,24,0,0.0000,0.7857,0.2143,0.0000
1,0360,ELIDED,39257,37455,1802,0,0.0003,0.9541,0.0459,0.0000
1,0361,ELIDED,235194,224875,10319,0,0.0016,0.9561,0.0439,0.0000
1,0362,ELIDED,60,39,21,0,0.0000,0.6500,0.3500,0.0000
1,0363,ELIDED,3167,3080,87,0,0.0000,0.9725,0.0275,0.0000
1,0364,ELIDED,9,9,0,0,0.0000,1.0000,0.0000,0.0000
1,0365,ELIDED,47198,45534,1664,0,0.0003,0.9647,0.0353,0.0000
1,0366,ELIDED,0,0,0,0,0.0000,0.0000,0.0000,0.0000
1,0367,ELIDED,2700,2508,192,0,0.0000,0.9289,0.0711,0.0000
1,0368,ELIDED,355,322,33,0,0.0000,0.9070,0.0930,0.0000
1,0369,ELIDED,108,74,34,0,0.0000,0.6852,0.3148,0.0000
1,0370,ELIDED,246910,239406,7504,0,0.0017,0.9696,0.0304,0.0000
1,0371,ELIDED,451,304,147,0,0.0000,0.6741,0.3259,0.0000
1,0372,ELIDED,238,231,7,0,0.0000,0.9706,0.0294,0.0000
1,0373,ELIDED,31,22,9,0,0.0000,0.7097,0.2903,0.0000
1,0374,ELIDED,153,145,8,0,0.0000,0.9477,0.0523,0.0000
1,0375,ELIDED,16607,16134,473,0,0.0001,0.9715,0.0285,0.0000
1,0376,ELIDED,39,36,3,0,0.0000,0.9231,0.0769,0.0000
1,0377,ELIDED,0,0,0,0,0.0000,0.0000,0.0000,0.0000
1,0378,ELIDED,0,0,0,0,0.0000,0.0000,0.0000,0.0000
1,Undetermined,,58213038,58213038,0,0,0.4074,1.0000,0.0000,0.0000
