Lane,Sample_ID,index,index2,ReadNumber,AdapterBases,SampleBases,% Adapter Bases
1,0001,ELIDED,ELIDED,1,14050970,38496430,0.267
1,0002,ELIDED,ELIDED,1,31299326,81973774,0.276
1,0003,ELIDED,ELIDED,1,21090722,55433578,0.276
1,0004,ELIDED,ELIDED,1,26272966,70130534,0.273
1,0005,ELIDED,ELIDED,1,14180,19720,0.418
1,0006,ELIDED,ELIDED,1,4060904,10785796,0.274
1,0007,ELIDED,ELIDED,1,24058829,64314871,0.272
1,0008,ELIDED,ELIDED,1,21116123,57169177,0.270
1,0009,ELIDED,ELIDED,1,22260603,60827697,0.268
1,0010,ELIDED,ELIDED,1,22271781,59508819,0.272
1,0011,ELIDED,ELIDED,1,6346940,17348860,0.268
1,0012,ELIDED,ELIDED,1,24974167,66474833,0.273
1,0013,ELIDED,ELIDED,1,22887106,61236194,0.272
1,0014,ELIDED,ELIDED,1,26994704,71252596,0.275
1,0015,ELIDED,ELIDED,1,21005413,56449187,0.271
1,0016,ELIDED,ELIDED,1,26386117,71588483,0.269
1,0017,ELIDED,ELIDED,1,0,0,0.000
1,0018,ELIDED,ELIDED,1,19821758,54500842,0.267
1,0019,ELIDED,ELIDED,1,0,0,0.000
1,0020,ELIDED,ELIDED,1,21745249,56199851,0.279
1,0021,ELIDED,ELIDED,1,18424861,48672839,0.275
1,0022,ELIDED,ELIDED,1,18357946,48713354,0.274
1,0023,ELIDED,ELIDED,1,30363796,81476504,0.271
1,0024,ELIDED,ELIDED,1,24196381,65651519,0.269
1,0025,ELIDED,ELIDED,1,19776696,52377804,0.274
1,0026,ELIDED,ELIDED,1,17463751,47383049,0.269
1,0027,ELIDED,ELIDED,1,26232568,70716932,0.271
1,0028,ELIDED,ELIDED,1,25704013,68847887,0.272
1,0029,ELIDED,ELIDED,1,25495920,68545080,0.271
1,0030,ELIDED,ELIDED,1,3963,615237,0.006
1,0031,ELIDED,ELIDED,1,20557205,55375195,0.271
1,0032,ELIDED,ELIDED,1,15916435,43009865,0.270
1,0033,ELIDED,ELIDED,1,22049313,61496187,0.264
1,0034,ELIDED,ELIDED,1,26015077,69650723,0.272
1,0035,ELIDED,ELIDED,1,34381170,91712130,0.273
1,0036,ELIDED,ELIDED,1,30392120,81485080,0.272
1,0037,ELIDED,ELIDED,1,34,5066,0.007
1,0038,ELIDED,ELIDED,1,26140672,69917828,0.272
1,0039,ELIDED,ELIDED,1,23918978,64653322,0.270
1,0040,ELIDED,ELIDED,1,32377376,87922624,0.269
1,0041,ELIDED,ELIDED,1,20177725,55492475,0.267
1,0042,ELIDED,ELIDED,1,24386206,66497294,0.268
1,0043,ELIDED,ELIDED,1,19821513,53653587,0.270
1,0044,ELIDED,ELIDED,1,22077027,59523873,0.271
1,0045,ELIDED,ELIDED,1,312,9288,0.033
1,0046,ELIDED,ELIDED,1,28252596,76126704,0.271
1,0047,ELIDED,ELIDED,1,1336517,3628483,0.269
1,0048,ELIDED,ELIDED,1,23330533,64340867,0.266
1,0049,ELIDED,ELIDED,1,31052760,85656840,0.266
1,0050,ELIDED,ELIDED,1,23513718,62104182,0.275
1,0051,ELIDED,ELIDED,1,40830192,105810708,0.278
1,0052,ELIDED,ELIDED,1,24862855,67837445,0.268
1,0053,ELIDED,ELIDED,1,30853932,82318968,0.273
1,0054,ELIDED,ELIDED,1,24846602,66753298,0.271
1,0055,ELIDED,ELIDED,1,18945,2903955,0.006
1,0056,ELIDED,ELIDED,1,34500049,91692551,0.273
1,0057,ELIDED,ELIDED,1,0,0,0.000
1,0058,ELIDED,ELIDED,1,20579878,57862922,0.262
1,0059,ELIDED,ELIDED,1,24178247,66449053,0.267
1,0060,ELIDED,ELIDED,1,13466230,37431470,0.265
1,0061,ELIDED,ELIDED,1,18070609,47420591,0.276
1,0062,ELIDED,ELIDED,1,20714571,55011729,0.274
1,0063,ELIDED,ELIDED,1,4498,18002,0.200
1,0064,ELIDED,ELIDED,1,29760738,78955662,0.274
1,0065,ELIDED,ELIDED,1,21281168,55878832,0.276
1,0066,ELIDED,ELIDED,1,13519776,36414624,0.271
1,0067,ELIDED,ELIDED,1,1265,235,0.843
1,0068,ELIDED,ELIDED,1,25928387,71637313,0.266
1,0069,ELIDED,ELIDED,1,17508826,48496274,0.265
1,0070,ELIDED,ELIDED,1,20211867,53776533,0.273
1,0071,ELIDED,ELIDED,1,12257323,33739577,0.266
1,0072,ELIDED,ELIDED,1,19270007,51273193,0.273
1,0073,ELIDED,ELIDED,1,18830582,49113718,0.277
1,0074,ELIDED,ELIDED,1,18041062,48268238,0.272
1,0075,ELIDED,ELIDED,1,3348,852,0.797
1,0076,ELIDED,ELIDED,1,18128133,47897667,0.275
1,0077,ELIDED,ELIDED,1,21015111,56493489,0.271
1,0078,ELIDED,ELIDED,1,17495304,46367796,0.274
1,0079,ELIDED,ELIDED,1,20786423,55282777,0.273
1,0080,ELIDED,ELIDED,1,10624,3176,0.770
1,0081,ELIDED,ELIDED,1,46829307,124798593,0.273
1,0082,ELIDED,ELIDED,1,27564589,72581711,0.275
1,0083,ELIDED,ELIDED,1,31944670,84206030,0.275
1,0084,ELIDED,ELIDED,1,19736058,52798542,0.272
1,0085,ELIDED,ELIDED,1,4587,6513,0.413
1,0086,ELIDED,ELIDED,1,14863261,39751139,0.272
1,0087,ELIDED,ELIDED,1,19003259,51712741,0.269
1,0088,ELIDED,ELIDED,1,15441846,41632554,0.271
1,0089,ELIDED,ELIDED,1,15958445,42304255,0.274
1,0090,ELIDED,ELIDED,1,18910119,44796681,0.297
1,0091,ELIDED,ELIDED,1,7380918,21493182,0.256
1,0092,ELIDED,ELIDED,1,1771,329,0.843
1,0093,ELIDED,ELIDED,1,20191741,54560159,0.270
1,0094,ELIDED,ELIDED,1,14883166,39163334,0.275
1,0095,ELIDED,ELIDED,1,18504036,51012264,0.266
1,0096,ELIDED,ELIDED,1,95929,252671,0.275
1,0097,ELIDED,ELIDED,1,10109015,28300285,0.263
1,0098,ELIDED,ELIDED,1,13970984,37319416,0.272
1,0099,ELIDED,ELIDED,1,1457,343,0.809
1,0100,ELIDED,ELIDED,1,20009499,55958601,0.263
1,0101,ELIDED,ELIDED,1,23203289,64465711,0.265
1,0102,ELIDED,ELIDED,1,18603941,52092259,0.263
1,0103,ELIDED,ELIDED,1,19524477,53318223,0.268
1,0104,ELIDED,ELIDED,1,1282,36518,0.034
1,0105,ELIDED,ELIDED,1,18774093,50153007,0.272
1,0106,ELIDED,ELIDED,1,22897915,61031285,0.273
1,0107,ELIDED,ELIDED,1,22281271,59808629,0.271
1,0108,ELIDED,ELIDED,1,22601339,58925161,0.277
1,0109,ELIDED,ELIDED,1,3491,520309,0.007
1,0110,ELIDED,ELIDED,1,23625169,64812431,0.267
1,0111,ELIDED,ELIDED,1,17437753,46089947,0.274
1,0112,ELIDED,ELIDED,1,20967501,55809099,0.273
1,0113,ELIDED,ELIDED,1,15514942,41544458,0.272
1,0114,ELIDED,ELIDED,1,16125086,44247514,0.267
1,0115,ELIDED,ELIDED,1,18945759,50234841,0.274
1,0116,ELIDED,ELIDED,1,12953603,36546997,0.262
1,0117,ELIDED,ELIDED,1,17228918,45789382,0.273
1,0118,ELIDED,ELIDED,1,15337399,41609201,0.269
1,0119,ELIDED,ELIDED,1,21361993,57784007,0.270
1,0120,ELIDED,ELIDED,1,171182,5351818,0.031
1,0121,ELIDED,ELIDED,1,17055729,45838671,0.271
1,0122,ELIDED,ELIDED,1,15464974,40974326,0.274
1,0123,ELIDED,ELIDED,1,18401758,49832642,0.270
1,0124,ELIDED,ELIDED,1,15739889,43049011,0.268
1,0125,ELIDED,ELIDED,1,22763,397237,0.054
1,0126,ELIDED,ELIDED,1,26299147,70176653,0.273
1,0127,ELIDED,ELIDED,1,16189470,44391030,0.267
1,0128,ELIDED,ELIDED,1,19527997,51590303,0.275
1,0129,ELIDED,ELIDED,1,15861767,42921133,0.270
1,0130,ELIDED,ELIDED,1,4448,1552,0.741
1,0131,ELIDED,ELIDED,1,24618311,66342889,0.271
1,0132,ELIDED,ELIDED,1,27462038,73180462,0.273
1,0133,ELIDED,ELIDED,1,19075393,51083507,0.272
1,0134,ELIDED,ELIDED,1,13032588,34232412,0.276
1,0135,ELIDED,ELIDED,1,2313867,6085233,0.275
1,0136,ELIDED,ELIDED,1,24078050,66200050,0.267
1,0137,ELIDED,ELIDED,1,28819778,78332122,0.269
1,0138,ELIDED,ELIDED,1,25334314,68603786,0.270
1,0139,ELIDED,ELIDED,1,26162063,70612537,0.270
1,0140,ELIDED,ELIDED,1,16347896,45579304,0.264
1,0141,ELIDED,ELIDED,1,21687704,58211296,0.271
1,0142,ELIDED,ELIDED,1,15455280,41371620,0.272
1,0143,ELIDED,ELIDED,1,21798112,57756488,0.274
1,0144,ELIDED,ELIDED,1,25901683,70050917,0.270
1,0145,ELIDED,ELIDED,1,17475564,47549736,0.269
1,0146,ELIDED,ELIDED,1,15287534,42598666,0.264
1,0147,ELIDED,ELIDED,1,19166229,52121871,0.269
1,0148,ELIDED,ELIDED,1,7911,2589,0.753
1,0149,ELIDED,ELIDED,1,15501888,42030312,0.269
1,0150,ELIDED,ELIDED,1,24300110,65349790,0.271
1,0151,ELIDED,ELIDED,1,21193364,57151636,0.271
1,0152,ELIDED,ELIDED,1,41911958,112135942,0.272
1,0153,ELIDED,ELIDED,1,29830833,80380767,0.271
1,0154,ELIDED,ELIDED,1,1316,5884,0.183
1,0155,ELIDED,ELIDED,1,2583688,7109912,0.267
1,0156,ELIDED,ELIDED,1,19447741,53414759,0.267
1,0157,ELIDED,ELIDED,1,13814042,38906758,0.262
1,0158,ELIDED,ELIDED,1,27603990,76134510,0.266
1,0159,ELIDED,ELIDED,1,5069027,18213373,0.218
1,0160,ELIDED,ELIDED,1,23665177,62999723,0.273
1,0161,ELIDED,ELIDED,1,16423163,45909637,0.263
1,0162,ELIDED,ELIDED,1,1519,281,0.844
1,0163,ELIDED,ELIDED,1,16726748,48393652,0.257
1,0164,ELIDED,ELIDED,1,14199011,39617989,0.264
1,0165,ELIDED,ELIDED,1,14432137,39527363,0.267
1,0166,ELIDED,ELIDED,1,15041319,39786981,0.274
1,0167,ELIDED,ELIDED,1,18299212,51033788,0.264
1,0168,ELIDED,ELIDED,1,18600559,50818241,0.268
1,0169,ELIDED,ELIDED,1,16355008,44187992,0.270
1,0170,ELIDED,ELIDED,1,17629670,47299330,0.272
1,0171,ELIDED,ELIDED,1,17416755,47068845,0.270
1,0172,ELIDED,ELIDED,1,6215,894085,0.007
1,0173,ELIDED,ELIDED,1,15781483,43163417,0.268
1,0174,ELIDED,ELIDED,1,14927844,41779056,0.263
1,0175,ELIDED,ELIDED,1,12352233,34516167,0.264
1,0176,ELIDED,ELIDED,1,11480870,31645630,0.266
1,0177,ELIDED,ELIDED,1,8397353,21955747,0.277
1,0178,ELIDED,ELIDED,1,18454934,49432666,0.272
1,0179,ELIDED,ELIDED,1,25244829,66812271,0.274
1,0180,ELIDED,ELIDED,1,17377689,46336011,0.273
1,0181,ELIDED,ELIDED,1,17818824,47342076,0.273
1,0182,ELIDED,ELIDED,1,2340,23760,0.090
1,0183,ELIDED,ELIDED,1,4415,13885,0.241
1,0184,ELIDED,ELIDED,1,10530346,29819954,0.261
1,0185,ELIDED,ELIDED,1,12120254,33765046,0.264
1,0186,ELIDED,ELIDED,1,13248382,35832818,0.270
1,0187,ELIDED,ELIDED,1,15961966,42904034,0.271
1,0188,ELIDED,ELIDED,1,18215,273385,0.062
1,0189,ELIDED,ELIDED,1,8384024,23983876,0.259
1,0190,ELIDED,ELIDED,1,16930724,47411476,0.263
1,0191,ELIDED,ELIDED,1,9841264,27816236,0.261
1,0192,ELIDED,ELIDED,1,534,66,0.890
1,0193,ELIDED,ELIDED,1,14453215,39511085,0.268
1,0194,ELIDED,ELIDED,1,24640401,65448399,0.274
1,0195,ELIDED,ELIDED,1,22266,4134,0.843
1,0196,ELIDED,ELIDED,1,28883711,75007189,0.278
1,0197,ELIDED,ELIDED,1,21789397,57963503,0.273
1,0198,ELIDED,ELIDED,1,26386378,68701922,0.277
1,0199,ELIDED,ELIDED,1,19923362,52456438,0.275
1,0200,ELIDED,ELIDED,1,0,0,0.000
1,0201,ELIDED,ELIDED,1,20497731,54663069,0.273
1,0202,ELIDED,ELIDED,1,23403264,63301536,0.270
1,0203,ELIDED,ELIDED,1,22229150,58941850,0.274
1,0204,ELIDED,ELIDED,1,20238651,54618549,0.270
1,0205,ELIDED,ELIDED,1,9050047,29745053,0.233
1,0206,ELIDED,ELIDED,1,23257484,64337716,0.266
1,0207,ELIDED,ELIDED,1,19076432,53448868,0.263
1,0208,ELIDED,ELIDED,1,14767555,44458745,0.249
1,0209,ELIDED,ELIDED,1,11951,2749,0.813
1,0210,ELIDED,ELIDED,1,26306382,69728718,0.274
1,0211,ELIDED,ELIDED,1,6790,43010,0.136
1,0212,ELIDED,ELIDED,1,13445220,36369780,0.270
1,0213,ELIDED,ELIDED,1,22476786,59314914,0.275
1,0214,ELIDED,ELIDED,1,17582365,46044035,0.276
1,0215,ELIDED,ELIDED,1,11817093,34294707,0.256
1,0216,ELIDED,ELIDED,1,18765947,51555553,0.267
1,0217,ELIDED,ELIDED,1,28409714,75686386,0.273
1,0218,ELIDED,ELIDED,1,34342258,90931442,0.274
1,0219,ELIDED,ELIDED,1,5664,1536,0.787
1,0220,ELIDED,ELIDED,1,25499962,65829638,0.279
1,0221,ELIDED,ELIDED,1,2879495,6887305,0.295
1,0222,ELIDED,ELIDED,1,24671207,63992293,0.278
1,0223,ELIDED,ELIDED,1,26443664,69286036,0.276
1,0224,ELIDED,ELIDED,1,20121301,53258699,0.274
1,0225,ELIDED,ELIDED,1,21946528,60025472,0.268
1,0226,ELIDED,ELIDED,1,25662752,70351048,0.267
1,0227,ELIDED,ELIDED,1,29935903,81441797,0.269
1,0228,ELIDED,ELIDED,1,31676414,86069086,0.269
1,0229,ELIDED,ELIDED,1,233354,542746,0.301
1,0230,ELIDED,ELIDED,1,33313066,90161534,0.270
1,0231,ELIDED,ELIDED,1,30239880,82319820,0.269
1,0232,ELIDED,ELIDED,1,12950996,38364904,0.252
1,0233,ELIDED,ELIDED,1,27969397,74405003,0.273
1,0234,ELIDED,ELIDED,1,16908578,45101422,0.273
1,0235,ELIDED,ELIDED,1,26983314,69515886,0.280
1,0236,ELIDED,ELIDED,1,23344388,62243212,0.273
1,0237,ELIDED,ELIDED,1,21148075,57551225,0.269
1,0238,ELIDED,ELIDED,1,464,436,0.516
1,0239,ELIDED,ELIDED,1,21694511,58655389,0.270
1,0240,ELIDED,ELIDED,1,18738890,49725910,0.274
1,0241,ELIDED,ELIDED,1,21253474,58157426,0.268
1,0242,ELIDED,ELIDED,1,13577299,38226401,0.262
1,0243,ELIDED,ELIDED,1,23097353,61411747,0.273
1,0244,ELIDED,ELIDED,1,22331026,60792374,0.269
1,0245,ELIDED,ELIDED,1,32155672,87520928,0.269
1,0246,ELIDED,ELIDED,1,6607,1493,0.816
1,0247,ELIDED,ELIDED,1,3146285,8696515,0.266
1,0248,ELIDED,ELIDED,1,8935495,28352105,0.240
1,0249,ELIDED,ELIDED,1,7735188,24937812,0.237
1,0250,ELIDED,ELIDED,1,10633766,33107134,0.243
1,0251,ELIDED,ELIDED,1,15330462,40507938,0.275
1,0252,ELIDED,ELIDED,1,43372,689228,0.059
1,0253,ELIDED,ELIDED,1,19822936,53281964,0.271
1,0254,ELIDED,ELIDED,1,16555756,46646744,0.262
1,0255,ELIDED,ELIDED,1,19502479,54043121,0.265
1,0256,ELIDED,ELIDED,1,21768267,59381733,0.268
1,0257,ELIDED,ELIDED,1,21658384,61692716,0.260
1,0258,ELIDED,ELIDED,1,15117241,44724659,0.253
1,0259,ELIDED,ELIDED,1,18591173,48154327,0.279
1,0260,ELIDED,ELIDED,1,11946795,32970705,0.266
1,0261,ELIDED,ELIDED,1,18640934,49010866,0.276
1,0262,ELIDED,ELIDED,1,28512212,73421788,0.280
1,0263,ELIDED,ELIDED,1,24142131,68532969,0.261
1,0264,ELIDED,ELIDED,1,19436531,57889969,0.251
1,0265,ELIDED,ELIDED,1,28311246,76387854,0.270
1,0266,ELIDED,ELIDED,1,135764,361036,0.273
1,0267,ELIDED,ELIDED,1,7876,15524,0.337
1,0268,ELIDED,ELIDED,1,14341434,38107866,0.273
1,0269,ELIDED,ELIDED,1,19885904,52739296,0.274
1,0270,ELIDED,ELIDED,1,19385470,51537830,0.273
1,0271,ELIDED,ELIDED,1,506,94,0.843
1,0272,ELIDED,ELIDED,1,18156114,49836786,0.267
1,0273,ELIDED,ELIDED,1,880321,2388179,0.269
1,0274,ELIDED,ELIDED,1,16026622,44167178,0.266
1,0275,ELIDED,ELIDED,1,11710475,33338425,0.260
1,0276,ELIDED,ELIDED,1,16433420,45966280,0.263
1,0277,ELIDED,ELIDED,1,15537119,44860981,0.257
1,0278,ELIDED,ELIDED,1,1604,14296,0.101
1,0279,ELIDED,ELIDED,1,16606499,46974301,0.261
1,0280,ELIDED,ELIDED,1,19012181,51589219,0.269
1,0281,ELIDED,ELIDED,1,22042105,59960195,0.269
1,0282,ELIDED,ELIDED,1,18895016,50553184,0.272
1,0283,ELIDED,ELIDED,1,15408229,43026971,0.264
1,0284,ELIDED,ELIDED,1,22138917,60940983,0.266
1,0285,ELIDED,ELIDED,1,18288797,48453103,0.274
1,0286,ELIDED,ELIDED,1,21811965,57525135,0.275
1,0287,ELIDED,ELIDED,1,25943513,70053787,0.270
1,0288,ELIDED,ELIDED,1,0,0,0.000
1,0289,ELIDED,ELIDED,1,28849646,61015054,0.321
1,0290,ELIDED,ELIDED,1,26231242,66083258,0.284
1,0291,ELIDED,ELIDED,1,33098169,78332931,0.297
1,0292,ELIDED,ELIDED,1,26763791,67975909,0.282
1,0293,ELIDED,ELIDED,1,32373895,81619505,0.284
1,0294,ELIDED,ELIDED,1,25662001,66739499,0.278
1,0295,ELIDED,ELIDED,1,50309541,114757059,0.305
1,0296,ELIDED,ELIDED,1,48023792,118575808,0.288
1,0297,ELIDED,ELIDED,1,35797119,89685681,0.285
1,0298,ELIDED,ELIDED,1,40624449,100687551,0.287
1,0299,ELIDED,ELIDED,1,38578947,90627453,0.299
1,0300,ELIDED,ELIDED,1,38394954,92168346,0.294
1,0301,ELIDED,ELIDED,1,40408874,94728526,0.299
1,0302,ELIDED,ELIDED,1,45654551,104340949,0.304
1,0303,ELIDED,ELIDED,1,38527208,92878192,0.293
1,0304,ELIDED,ELIDED,1,40487891,95331409,0.298
1,0305,ELIDED,ELIDED,1,45362369,104423431,0.303
1,0306,ELIDED,ELIDED,1,31206908,70549492,0.307
1,0307,ELIDED,ELIDED,1,19170630,44807670,0.300
1,0308,ELIDED,ELIDED,1,16993609,46072391,0.269
1,0309,ELIDED,ELIDED,1,24150622,63071078,0.277
1,0310,ELIDED,ELIDED,1,18047318,43434082,0.294
1,0311,ELIDED,ELIDED,1,45669012,100097388,0.313
1,0312,ELIDED,ELIDED,1,37240645,85090055,0.304
1,0313,ELIDED,ELIDED,1,31559922,73024278,0.302
1,0314,ELIDED,ELIDED,1,23254107,54865293,0.298
1,0315,ELIDED,ELIDED,1,26023243,66824057,0.280
1,0316,ELIDED,ELIDED,1,16674713,41463187,0.287
1,0317,ELIDED,ELIDED,1,24832984,60244916,0.292
1,0318,ELIDED,ELIDED,1,20211821,47835679,0.297
1,0319,ELIDED,ELIDED,1,32361673,76929527,0.296
1,0320,ELIDED,ELIDED,1,38602740,92337360,0.295
1,0321,ELIDED,ELIDED,1,33839414,81250186,0.294
1,0322,ELIDED,ELIDED,1,24233559,60245541,0.287
1,0323,ELIDED,ELIDED,1,26609236,60206264,0.307
1,0324,ELIDED,ELIDED,1,25195544,56779156,0.307
1,0325,ELIDED,ELIDED,1,20164069,46525331,0.302
1,0326,ELIDED,ELIDED,1,21171234,53630166,0.283
1,0327,ELIDED,ELIDED,1,23748720,58776480,0.288
1,0328,ELIDED,ELIDED,1,22046951,52829749,0.294
1,0329,ELIDED,ELIDED,1,18497432,48655768,0.275
1,0330,ELIDED,ELIDED,1,14818677,38345823,0.279
1,0331,ELIDED,ELIDED,1,46076905,109606295,0.296
1,0332,ELIDED,ELIDED,1,43499800,108496400,0.286
1,0333,ELIDED,ELIDED,1,41025533,99708367,0.292
1,0334,ELIDED,ELIDED,1,27291667,71315933,0.277
1,0335,ELIDED,ELIDED,1,25145570,62077630,0.288
1,0336,ELIDED,ELIDED,1,51226503,116588997,0.305
1,0337,ELIDED,ELIDED,1,30602876,73783324,0.293
1,0338,ELIDED,ELIDED,1,37298254,89659946,0.294
1,0339,ELIDED,ELIDED,1,47358083,112678717,0.296
1,0340,ELIDED,ELIDED,1,56707869,126279231,0.310
1,0341,ELIDED,ELIDED,1,31029638,72902962,0.299
1,0342,ELIDED,ELIDED,1,53752,16748,0.762
1,0343,ELIDED,ELIDED,1,27197973,60779427,0.309
1,0344,ELIDED,ELIDED,1,20780903,49431097,0.296
1,0345,ELIDED,ELIDED,1,41349824,100551076,0.291
1,0346,ELIDED,ELIDED,1,31957337,75218563,0.298
1,0347,ELIDED,ELIDED,1,28583935,73573265,0.280
1,0348,ELIDED,ELIDED,1,29873179,69004121,0.302
1,0349,ELIDED,ELIDED,1,24462453,65004747,0.273
1,0350,ELIDED,ELIDED,1,18734625,50773575,0.270
1,0351,ELIDED,ELIDED,1,24303991,66885809,0.267
1,0352,ELIDED,ELIDED,1,21451567,60155933,0.263
1,0353,ELIDED,ELIDED,1,15820970,38842330,0.289
1,0354,ELIDED,ELIDED,1,21006358,49481942,0.298
1,0355,ELIDED,ELIDED,1,34525412,74704288,0.316
1,0356,ELIDED,ELIDED,1,10550367,29454933,0.264
1,0357,ELIDED,ELIDED,1,20,2980,0.007
1,0358,ELIDED,ELIDED,1,11898780,30807720,0.279
1,0359,ELIDED,ELIDED,1,23112,10488,0.688
1,0360,ELIDED,ELIDED,1,3316019,8461081,0.282
1,0361,ELIDED,ELIDED,1,19505672,51052528,0.276
1,0362,ELIDED,ELIDED,1,13573,4427,0.754
1,0363,ELIDED,ELIDED,1,220039,730061,0.232
1,0364,ELIDED,ELIDED,1,2277,423,0.843
1,0365,ELIDED,ELIDED,1,3717706,10441694,0.263
1,0366,ELIDED,ELIDED,1,0,0,0.000
1,0367,ELIDED,ELIDED,1,217931,592069,0.269
1,0368,ELIDED,ELIDED,1,47673,58827,0.448
1,0369,ELIDED,ELIDED,1,27036,5364,0.834
1,0370,ELIDED,ELIDED,1,20447458,53625542,0.276
1,0371,ELIDED,ELIDED,1,92608,42692,0.684
1,0372,ELIDED,ELIDED,1,12561,58839,0.176
1,0373,ELIDED,ELIDED,1,7843,1457,0.843
1,0374,ELIDED,ELIDED,1,36841,9059,0.803
1,0375,ELIDED,ELIDED,1,173850,4808250,0.035
1,0376,ELIDED,ELIDED,1,7177,4523,0.613
1,0377,ELIDED,ELIDED,1,0,0,0.000
1,0378,ELIDED,ELIDED,1,0,0,0.000
1,Undetermined,,,1,793650878,16670260522,0.045
