"","sample_id","raw_f","raw_r","cutadapt_f","cutadapt_r","filtertrim_f","filtertrim_r","dereplicated_f","dereplicated_r","denoised_f","denoised_r","merged","nosingletons","nochimeras","percentraw_retainedby_cutadapt","percent_retained_aftermerge","percent_notsingleton","percent_notchimera","percent_retained_of_raw"
"1","GH001_S1_L001_R1_001",39060,39060,38001,38001,27426,27426,27426,27426,27369,27212,26417,26417,16783,97.2887864823349,96.5216120428222,100,63.53105954499,42.9672299027138
"2","GH002_S2_L001_R1_001",37300,37300,36278,36278,26574,26574,26574,26574,26503,26307,25939,25939,23080,97.2600536193029,97.8719390257707,100,88.9779868152203,61.8766756032172
"3","GH003_S3_L001_R1_001",23571,23571,22871,22871,15680,15680,15680,15680,15566,15455,14802,14802,12487,97.030249034831,95.0918668893743,100,84.3602215916768,52.9761147172373
"4","GH004_S4_L001_R1_001",58823,58823,57401,57401,40275,40275,40275,40275,40146,40037,37655,37655,25206,97.5825782432042,93.7951477108554,100,66.9393174877174,42.8505856552709
"5","GH005_S5_L001_R1_001",41931,41931,40876,40876,29365,29365,29365,29365,29212,29152,28107,28107,18528,97.4839617466791,96.2173079556347,100,65.9195218273028,44.1868784431566
"6","GH006_S6_L001_R1_001",20434,20434,19899,19899,14386,14386,14386,14386,14326,14273,14019,14019,11613,97.3818146226877,97.8570431383499,100,82.8375775732934,56.8317510032299
"7","GH007_S7_L001_R1_001",27541,27541,26879,26879,19289,19289,19289,19289,19243,19150,18442,18442,16606,97.5963109545768,95.8374473834641,100,90.044463724108,60.2955593478813
"8","GH008_S8_L001_R1_001",39718,39718,38574,38574,26517,26517,26517,26517,26329,26269,24977,24977,17737,97.1196938415832,94.8649777811539,100,71.0133322656844,44.6573342061534
"9","GH009_S9_L001_R1_001",75916,75916,73987,73987,52785,52785,52785,52785,52712,52513,49803,49803,41789,97.4590336687918,94.4813325239035,100,83.9085998835412,55.0463670372517
"10","GH010_S10_L001_R1_001",134289,134289,130867,130867,89428,89428,89428,89428,89370,89155,83342,83342,65133,97.4517644781032,93.2550072731342,100,78.1514722468863,48.5021111185577
"11","GH011_S11_L001_R1_001",63659,63659,62041,62041,44397,44397,44397,44397,44322,44156,42588,42588,35716,97.4583326788043,96.0877216732097,100,83.8639992486146,56.1051854411788
"12","GH012_S12_L001_R1_001",79032,79032,77063,77063,53302,53302,53302,53302,53217,53175,50565,50565,37017,97.5086041097277,95.0166300242404,100,73.2067635716405,46.8379896750683
"13","GH013_S13_L001_R1_001",88924,88924,86602,86602,66952,66952,66952,66952,66827,66654,63168,63168,52700,97.3887814313346,94.5246681730438,100,83.4283181357649,59.2640906841797
"14","GH014_S14_L001_R1_001",93118,93118,90841,90841,70102,70102,70102,70102,70028,69788,65300,65300,32981,97.5547155222406,93.2484149197464,100,50.5068912710567,35.4185012564703
"15","GH015_S15_L001_R1_001",32134,32134,31277,31277,24685,24685,24685,24685,24617,24488,22833,22833,19825,97.3330428829277,92.7529755859772,100,86.8260850523365,61.6947781166366
"16","GH016_S16_L001_R1_001",140963,140963,137243,137243,97495,97495,97495,97495,97362,96874,89850,89850,67818,97.3610096266396,92.2844641646638,100,75.4791318864775,48.1104970807943
"17","GH017_S17_L001_R1_001",53407,53407,52064,52064,35854,35854,35854,35854,35630,35634,33668,33668,21412,97.4853483625742,94.4934044344653,100,63.5974812878698,40.092122755444
"18","GH018_S18_L001_R1_001",24588,24588,23932,23932,16081,16081,16081,16081,15922,15892,14479,14479,10286,97.3320318854726,90.9370682075116,100,71.0408177360315,41.8334146738246
"19","GH019_S19_L001_R1_001",148938,148938,145138,145138,112731,112731,112731,112731,112502,111671,105488,105488,92022,97.4486027743088,93.7654441698814,100,87.2345669649628,61.7854409217258
"20","GH020_S20_L001_R1_001",125325,125325,122513,122513,93989,93989,93989,93989,93741,93447,88981,88981,76608,97.7562337921404,94.9221791958695,100,86.0947842797901,61.1274685816876
"21","GH021_S21_L001_R1_001",110291,110291,107442,107442,84309,84309,84309,84309,84118,83566,79746,79746,68017,97.4168336491645,94.8025392900449,100,85.2920522659444,61.6704898858474
"22","GH022_S22_L001_R1_001",185340,185340,180660,180660,143032,143032,143032,143032,142711,141904,134776,134776,114555,97.4749109744254,94.4398119276019,100,84.9965869294236,61.8080284881839
"23","GH023_S23_L001_R1_001",193850,193850,188876,188876,148865,148865,148865,148865,148570,147784,141115,141115,118305,97.4340985297911,94.9821632900316,100,83.8358785387804,61.0291462470983
"24","GH024_S24_L001_R1_001",198185,198185,193212,193212,148852,148852,148852,148852,148524,147848,140690,140690,118690,97.4907283598658,94.7254315800813,100,84.3627834245504,59.8884880288619
"25","GH025_S25_L001_R1_001",337780,337780,329171,329171,262245,262245,262245,262245,261886,261364,245554,245554,235534,97.4512996625022,93.7636987085984,100,95.9194311638173,69.7300017763041
"26","GH026_S26_L001_R1_001",229786,229786,223987,223987,176914,176914,176914,176914,176121,176139,165519,165519,159285,97.4763475581628,93.9802749246257,100,96.2336650173092,69.3188444900908
"27","GH027_S27_L001_R1_001",184914,184914,180183,180183,143188,143188,143188,143188,142768,142233,136077,136077,122257,97.4415133521529,95.3133755463409,100,89.8439853906244,66.1155996841775
"28","GH028_S28_L001_R1_001",189661,189661,184849,184849,135827,135827,135827,135827,135322,134540,128351,128351,96479,97.4628415963219,94.8485833789037,100,75.1680937429393,50.8691823833049
"29","GH029_S29_L001_R1_001",84071,84071,81876,81876,59033,59033,59033,59033,58883,58643,57884,57884,57884,97.3891115842562,98.3034152471851,100,100,68.8513280441532
"30","GH030_S30_L001_R1_001",166934,166934,162818,162818,120711,120711,120711,120711,120407,119785,116533,116533,97811,97.5343548947488,96.7825790859335,100,83.934164571409,58.5926174416236
"31","GH031_S31_L001_R1_001",84579,84579,82468,82468,65015,65015,65015,65015,64867,64504,61421,61421,47149,97.5041085848733,94.6875915334454,100,76.7636476123801,55.7455160264368
"32","GH032_S32_L001_R1_001",186107,186107,181378,181378,136866,136866,136866,136866,136598,135673,128598,128598,105722,97.4589886463164,94.1433988784609,100,82.2112319009627,56.8071055897951
"33","GH033_S33_L001_R1_001",73199,73199,71284,71284,53959,53959,53959,53959,53842,53520,52213,52213,45021,97.3838440415853,96.9744808885257,100,86.2256526152491,61.5049385920573
"34","GH034_S34_L001_R1_001",79693,79693,77644,77644,57810,57810,57810,57810,57645,57272,54884,54884,48230,97.4288833398165,95.2103391447654,100,87.8762480868741,60.5197445195939
"35","GH035_S35_L001_R1_001",104794,104794,102162,102162,77152,77152,77152,77152,76919,76374,72803,72803,65366,97.488405824761,94.6489163925688,100,89.7847616169663,62.3757085329313
"36","GH036_S36_L001_R1_001",70926,70926,69039,69039,51427,51427,51427,51427,51220,50974,49068,49068,40441,97.3394805853989,95.7985162046076,100,82.4182766772642,57.0185827482165
"37","GH037_S37_L001_R1_001",67780,67780,66061,66061,51647,51647,51647,51647,51568,51242,48867,48867,42196,97.4638536441428,94.7622556624263,100,86.3486606503366,62.2543523163175
"38","GH038_S38_L001_R1_001",152580,152580,148772,148772,117403,117403,117403,117403,117136,116540,112157,112157,94119,97.5042600602962,95.749385329873,100,83.9171875139314,61.6850176956351
"39","GH039_S39_L001_R1_001",265574,265574,259054,259054,207407,207407,207407,207407,206739,206157,195942,195942,169076,97.5449403932614,94.7774730457243,100,86.2887997468639,63.6643647344996
"40","GH040_S40_L001_R1_001",187287,187287,182632,182632,139511,139511,139511,139511,139200,138246,132160,132160,109426,97.5145098164849,94.9425287356322,100,82.7981234866828,58.4269062988889
"41","GH041_S41_L001_R1_001",271514,271514,264945,264945,209447,209447,209447,209447,209123,208543,197258,197258,185928,97.5806035784527,94.3263055713623,100,94.2562532318081,68.4782368496652
"42","GH042_S42_L001_R1_001",241488,241488,235335,235335,181778,181778,181778,181778,181273,180097,171059,171059,143169,97.4520473066985,94.3654046658907,100,83.6956839453054,59.2861757105943
"43","GH043_S43_L001_R1_001",436360,436360,425402,425402,329327,329327,329327,329327,328113,326884,306159,306159,275318,97.4887707397562,93.3090124438837,100,89.9264761120856,63.0942341186177
"44","GH045_S45_L001_R1_001",165875,165875,161620,161620,126285,126285,126285,126285,125950,125441,117056,117056,107848,97.4348153730218,92.9384676458912,100,92.1336796063423,65.0176337603617
"45","GH046_S46_L001_R1_001",96126,96126,93659,93659,66924,66924,66924,66924,66799,66578,63043,63043,48116,97.4335767638308,94.3771613347505,100,76.3225100328347,50.0551359673762
"46","GH047_S47_L001_R1_001",3329,3329,3164,3164,2028,2028,2028,2028,1939,1861,1803,1803,1514,95.0435566236107,92.9860752965446,100,83.9711591791459,45.4791228597176
"47","GH048_S48_L001_R1_001",27657,27657,26940,26940,19237,19237,19237,19237,19166,19043,18436,18436,14863,97.4075279314459,96.1911718668475,100,80.6194402256455,53.7404635354521
"48","GH049_S49_L001_R1_001",247476,247476,241075,241075,177116,177116,177116,177116,176666,175915,167262,167262,141077,97.4134865603129,94.676961045136,100,84.344919945953,57.0063359679322
"49","GH050_S50_L001_R1_001",96158,96158,93659,93659,69664,69664,69664,69664,69358,69101,66555,66555,59139,97.4011522702219,95.9586493266819,100,88.8573360378634,61.5019031177853
"50","GH051_S51_L001_R1_001",87650,87650,85343,85343,63009,63009,63009,63009,62677,62471,61230,61230,55401,97.3679406731318,97.6913381304147,100,90.4801567858893,63.2070735881346
"51","GH052_S52_L001_R1_001",1529,1529,1495,1495,458,458,458,458,382,273,225,225,225,97.7763243950294,58.9005235602094,100,100,14.7155003270111
"52","GH053_S53_L001_R1_001",106778,106778,104132,104132,78441,78441,78441,78441,78335,77829,76197,76197,71610,97.5219614527337,97.2706963681624,100,93.980077955825,67.0643765569687
"53","GH054_S54_L001_R1_001",105314,105314,102646,102646,77059,77059,77059,77059,76957,76462,74042,74042,68991,97.4666236207912,96.2121704328391,100,93.1781961589368,65.5098087623678
"54","GH055_S55_L001_R1_001",276398,276398,269364,269364,205849,205849,205849,205849,205651,204643,193756,193756,171981,97.4551190674318,94.2159289281355,100,88.761638349264,62.2222302621582
"55","GH056_S56_L001_R1_001",312463,312463,304427,304427,226533,226533,226533,226533,226196,225123,214572,214572,196198,97.4281754959787,94.8610939185485,100,91.4369069589695,62.7907944300605
"56","GH057_S57_L001_R1_001",192031,192031,187286,187286,139145,139145,139145,139145,138825,138286,131778,131778,115164,97.5290447896433,94.9238249594814,100,87.3924327277694,59.9715670907301
"57","GH058_S58_L001_R1_001",37299,37299,36366,36366,26835,26835,26835,26835,26551,26389,25327,25327,23149,97.4985924555618,95.3900041429701,100,91.4004816993722,62.0633260945334
"58","GH059_S59_L001_R1_001",5598,5598,5408,5408,3876,3876,3876,3876,3832,3770,2353,2353,2353,96.605930689532,61.4039665970772,100,100,42.0328688817435
"59","GH060_S60_L001_R1_001",8213,8213,8001,8001,5591,5591,5591,5591,5533,5506,5428,5428,5428,97.418726409351,98.1022953189951,100,100,66.0903445756727
"60","GH061_S61_L001_R1_001",47302,47302,46112,46112,34713,34713,34713,34713,34574,34148,32867,32867,24858,97.4842501374149,95.0627639266501,100,75.6320929808014,52.5516891463363
"61","GH062_S62_L001_R1_001",12959,12959,12576,12576,8672,8672,8672,8672,8564,8481,8135,8135,7795,97.0445250405124,94.9906585707613,100,95.820528580209,60.1512462381357
"62","GH063_S63_L001_R1_001",36841,36841,35848,35848,26205,26205,26205,26205,26028,25919,25497,25497,20045,97.304633424717,97.9598893499308,100,78.6170922069263,54.40948942754
"63","GH064_S64_L001_R1_001",216102,216102,210588,210588,163574,163574,163574,163574,162957,162456,154726,154726,150614,97.4484271316323,94.9489742692858,100,97.3423988211419,69.6957918020194
"64","GH065_S65_L001_R1_001",477488,477488,465567,465567,348312,348312,348312,348312,347657,346188,327657,327657,295820,97.50339275542,94.2472034217634,100,90.2834366425866,61.9533894045505
"65","GH066_S66_L001_R1_001",507332,507332,494280,494280,374495,374495,374495,374495,373985,372073,349890,349890,309893,97.4273256959939,93.5572282310788,100,88.5686930178056,61.0828806383197
"66","GH067_S67_L001_R1_001",308581,308581,300775,300775,223478,223478,223478,223478,222410,221611,207546,207546,178827,97.4703562435795,93.3168472640619,100,86.1625856436645,57.9513968779672
"67","GH068_S68_L001_R1_001",232173,232173,226183,226183,166484,166484,166484,166484,166162,164955,155125,155125,128350,97.4200273072235,93.3576870764675,100,82.7397260273973,55.282052607323
"68","GH069_S69_L001_R1_001",573689,573689,559052,559052,418714,418714,418714,418714,417983,415359,391668,391668,325770,97.4486176308069,93.7042894088994,100,83.1750359998775,56.7851222526491
"69","GH070_S70_L001_R1_001",323754,323754,315466,315466,224414,224414,224414,224414,224043,222875,212762,212762,164059,97.4400316289529,94.9648058631602,100,77.1091642304547,50.6739685069528
"70","GH071_S71_L001_R1_001",11670,11670,11382,11382,7189,7189,7189,7189,7086,6970,6701,6701,5606,97.5321336760925,94.5667513406718,100,83.6591553499478,48.0377035132819
"71","GH072_S72_L001_R1_001",35844,35844,34909,34909,23948,23948,23948,23948,23842,23441,21991,21991,19694,97.3914741658297,92.2363895646338,100,89.5548178800418,54.9436446825131
"72","GH073_S73_L001_R1_001",56929,56929,55527,55527,41990,41990,41990,41990,41884,41487,39343,39343,34658,97.5372832826855,93.9332441982619,100,88.0919096154335,60.8793409334434
"73","GH074_S74_L001_R1_001",346978,346978,338124,338124,254558,254558,254558,254558,254267,252873,232495,232495,142520,97.4482532033731,91.4373473553391,100,61.3002430159788,41.0746502660111
"74","GH075_S75_L001_R1_001",62431,62431,60820,60820,44078,44078,44078,44078,43829,43555,41986,41986,37524,97.4195511845077,95.7950215610669,100,89.3726480255323,60.1047556502379
"75","GH076_S76_L001_R1_001",212482,212482,207000,207000,157427,157427,157427,157427,157073,156340,149893,149893,135137,97.4200167543604,95.4288770189657,100,90.1556443596432,63.5992695851884
"76","GH077_S77_L001_R1_001",292908,292908,285426,285426,218912,218912,218912,218912,218431,217000,206135,206135,179341,97.4456143225859,94.370762391785,100,87.0017221723628,61.2277575211329
"77","GH078_S78_L001_R1_001",272835,272835,265852,265852,206083,206083,206083,206083,205779,204481,195584,195584,170391,97.4405776384995,95.0456557763426,100,87.1190894960733,62.4520314475782
"78","GH079_S79_L001_R1_001",196809,196809,191818,191818,150339,150339,150339,150339,150097,149203,142813,142813,126933,97.4640387380658,95.1471381839744,100,88.8805640943051,64.4955261192324
"79","GH080_S80_L001_R1_001",357161,357161,348093,348093,267707,267707,267707,267707,267344,266244,251629,251629,226712,97.46108897668,94.1218056137411,100,90.0977232353981,63.4761354123211
"80","GH081_S81_L001_R1_001",307155,307155,299426,299426,226067,226067,226067,226067,225698,224477,214792,214792,188986,97.4836808777327,95.1678792014107,100,87.9855860553466,61.5278930832967
"81","GH082_S82_L001_R1_001",143868,143868,140072,140072,101030,101030,101030,101030,100726,100224,97070,97070,73142,97.3614702366058,96.3703512499255,100,75.3497476048213,50.8396585759168
"82","GH083_S83_L001_R1_001",209835,209835,204340,204340,148678,148678,148678,148678,148332,147498,142383,142383,114598,97.381275764291,95.9894021519295,100,80.4857321449892,54.6133867086044
"83","GH084_S84_L001_R1_001",86659,86659,84376,84376,61095,61095,61095,61095,60979,60425,58035,58035,49616,97.3655361820469,95.1721084307712,100,85.493236839838,57.2542955723006
"84","GH085_S85_L001_R1_001",45297,45297,44086,44086,33637,33637,33637,33637,33538,33291,31527,31527,23570,97.3265337660331,94.003816566283,100,74.761315697656,52.0343510607767
"85","GH086_S86_L001_R1_001",29380,29380,28631,28631,22149,22149,22149,22149,22066,21842,20337,20337,17158,97.4506466984343,92.164415843379,100,84.3683925849437,58.4002722940776
"86","GH087_S87_L001_R1_001",29173,29173,28388,28388,21949,21949,21949,21949,21868,21651,20900,20900,17951,97.3091557261852,95.5734406438632,100,85.88995215311,61.5329242792994
"87","GH088_S88_L001_R1_001",349598,349598,340782,340782,261205,261205,261205,261205,260908,259573,245051,245051,220289,97.4782464430575,93.922378769528,100,89.8951646800054,63.0120881698408
"88","GH089_S89_L001_R1_001",445471,445471,434220,434220,330736,330736,330736,330736,329977,328393,310257,310257,279776,97.4743586002231,94.0238259030175,100,90.175564129093,62.8045372201557
"89","GH090_S90_L001_R1_001",474129,474129,461747,461747,351699,351699,351699,351699,350307,348069,329592,329592,290959,97.3884744447186,94.0866154544442,100,88.2785383140368,61.3670541139648
"90","GH091_S91_L001_R1_001",380267,380267,370729,370729,283762,283762,283762,283762,283315,282108,265604,265604,236853,97.4917623669685,93.7486543246916,100,89.175238324724,62.2859727507252
"91","GH092_S92_L001_R1_001",272531,272531,265521,265521,203869,203869,203869,203869,203530,202074,190680,190680,165053,97.4278155512584,93.6864344322704,100,86.5602055800294,60.5630185189942
"92","GH093_S93_L001_R1_001",515424,515424,502168,502168,382687,382687,382687,382687,381940,379802,359450,359450,307032,97.4281368349165,94.1116405718176,100,85.4171651133676,59.568821009499
"93","GH094_S94_L001_R1_001",435447,435447,424355,424355,330179,330179,330179,330179,329362,328146,311143,311143,281456,97.4527324794981,94.4683964756104,100,90.458727980382,64.6361095609799
"94","GH095_S95_L001_R1_001",466985,466985,455462,455462,360195,360195,360195,360195,359710,358426,337046,337046,308537,97.5324689229847,93.6993689360874,100,91.541510654332,66.0700022484662
"95","GH096_S96_L001_R1_001",669640,669640,652670,652670,510573,510573,510573,510573,510116,508278,477145,477145,435733,97.4658025207574,93.536568153126,100,91.3208773014492,65.0697389642196
"96","GH097_S97_L001_R1_001",180202,180202,175573,175573,127225,127225,127225,127225,127116,126339,122405,122405,98569,97.4312160797327,96.2939362472073,100,80.5269392590172,54.6991709304003
"97","GH098_S98_L001_R1_001",101112,101112,98445,98445,72566,72566,72566,72566,72445,71966,69459,69459,61087,97.3623308806076,95.8782524673891,100,87.9468463410069,60.4151831632249
"98","GH099_S99_L001_R1_001",36358,36358,35421,35421,25841,25841,25841,25841,25780,25639,24833,24833,19138,97.422850541834,96.3266097750194,100,77.0668062658559,52.6376588371198
"99","GH100_S100_L001_R1_001",14994,14994,14579,14579,10397,10397,10397,10397,10356,10231,9669,9669,8146,97.2322262238229,93.3661645422943,100,84.2486296411211,54.328398025877
"100","GH101_S101_L001_R1_001",74997,74997,73110,73110,53496,53496,53496,53496,53450,53308,50534,50534,44497,97.4838993559742,94.5444340505145,100,88.0535876835398,59.3317066015974
"101","GH102_S102_L001_R1_001",8135,8135,7915,7915,5476,5476,5476,5476,5437,5375,5295,5295,4663,97.2956361401352,97.3882655876402,100,88.0642115203022,57.320221266134
"102","GH103_S103_L001_R1_001",7270,7270,7065,7065,4931,4931,4931,4931,4900,4847,4643,4643,3063,97.1801925722146,94.7551020408163,100,65.970277837605,42.1320495185695
"103","GH104_S104_L001_R1_001",35791,35791,34900,34900,26490,26490,26490,26490,26376,26146,25534,25534,20536,97.5105473443044,96.8077039733091,100,80.4260985352863,57.3775530161214
"104","GH105_S105_L001_R1_001",27438,27438,26683,26683,20102,20102,20102,20102,20014,19845,19320,19320,15979,97.2483417158685,96.5324273008894,100,82.7070393374741,58.2367519498506
"105","GH106_S106_L001_R1_001",276958,276958,269959,269959,192391,192391,192391,192391,192150,191499,182839,182839,159570,97.4729020284664,95.1543065313557,100,87.2735029178676,57.6152340788134
"106","GH107_S107_L001_R1_001",251317,251317,244952,244952,176413,176413,176413,176413,175582,175809,166815,166815,142276,97.4673420421221,95.0068913669966,100,85.2896921739652,56.6121671036977
"107","GH108_S108_L001_R1_001",216741,216741,211279,211279,148664,148664,148664,148664,148402,148108,142575,142575,132815,97.4799414969941,96.0735030525195,100,93.1544800981939,61.2782076303053
"108","GH110_S110_L001_R1_001",180313,180313,175803,175803,125142,125142,125142,125142,124991,124311,118553,118553,99028,97.4987937641767,94.8492291444984,100,83.530572823969,54.9200556809548
"109","GH111_S111_L001_R1_001",249265,249265,242752,242752,181638,181638,181638,181638,181343,180536,170420,170420,132935,97.3871181272942,93.9766078646543,100,78.0043422133552,53.3307925300383
"110","GH112_S112_L001_R1_001",345138,345138,336499,336499,242878,242878,242878,242878,242620,241265,229698,229698,186308,97.4969432516848,94.6739757645701,100,81.109979190067,53.9807265499597
"111","GH113_S113_L001_R1_001",292726,292726,285168,285168,205866,205866,205866,205866,205308,204709,194893,194893,161574,97.4180633083498,94.9271338671654,100,82.9039524251769,55.1963269405519
"112","GH114_S114_L001_R1_001",362173,362173,353023,353023,254927,254927,254927,254927,254634,253344,241811,241811,203012,97.473583066656,94.9641446154088,100,83.9548242222232,56.0538748056868
"113","GH115_S115_L001_R1_001",9873,9873,9579,9579,6839,6839,6839,6839,6783,6708,6411,6411,5817,97.0221817076876,94.515701017249,100,90.7346747777258,58.9182619264661
"114","GH116_S116_L001_R1_001",53796,53796,52371,52371,36182,36182,36182,36182,36078,35945,33621,33621,29831,97.3511041713138,93.1897555296857,100,88.7272835430237,55.4520782214291
"115","GH117_S117_L001_R1_001",208708,208708,203615,203615,147473,147473,147473,147473,147428,147118,141649,141649,114729,97.5597485482109,96.0801204655832,100,80.9952770580802,54.971060045614
"116","GH118_S118_L001_R1_001",45045,45045,43913,43913,30453,30453,30453,30453,30388,30214,29603,29603,24637,97.4869574869575,97.4167434513624,100,83.224673175016,54.6941946941947
"117","GH119_S119_L001_R1_001",110864,110864,108126,108126,76533,76533,76533,76533,76431,76325,71727,71727,32996,97.5303074036657,93.8454292106606,100,46.0022027967153,29.7625920046183
"118","GH120_S120_L001_R1_001",110281,110281,107740,107740,75798,75798,75798,75798,75689,75337,71725,71725,45415,97.6958859640373,94.7627792677932,100,63.318229348205,41.1811644798288
"119","GH121_S121_L001_R1_001",231099,231099,225182,225182,166305,166305,166305,166305,166051,165554,157557,157557,131339,97.4396254419102,94.8847040969341,100,83.3596730072291,56.8323532338954
"120","GH122_S122_L001_R1_001",88930,88930,86587,86587,63226,63226,63226,63226,62983,62888,60416,60416,53050,97.365343528618,95.9242970325326,100,87.8078654661017,59.6536601821657
"121","GH123_S123_L001_R1_001",38333,38333,37261,37261,28033,28033,28033,28033,27969,27748,27159,27159,21727,97.2034539430778,97.1039365011262,100,79.9992635958614,56.6796233010722
"122","GH124_S124_L001_R1_001",14722,14722,14216,14216,9960,9960,9960,9960,9911,9848,9304,9304,8376,96.562966988181,93.8754918777116,100,90.0257953568358,56.8944436897161
"123","GH125_S125_L001_R1_001",44003,44003,42832,42832,32189,32189,32189,32189,32129,31793,31052,31052,25072,97.3388178078767,96.647888200691,100,80.7419811928378,56.977933322728
"124","GH126_S126_L001_R1_001",123854,123854,120599,120599,86469,86469,86469,86469,86381,86012,83012,83012,71267,97.3719056308234,96.09983676966,100,85.8514431648436,57.5411371453486
"125","GHnx01_S127_L001_R1_001",718,718,634,634,293,293,293,293,263,230,149,149,149,88.3008356545961,56.6539923954373,100,100,20.7520891364903
"126","GHnx02_S128_L001_R1_001",114253,114253,111275,111275,81535,81535,81535,81535,81420,81000,76303,76303,65581,97.3935038904887,93.7153033652665,100,85.9481278586687,57.39980569438
"127","GHnx03_S129_L001_R1_001",1403,1403,1178,1178,701,701,701,701,678,644,566,566,566,83.9629365645046,83.4808259587021,100,100,40.3421240199572
"128","GHnx04_S130_L001_R1_001",18216,18216,17684,17684,13344,13344,13344,13344,13286,13188,12593,12593,11449,97.0794905577514,94.7839831401475,100,90.9155880250933,62.8513394817743
"129","GHnx05_S131_L001_R1_001",5872,5872,5681,5681,4178,4178,4178,4178,4155,4130,4082,4082,449,96.7472752043597,98.2430806257521,100,10.999510044096,7.64645776566757
"130","GHnx06_S132_L001_R1_001",2050,2050,1948,1948,1451,1451,1451,1451,1381,1341,1257,1257,1257,95.0243902439024,91.020999275887,100,100,61.3170731707317
"131","GHnx07_S133_L001_R1_001",3080,3080,2791,2791,1990,1990,1990,1990,1948,1880,1635,1635,1635,90.6168831168831,83.9322381930185,100,100,53.0844155844156
"132","GHnx08_S134_L001_R1_001",1007,1007,916,916,485,485,485,485,452,423,361,361,361,90.9632571996028,79.8672566371681,100,100,35.8490566037736
"133","NEG1_S44_L001_R1_001",1091,1091,1071,1071,418,418,418,418,385,297,279,279,223,98.166819431714,72.4675324675325,100,79.9283154121864,20.4399633363886
"134","NEG2_S109_L001_R1_001",702,702,688,688,391,391,391,391,371,367,366,366,241,98.005698005698,98.6522911051213,100,65.8469945355191,34.3304843304843
