"","sample_id","filtertrim_f","filtertrim_r","dereplicated_f","dereplicated_r","denoised_f","denoised_r","merged","nosingletons","nochimeras","percent_retained_aftermerge","percent_notsingleton","percent_notchimera"
"1","pecoe-0460_S1_R1_001",8772,8772,8772,8772,8755,8733,8683,8676,8659,99.1776127926899,99.9193827018312,99.8040571692024
"2","pecoe-0467_S2_R1_001",555547,555547,555547,555547,555355,555062,552027,550379,549422,99.4007436684643,99.7014638776727,99.8261198192518
"3","pecoe-0469_S3_R1_001",80854,80854,80854,80854,80792,80714,80530,80102,79977,99.6757104663828,99.4685210480566,99.8439489650695
"4","pecoe-0474_S4_R1_001",713773,713773,713773,713773,713540,713203,710563,708518,699365,99.5827844269417,99.7122000441903,98.7081485579759
"5","pecoe-0475_S5_R1_001",725063,725063,725063,725063,724795,724453,722227,717235,714189,99.645692920067,99.3088045725236,99.5753135304328
"6","pecoe-0477_S6_R1_001",11710,11710,11710,11710,11630,11553,11148,11069,10771,95.8555460017197,99.2913527090061,97.3077965489204
"7","pecoe-0487_S7_R1_001",831103,831103,831103,831103,830480,829637,825167,809953,771106,99.3602494942684,98.1562520071695,95.2037957758043
"8","pecoe-0492_S8_R1_001",1084834,1084834,1084834,1084834,1084593,1084163,1079922,1076802,1054426,99.5693315372679,99.7110902454066,97.9219949442887
"9","pecoe-0493_S9_R1_001",1048424,1048424,1048424,1048424,1048033,1047286,1042972,1041186,965681,99.5170953586385,99.8287585860406,92.7481737172801
"10","pecoe-0494_S10_R1_001",979580,979580,979580,979580,979288,978364,975039,960184,875333,99.5661133394875,98.4764711975623,91.1630479158161
"11","pecoe-0495_S11_R1_001",1006199,1006199,1006199,1006199,1005934,1005518,1002156,997099,984580,99.6244286404476,99.4953879435936,98.7444576717056
"12","pecoe-0497_S12_R1_001",597050,597050,597050,597050,596721,596186,592677,592324,560603,99.3222963495503,99.9404397336154,94.644653939398
"13","pecoe-0504_S13_R1_001",672593,672593,672593,672593,672308,671950,669467,667247,659460,99.5774258226884,99.6683929155582,98.8329659031813
"14","pecoe-0505_S14_R1_001",657356,657356,657356,657356,657012,656664,653606,652545,634284,99.4815924214474,99.837669788833,97.2015723053583
"15","pecoe-0509_S15_R1_001",854394,854394,854394,854394,854046,853447,849441,848704,757992,99.4608018771823,99.9132370582536,89.3117034914411
"16","pecoe-0513_S16_R1_001",990853,990853,990853,990853,990358,989720,972312,969261,908763,98.1778306430604,99.6862118332387,93.7583375375673
"17","pecoe-0514_S17_R1_001",1104911,1104911,1104911,1104911,1104284,1103603,1095783,1093257,1036721,99.230179917485,99.7694799061493,94.8286633426541
"18","pecoe-0516_S18_R1_001",958053,958053,958053,958053,957408,956386,951145,942241,854443,99.3458379290752,99.0638651309737,90.6820017384087
"19","pecoe-0517_S19_R1_001",726781,726781,726781,726781,726143,725484,715018,699906,646996,98.4679326248411,97.8864867737595,92.4404134269459
"20","pecoe-0518_S20_R1_001",886654,886654,886654,886654,886289,885862,882214,881354,863354,99.5402176942284,99.9025179831651,97.9576878303156
"21","pecoe-0523_S21_R1_001",647106,647106,647106,647106,646914,646446,644101,643560,630040,99.5651663126783,99.9160069616411,97.8991857791037
"22","pecoe-0526_S22_R1_001",1068482,1068482,1068482,1068482,1067249,1066106,1045196,1013895,911380,97.9336593428525,97.0052506898228,89.8889924499085
"23","pecoe-0527_S23_R1_001",838860,838860,838860,838860,838035,837154,824638,812340,733393,98.4013794173274,98.5086789597375,90.2815323632962
"24","pecoe-0538_S24_R1_001",1077107,1077107,1077107,1077107,1076077,1075127,1064374,1026535,926385,98.9124384221575,96.4449526200377,90.2438786792462
"25","pecoe-0542_S25_R1_001",918595,918595,918595,918595,917726,917266,911504,906581,841517,99.3220198621375,99.4599036317997,92.8231454221961
"26","pecoe-0544_S26_R1_001",938003,938003,938003,938003,937377,936483,929657,921874,854524,99.1764252803301,99.1628095093137,92.6942293632319
"27","pecoe-0545_S27_R1_001",839322,839322,839322,839322,838951,838196,833188,829649,769078,99.313070727611,99.575245922889,92.6992017106029
"28","pecoe-0572_S28_R1_001",856868,856868,856868,856868,856595,855953,852124,850392,836455,99.4780497201128,99.7967431969995,98.3611087592546
"29","pecoe-0575_S29_R1_001",762690,762690,762690,762690,762532,762302,759295,759267,757731,99.5754932252024,99.9963123687104,99.7976996234526
"30","pecoe-0587_S30_R1_001",1068743,1068743,1068743,1068743,1068305,1067222,1063471,1051701,1018933,99.5475075001989,98.8932467363943,96.8842855526428
"31","pecoe-0592_S31_R1_001",1242819,1242819,1242819,1242819,1242485,1241716,1237555,1237503,1217457,99.6032145257287,99.9957981665461,98.3801251390906
"32","pecoe-0593_S32_R1_001",1266818,1266818,1266818,1266818,1266553,1266135,1261697,1261554,1261554,99.6165971735885,99.9886660584911,100
"33","pecoe-0594_S33_R1_001",990216,990216,990216,990216,989918,989405,985546,984770,964858,99.5583472570455,99.9212619197886,97.9780050163998
"34","pecoe-0595_S34_R1_001",8823,8823,8823,8823,8808,8807,8785,8771,8765,99.7388737511353,99.8406374501992,99.9315927488314
"35","pecoe-0597_S35_R1_001",706466,706466,706466,706466,706252,705966,700310,700136,698721,99.1586572498202,99.9751538604332,99.7978964086977
"36","pecoe-0598_S36_R1_001",926203,926203,926203,926203,925896,925194,920689,916082,882389,99.4376258240666,99.4996138761297,96.3220541392583
"37","pecoe-0600_S37_R1_001",1079268,1079268,1079268,1079268,1078786,1078210,1072742,1070735,1016856,99.439740597301,99.8129093481937,94.968035975288
"38","pecoe-0623_S38_R1_001",986202,986202,986202,986202,985119,984093,974741,939742,886070,98.9465232119165,96.4094051650644,94.288645181337
"39","pecoe-0624_S39_R1_001",992897,992897,992897,992897,991906,990357,971453,943267,820399,97.938010255004,97.0985729623564,86.9742077269744
"40","pecoe-0632_S40_R1_001",914143,914143,914143,914143,913201,911925,892006,859110,803309,97.6790432774384,96.3121324296025,93.504789840649
"41","pecoe-0634_S41_R1_001",919963,919963,919963,919963,919463,918421,914294,901993,854202,99.4378240342461,98.6545903177752,94.7016218529412
"42","pecoe-0637_S42_R1_001",1191798,1191798,1191798,1191798,1191574,1190879,1185689,1185466,1165022,99.5061154405853,99.981192370006,98.275446111487
"43","pecoe-0638_S43_R1_001",1035258,1035258,1035258,1035258,1034916,1033849,732474,729638,704502,70.7761789362615,99.6128190215625,96.5550039882791
"44","pecoe-0639_S44_R1_001",747370,747370,747370,747370,747068,746912,744626,744126,744126,99.673122125429,99.9328521969418,100
"45","pecoe-0644_S45_R1_001",673800,673800,673800,673800,673591,673140,670652,669633,669633,99.5636818187891,99.8480583074381,100
"46","pecoe-0645_S46_R1_001",966491,966491,966491,966491,966226,965443,962160,960464,938902,99.5791874778779,99.8237299409662,97.7550433956921
"47","pecoe-0648_S47_R1_001",12921,12921,12921,12921,12834,12788,12734,12724,12724,99.220819697678,99.9214700801005,100
"48","pecoe-0652_S48_R1_001",1274234,1274234,1274234,1274234,1273735,1273132,1266239,1263600,1247087,99.4114945416433,99.7915875281049,98.693178220956
"49","pecoe-0655_S49_R1_001",1252103,1252103,1252103,1252103,1251451,1250180,1243533,1228364,1136731,99.3672944446087,98.7801690827666,92.5402405150265
"50","pecoe-0699_S50_R1_001",1131496,1131496,1131496,1131496,1131057,1130239,1119537,1114418,1095255,98.9814836918033,99.5427574077498,98.2804477314616
"51","pecoe-0708_S51_R1_001",545526,545526,545526,545526,545327,545084,543537,542425,541042,99.6717565790801,99.7954141116428,99.745033875651
"52","pecoe-0709_S54_R1_001",12830,12830,12830,12830,12791,12727,11616,11597,11582,90.8138534907357,99.836432506887,99.8706562041907
"53","pecoe-0717_S52_R1_001",897188,897188,897188,897188,896547,895708,890920,874961,811102,99.3723697697946,98.2087056076864,92.7015032670028
"54","pecoe-0718_S53_R1_001",902753,902753,902753,902753,902084,901180,894913,878838,809734,99.2050629431405,98.2037360056229,92.1368898477308
"55","pecoe-0719_S55_R1_001",865750,865750,865750,865750,865325,864666,860576,859602,816037,99.451188859677,99.8868199903321,94.9319568823712
"56","pecoe-0721_S56_R1_001",909706,909706,909706,909706,909257,908499,904577,903498,854936,99.4852940367795,99.8807177277335,94.6251126178475
"57","pecoe-0744_S57_R1_001",974418,974418,974418,974418,973537,972596,966283,949143,834219,99.2548819407994,98.2261925336573,87.8918139837727
"58","pecoe-0747_S58_R1_001",775821,775821,775821,775821,775564,775021,772010,771384,743115,99.5417528405135,99.9189129674486,96.3352882610995
"59","pecoe-0748_S59_R1_001",606972,606972,606972,606972,606777,606493,602815,601855,600427,99.3470418292058,99.8407471612352,99.7627335487784
"60","pecoe-0749_S60_R1_001",802192,802192,802192,802192,801825,801302,797788,794728,786902,99.4965235556387,99.6164394550933,99.0152605671374
"61","pecoe-0750_S61_R1_001",721515,721515,721515,721515,721247,720815,718021,716429,701245,99.5527191100968,99.7782794653638,97.8805994732207
"62","pecoe-0759_S62_R1_001",1062226,1062226,1062226,1062226,1061770,1060767,1056313,1047933,1008443,99.4860468839768,99.2066745368087,96.2316293121793
"63","pecoe-0760_S63_R1_001",835909,835909,835909,835909,835550,834603,830237,822619,803469,99.3641314104482,99.0824306794325,97.6720693297869
"64","pecoe-0762_S64_R1_001",1292215,1292215,1292215,1292215,1291742,1290293,1283394,1280339,1240670,99.3537409173039,99.7619593047809,96.9016799457019
"65","pecoe-0763_S65_R1_001",14764,14764,14764,14764,14689,14630,13620,13599,12400,92.7224453672816,99.8458149779736,91.183175233473
"66","pecoe-0769_S66_R1_001",1218200,1218200,1218200,1218200,1217925,1217454,1211272,1211244,1211131,99.4537430465751,99.9976883804794,99.9906707484206
"67","pecoe-0814_S67_R1_001",1149310,1149310,1149310,1149310,1148753,1147987,1142888,1137176,1109987,99.4894463822945,99.5002134942357,97.6090772228749
"68","pecoe-0824_S68_R1_001",1029633,1029633,1029633,1029633,1029306,1028357,1023358,1020013,980071,99.4221349142043,99.6731349146633,96.0841675547272
"69","pecoe-0831_S69_R1_001",682759,682759,682759,682759,682174,681397,677615,669101,625136,99.3316954325436,98.7435343078297,93.4292431187519
"70","pecoe-0857_S70_R1_001",1362218,1362218,1362218,1362218,1361798,1361227,1356047,1355824,1354220,99.5776906707162,99.9835551422628,99.8816955593056
"71","pecoe-0858_S71_R1_001",1115113,1115113,1115113,1115113,1114856,1114364,1110492,1109257,1107679,99.6085593116959,99.8887880326918,99.8577426151018
"72","pecoe-0862_S72_R1_001",1220396,1220396,1220396,1220396,1219888,1218820,1214645,1207769,1193420,99.5702064451819,99.4339086729044,98.8119416875247
"73","pecoe-0863_S73_R1_001",1068180,1068180,1068180,1068180,1067563,1066308,1057170,1041959,993536,99.0264743158015,98.5611585648477,95.352696219333
"74","pecoe-0864_S74_R1_001",1112172,1112172,1112172,1112172,1111801,1111131,1106396,1101284,1093875,99.5138518493867,99.5379592840176,99.3272398400413
"75","pecoe-0866_S75_R1_001",1172349,1172349,1172349,1172349,1171893,1170949,1166467,1166215,1134783,99.5369884451908,99.9783963026815,97.3047851382464
"76","pecoe-0868_S76_R1_001",1197431,1197431,1197431,1197431,1197047,1196522,1191958,1190671,1173317,99.5748704938068,99.8920263969032,98.5425025048901
"77","pecoe-0901_S77_R1_001",30482,30482,30482,30482,30365,30314,29807,29594,29239,98.1623579779351,99.2854027577415,98.8004325201054
"78","pecoe-0907_S78_R1_001",563046,563046,563046,563046,562856,562519,560352,558851,554746,99.5551260002558,99.7321326594712,99.2654571612111
"79","pecoe-0951_S79_R1_001",537765,537765,537765,537765,537582,537213,534821,532645,525152,99.4864039346556,99.5931348993402,98.5932469092923
"80","pecoe-0952_S80_R1_001",1091739,1091739,1091739,1091739,1091367,1090589,1083341,1079829,1028272,99.2645920208326,99.6758176788287,95.2254477329281
"81","pecoe-0953_S81_R1_001",1288180,1288180,1288180,1288180,1287884,1287524,1281508,1281495,1281495,99.5049243565414,99.9989855701252,100
"82","pecoe-0954_S82_R1_001",1225433,1225433,1225433,1225433,1224771,1223888,1211742,1202080,1124482,98.9362092995344,99.2026355445301,93.5446892053773
"83","pecoe-0960_S83_R1_001",1244263,1244263,1244263,1244263,1243964,1243617,1237650,1237170,1237084,99.4924290413549,99.9612168222034,99.9930486513575
"84","pecoe-0966_S84_R1_001",1070224,1070224,1070224,1070224,1069780,1069354,1065409,1059272,1037329,99.591411318215,99.4239770829794,97.9284829581071
"85","pecoe-0975_S86_R1_001",882023,882023,882023,882023,881784,881580,877755,877335,877335,99.543085381454,99.952150657074,100
"86","pecoe-0979_S87_R1_001",1115146,1115146,1115146,1115146,1114371,1113334,1105989,1098332,997533,99.2478268009487,99.3076784669649,90.8225381760706
"87","pecoe-0984_S88_R1_001",807362,807362,807362,807362,807042,806039,803290,800118,768606,99.5350923495927,99.6051239278467,96.0615809168148
"88","pecoe-0985_S89_R1_001",1099564,1099564,1099564,1099564,1099286,1098970,1094346,1093466,1093315,99.5506174007492,99.9195866755121,99.9861907000309
"89","pecoe-0994_S90_R1_001",811753,811753,811753,811753,811527,811141,807968,806478,803134,99.5614440431434,99.8155867559111,99.5853575671004
"90","pecoe-1002_S91_R1_001",1256105,1256105,1256105,1256105,1255332,1255004,1249011,1248811,1236193,99.4964678666679,99.9839873307761,98.9895989064798
"91","pecoe-1012_S92_R1_001",988947,988947,988947,988947,988649,988106,984693,982231,965795,99.599857988022,99.7499728341727,98.3266665377085
"92","pecoe-1023_S94_R1_001",883238,883238,883238,883238,882963,882546,878500,877197,861617,99.494542806437,99.8516789982925,98.2238881345923
"93","pecoe-1037_S95_R1_001",15626,15626,15626,15626,15581,15531,15418,15395,15142,98.9538540530133,99.8508237125438,98.3566092887301
"94","pecoe-1056_S97_R1_001",7076,7076,7076,7076,7061,7035,7002,7002,7002,99.1644243025067,100,100
"95","pecoe-1060_S98_R1_001",838349,838349,838349,838349,838015,837518,817303,809386,755110,97.5284451948951,99.0313262033787,93.2941760791514
"96","pecoe-1101_S99_R1_001",13147,13147,13147,13147,13120,13088,12824,12814,12488,97.7439024390244,99.9220212102308,97.4559076010613
"97","pecoe-1102_S100_R1_001",393519,393519,393519,393519,393411,393278,392080,390861,389839,99.6616769739534,99.6890940624362,99.7385259721487
"98","pecoe-1103_S101_R1_001",14414,14414,14414,14414,14405,14388,14344,14344,14185,99.576535925026,100,98.8915225878416
"99","pecoe-1104_S102_R1_001",16292,16292,16292,16292,16256,16230,15803,15794,14704,97.2133366141732,99.9430487882048,93.0986450550842
"100","pecoe-1113_S103_R1_001",646150,646150,646150,646150,645861,645477,642333,641813,629680,99.453752432799,99.9190451058874,98.1095739724811
"101","pecoe-1158_S104_R1_001",734005,734005,734005,734005,733821,733607,729984,729513,729049,99.4771204421787,99.9354780378748,99.9363959244044
"102","pecoe-1159_S105_R1_001",7453,7453,7453,7453,7444,7410,7388,7373,7373,99.247716281569,99.7969680563075,100
"103","pecoe-1180_S106_R1_001",6483,6483,6483,6483,6441,6400,6366,6341,6180,98.8355845365626,99.6072887213321,97.4609683015297
"104","pecoe-1225_S107_R1_001",1042139,1042139,1042139,1042139,1041729,1040912,1036362,1034448,1032220,99.484798829638,99.8153154978666,99.7846194298795
"105","pecoe-1257_S108_R1_001",822053,822053,822053,822053,821824,821280,818507,817774,808742,99.5963856008099,99.9104467035713,98.8955383761284
"106","pecoe-1369_S109_R1_001",10890,10890,10890,10890,10857,10825,10648,10630,10630,98.0749746707194,99.8309541697972,100
"107","pecoe-1370_S110_R1_001",585797,585797,585797,585797,585623,585260,583014,581407,576339,99.5544915414866,99.724363394361,99.1283214684378
"108","pecoe-1395_S111_R1_001",337562,337562,337562,337562,337269,337150,334905,332390,330318,99.299075811889,99.2490407727565,99.3766358795391
"109","pecoe-1420_S112_R1_001",429444,429444,429444,429444,428844,428475,425989,413680,397773,99.3342567460429,97.1104887684893,96.1547573003288
"110","pecoe-1477_S113_R1_001",5185,5185,5185,5185,5158,5152,5080,5075,5075,98.4877859635518,99.9015748031496,100
"111","pecoe-1480_S114_R1_001",12170,12170,12170,12170,12135,12054,9490,9479,9155,78.2035434693037,99.8840885142255,96.5819179238316
"112","pecoe-1482_S115_R1_001",12007,12007,12007,12007,11982,11918,11356,11307,10627,94.7754965782006,99.568510038746,93.9860263553551
"113","pecoe-1485_S116_R1_001",1030645,1030645,1030645,1030645,1030424,1030002,1026525,1025757,1023925,99.6216120742529,99.9251844816249,99.8214001951729
"114","pecoe-1672_S117_R1_001",1064257,1064257,1064257,1064257,1064038,1063661,1058153,1057745,1057745,99.4469182491603,99.9614422488997,100
"115","pecoe-PCRblank1_Redos_2022-2024_S96_R1_001",10,10,10,10,8,6,6,6,6,75,100,100
