motu_lulu,motu_swarm,asv,curated,lulu_rank
motu1,motu1,ASV1,parent,1
motu1,motu1,ASV89,parent,1
motu1,motu1,ASV134,parent,1
motu1,motu1,ASV166,parent,1
motu1,motu1,ASV188,parent,1
motu1,motu1,ASV192,parent,1
motu1,motu1,ASV204,parent,1
motu1,motu1,ASV219,parent,1
motu1,motu1,ASV222,parent,1
motu1,motu1,ASV224,parent,1
motu1,motu1,ASV246,parent,1
motu1,motu1,ASV254,parent,1
motu1,motu1,ASV275,parent,1
motu1,motu1,ASV277,parent,1
motu1,motu1,ASV287,parent,1
motu1,motu1,ASV326,parent,1
motu1,motu1,ASV338,parent,1
motu1,motu1,ASV382,parent,1
motu1,motu1,ASV385,parent,1
motu1,motu1,ASV393,parent,1
motu1,motu1,ASV433,parent,1
motu1,motu1,ASV440,parent,1
motu1,motu1,ASV442,parent,1
motu1,motu1,ASV465,parent,1
motu1,motu1,ASV470,parent,1
motu1,motu1,ASV502,parent,1
motu1,motu1,ASV509,parent,1
motu1,motu1,ASV518,parent,1
motu1,motu1,ASV553,parent,1
motu1,motu1,ASV560,parent,1
motu1,motu1,ASV592,parent,1
motu1,motu1,ASV608,parent,1
motu1,motu1,ASV612,parent,1
motu1,motu1,ASV613,parent,1
motu1,motu1,ASV625,parent,1
motu1,motu1,ASV651,parent,1
motu1,motu1,ASV653,parent,1
motu1,motu1,ASV675,parent,1
motu1,motu1,ASV680,parent,1
motu1,motu1,ASV694,parent,1
motu1,motu1,ASV695,parent,1
motu1,motu1,ASV723,parent,1
motu1,motu1,ASV740,parent,1
motu1,motu1,ASV754,parent,1
motu1,motu1,ASV782,parent,1
motu1,motu1,ASV857,parent,1
motu1,motu1,ASV865,parent,1
motu1,motu1,ASV877,parent,1
motu1,motu1,ASV1063,parent,1
motu1,motu1,ASV1078,parent,1
motu1,motu1,ASV1102,parent,1
motu1,motu1,ASV1147,parent,1
motu1,motu1,ASV1,parent,1
motu2,motu2,ASV2,parent,2
motu2,motu2,ASV6,parent,2
motu2,motu2,ASV86,parent,2
motu2,motu2,ASV235,parent,2
motu2,motu2,ASV249,parent,2
motu2,motu2,ASV256,parent,2
motu2,motu2,ASV271,parent,2
motu2,motu2,ASV307,parent,2
motu2,motu2,ASV313,parent,2
motu2,motu2,ASV315,parent,2
motu2,motu2,ASV395,parent,2
motu2,motu2,ASV477,parent,2
motu2,motu2,ASV498,parent,2
motu2,motu2,ASV510,parent,2
motu2,motu2,ASV516,parent,2
motu2,motu2,ASV531,parent,2
motu2,motu2,ASV566,parent,2
motu2,motu2,ASV607,parent,2
motu2,motu2,ASV619,parent,2
motu2,motu2,ASV626,parent,2
motu2,motu2,ASV638,parent,2
motu2,motu2,ASV758,parent,2
motu2,motu2,ASV778,parent,2
motu2,motu2,ASV861,parent,2
motu2,motu2,ASV888,parent,2
motu2,motu2,ASV55,parent,2
motu2,motu2,ASV152,parent,2
motu2,motu2,ASV296,parent,2
motu2,motu2,ASV344,parent,2
motu2,motu2,ASV462,parent,2
motu2,motu2,ASV581,parent,2
motu2,motu2,ASV602,parent,2
motu2,motu2,ASV652,parent,2
motu2,motu2,ASV735,parent,2
motu2,motu2,ASV765,parent,2
motu2,motu2,ASV831,parent,2
motu2,motu2,ASV836,parent,2
motu2,motu2,ASV863,parent,2
motu2,motu2,ASV1083,parent,2
motu2,motu2,ASV1299,parent,2
motu2,motu2,ASV2,parent,2
motu3,motu3,ASV3,parent,3
motu3,motu3,ASV180,parent,3
motu3,motu3,ASV212,parent,3
motu3,motu3,ASV272,parent,3
motu3,motu3,ASV371,parent,3
motu3,motu3,ASV604,parent,3
motu3,motu3,ASV925,parent,3
motu3,motu3,ASV969,parent,3
motu3,motu3,ASV3,parent,3
motu4,motu4,ASV4,parent,4
motu4,motu4,ASV22,parent,4
motu4,motu4,ASV140,parent,4
motu4,motu4,ASV173,parent,4
motu4,motu4,ASV242,parent,4
motu4,motu4,ASV257,parent,4
motu4,motu4,ASV317,parent,4
motu4,motu4,ASV323,parent,4
motu4,motu4,ASV348,parent,4
motu4,motu4,ASV351,parent,4
motu4,motu4,ASV391,parent,4
motu4,motu4,ASV487,parent,4
motu4,motu4,ASV793,parent,4
motu4,motu4,ASV1002,parent,4
motu4,motu4,ASV1031,parent,4
motu4,motu4,ASV1052,parent,4
motu4,motu4,ASV1085,parent,4
motu4,motu4,ASV1162,parent,4
motu4,motu4,ASV1164,parent,4
motu4,motu4,ASV175,parent,4
motu4,motu4,ASV209,parent,4
motu4,motu4,ASV262,parent,4
motu4,motu4,ASV431,parent,4
motu4,motu4,ASV499,parent,4
motu4,motu4,ASV512,parent,4
motu4,motu4,ASV526,parent,4
motu4,motu4,ASV538,parent,4
motu4,motu4,ASV562,parent,4
motu4,motu4,ASV583,parent,4
motu4,motu4,ASV835,parent,4
motu4,motu4,ASV1130,parent,4
motu4,motu4,ASV1157,parent,4
motu4,motu4,ASV4,parent,4
motu5,motu5,ASV5,parent,5
motu5,motu5,ASV253,parent,5
motu5,motu5,ASV306,parent,5
motu5,motu5,ASV324,parent,5
motu5,motu5,ASV363,parent,5
motu5,motu5,ASV365,parent,5
motu5,motu5,ASV417,parent,5
motu5,motu5,ASV429,parent,5
motu5,motu5,ASV552,parent,5
motu5,motu5,ASV584,parent,5
motu5,motu5,ASV790,parent,5
motu5,motu5,ASV1007,parent,5
motu5,motu5,ASV1132,parent,5
motu5,motu5,ASV5,parent,5
motu6,motu6,ASV7,parent,6
motu6,motu6,ASV247,parent,6
motu6,motu6,ASV273,parent,6
motu6,motu6,ASV274,parent,6
motu6,motu6,ASV292,parent,6
motu6,motu6,ASV320,parent,6
motu6,motu6,ASV339,parent,6
motu6,motu6,ASV376,parent,6
motu6,motu6,ASV412,parent,6
motu6,motu6,ASV423,parent,6
motu6,motu6,ASV426,parent,6
motu6,motu6,ASV656,parent,6
motu6,motu6,ASV899,parent,6
motu6,motu6,ASV1019,parent,6
motu6,motu6,ASV1185,parent,6
motu6,motu6,ASV1319,parent,6
motu6,motu6,ASV7,parent,6
motu7,motu7,ASV8,parent,8
motu7,motu7,ASV42,parent,8
motu7,motu7,ASV8,parent,8
motu8,motu8,ASV9,parent,7
motu8,motu8,ASV18,parent,7
motu8,motu8,ASV179,parent,7
motu8,motu8,ASV187,parent,7
motu8,motu8,ASV283,parent,7
motu8,motu8,ASV284,parent,7
motu8,motu8,ASV299,parent,7
motu8,motu8,ASV337,parent,7
motu8,motu8,ASV420,parent,7
motu8,motu8,ASV480,parent,7
motu8,motu8,ASV546,parent,7
motu8,motu8,ASV660,parent,7
motu8,motu8,ASV696,parent,7
motu8,motu8,ASV718,parent,7
motu8,motu8,ASV802,parent,7
motu8,motu8,ASV952,parent,7
motu8,motu8,ASV975,parent,7
motu8,motu8,ASV989,parent,7
motu8,motu8,ASV1129,parent,7
motu8,motu8,ASV1166,parent,7
motu8,motu8,ASV73,parent,7
motu8,motu8,ASV281,parent,7
motu8,motu8,ASV302,parent,7
motu8,motu8,ASV463,parent,7
motu8,motu8,ASV603,parent,7
motu8,motu8,ASV702,parent,7
motu8,motu8,ASV716,parent,7
motu8,motu8,ASV730,parent,7
motu8,motu8,ASV783,parent,7
motu8,motu8,ASV213,parent,7
motu8,motu8,ASV9,parent,7
motu9,motu9,ASV10,parent,9
motu9,motu9,ASV34,parent,9
motu9,motu9,ASV151,parent,9
motu9,motu9,ASV174,parent,9
motu9,motu9,ASV311,parent,9
motu9,motu9,ASV478,parent,9
motu9,motu9,ASV594,parent,9
motu9,motu9,ASV155,parent,9
motu9,motu9,ASV410,parent,9
motu9,motu9,ASV10,parent,9
motu10,motu10,ASV11,parent,10
motu10,motu10,ASV120,parent,10
motu10,motu10,ASV200,parent,10
motu10,motu10,ASV380,parent,10
motu10,motu10,ASV443,parent,10
motu10,motu10,ASV511,parent,10
motu10,motu10,ASV563,parent,10
motu10,motu10,ASV11,parent,10
motu11,motu11,ASV12,parent,12
motu11,motu11,ASV96,parent,12
motu11,motu11,ASV185,parent,12
motu11,motu11,ASV269,parent,12
motu11,motu11,ASV707,parent,12
motu11,motu11,ASV12,parent,12
motu12,motu12,ASV13,parent,11
motu12,motu12,ASV31,parent,11
motu12,motu12,ASV646,parent,11
motu12,motu12,ASV648,parent,11
motu12,motu12,ASV1433,parent,11
motu12,motu12,ASV13,parent,11
motu13,motu13,ASV14,parent,13
motu13,motu13,ASV710,parent,13
motu13,motu13,ASV14,parent,13
motu14,motu14,ASV15,parent,14
motu14,motu14,ASV746,parent,14
motu14,motu14,ASV762,parent,14
motu14,motu14,ASV902,parent,14
motu14,motu14,ASV1236,parent,14
motu14,motu14,ASV1290,parent,14
motu14,motu14,ASV15,parent,14
motu15,motu15,ASV16,parent,17
motu15,motu15,ASV854,parent,17
motu15,motu15,ASV16,parent,17
motu16,motu16,ASV17,parent,18
motu16,motu16,ASV159,parent,18
motu16,motu16,ASV199,parent,18
motu16,motu16,ASV206,parent,18
motu16,motu16,ASV495,parent,18
motu16,motu16,ASV17,parent,18
motu17,motu17,ASV19,parent,19
motu17,motu17,ASV108,parent,19
motu17,motu17,ASV812,parent,19
motu17,motu17,ASV1160,parent,19
motu17,motu17,ASV220,parent,19
motu17,motu17,ASV364,parent,19
motu17,motu17,ASV402,parent,19
motu17,motu17,ASV724,parent,19
motu17,motu17,ASV840,parent,19
motu17,motu17,ASV962,parent,19
motu17,motu17,ASV19,parent,19
motu18,motu18,ASV20,parent,15
motu18,motu18,ASV40,parent,15
motu18,motu18,ASV163,parent,15
motu18,motu18,ASV225,parent,15
motu18,motu18,ASV424,parent,15
motu18,motu18,ASV458,parent,15
motu18,motu18,ASV515,parent,15
motu18,motu18,ASV757,parent,15
motu18,motu18,ASV801,parent,15
motu18,motu18,ASV808,parent,15
motu18,motu18,ASV923,parent,15
motu18,motu18,ASV1046,parent,15
motu18,motu18,ASV1189,parent,15
motu18,motu18,ASV1232,parent,15
motu18,motu18,ASV270,parent,15
motu18,motu18,ASV301,parent,15
motu18,motu18,ASV396,parent,15
motu18,motu18,ASV437,parent,15
motu18,motu18,ASV464,parent,15
motu18,motu18,ASV599,parent,15
motu18,motu18,ASV676,parent,15
motu18,motu18,ASV713,parent,15
motu18,motu18,ASV729,parent,15
motu18,motu18,ASV889,parent,15
motu18,motu18,ASV20,parent,15
motu19,motu19,ASV21,parent,20
motu19,motu19,ASV68,parent,20
motu19,motu19,ASV827,parent,20
motu19,motu19,ASV859,parent,20
motu19,motu19,ASV1145,parent,20
motu19,motu19,ASV2010,parent,20
motu19,motu19,ASV394,parent,20
motu19,motu19,ASV756,parent,20
motu19,motu19,ASV21,parent,20
motu20,motu20,ASV23,parent,25
motu20,motu20,ASV374,parent,25
motu20,motu20,ASV23,parent,25
motu21,motu21,ASV24,parent,26
motu21,motu21,ASV1313,parent,26
motu21,motu21,ASV24,parent,26
motu22,motu22,ASV25,parent,24
motu22,motu22,ASV112,parent,24
motu22,motu22,ASV517,parent,24
motu22,motu22,ASV401,parent,24
motu22,motu22,ASV25,parent,24
motu23,motu23,ASV26,parent,43
motu24,motu24,ASV27,parent,23
motu24,motu24,ASV76,parent,23
motu24,motu24,ASV770,parent,23
motu24,motu24,ASV27,parent,23
motu25,motu25,ASV28,parent,21
motu25,motu25,ASV38,parent,21
motu25,motu25,ASV362,parent,21
motu25,motu25,ASV481,parent,21
motu25,motu25,ASV28,parent,21
motu26,motu26,ASV29,parent,16
motu26,motu26,ASV45,parent,16
motu26,motu26,ASV53,parent,16
motu26,motu26,ASV763,parent,16
motu26,motu26,ASV838,parent,16
motu26,motu26,ASV1123,parent,16
motu26,motu26,ASV1179,parent,16
motu26,motu26,ASV1252,parent,16
motu26,motu26,ASV51,parent,16
motu26,motu26,ASV146,parent,16
motu26,motu26,ASV493,parent,16
motu26,motu26,ASV506,parent,16
motu26,motu26,ASV29,parent,16
motu27,motu27,ASV30,parent,27
motu27,motu27,ASV104,parent,27
motu27,motu27,ASV165,parent,27
motu27,motu27,ASV178,parent,27
motu27,motu27,ASV407,parent,27
motu27,motu27,ASV30,parent,27
motu28,motu28,ASV32,parent,30
motu28,motu28,ASV169,parent,30
motu28,motu28,ASV32,parent,30
motu29,motu29,ASV33,parent,28
motu29,motu29,ASV92,parent,28
motu29,motu29,ASV245,parent,28
motu29,motu29,ASV1215,parent,28
motu29,motu29,ASV243,parent,28
motu29,motu29,ASV33,parent,28
motu30,motu30,ASV35,parent,29
motu30,motu30,ASV115,parent,29
motu30,motu30,ASV128,parent,29
motu30,motu30,ASV392,parent,29
motu30,motu30,ASV35,parent,29
motu31,motu31,ASV36,parent,31
motu31,motu31,ASV83,parent,31
motu31,motu31,ASV379,parent,31
motu31,motu31,ASV615,parent,31
motu31,motu31,ASV719,parent,31
motu31,motu31,ASV473,parent,31
motu31,motu31,ASV823,parent,31
motu31,motu31,ASV1510,parent,31
motu31,motu31,ASV1977,parent,31
motu31,motu31,ASV36,parent,31
motu32,motu32,ASV37,parent,32
motu32,motu32,ASV80,parent,32
motu32,motu32,ASV453,parent,32
motu32,motu32,ASV37,parent,32
motu33,motu33,ASV39,parent,33
motu33,motu33,ASV106,parent,33
motu33,motu33,ASV352,parent,33
motu33,motu33,ASV355,parent,33
motu33,motu33,ASV468,parent,33
motu33,motu33,ASV479,parent,33
motu33,motu33,ASV575,parent,33
motu33,motu33,ASV404,parent,33
motu33,motu33,ASV698,parent,33
motu33,motu33,ASV39,parent,33
motu34,motu34,ASV41,parent,35
motu34,motu34,ASV207,parent,35
motu34,motu34,ASV797,parent,35
motu34,motu34,ASV41,parent,35
motu35,motu35,ASV43,parent,52
motu36,motu36,ASV44,parent,22
motu36,motu36,ASV47,parent,22
motu36,motu36,ASV81,parent,22
motu36,motu36,ASV100,parent,22
motu36,motu36,ASV107,parent,22
motu36,motu36,ASV318,parent,22
motu36,motu36,ASV44,parent,22
motu37,motu37,ASV46,parent,40
motu37,motu37,ASV238,parent,40
motu37,motu37,ASV264,parent,40
motu37,motu37,ASV46,parent,40
motu38,motu38,ASV48,parent,38
motu38,motu38,ASV101,parent,38
motu38,motu38,ASV578,parent,38
motu38,motu38,ASV1103,parent,38
motu38,motu38,ASV48,parent,38
motu39,motu39,ASV49,parent,54
motu40,motu40,ASV50,parent,36
motu40,motu40,ASV85,parent,36
motu40,motu40,ASV609,parent,36
motu40,motu40,ASV233,parent,36
motu40,motu40,ASV50,parent,36
motu41,motu41,ASV52,parent,45
motu41,motu41,ASV282,parent,45
motu41,motu41,ASV52,parent,45
motu42,motu42,ASV54,parent,41
motu42,motu42,ASV99,parent,41
motu42,motu42,ASV448,parent,41
motu42,motu42,ASV419,parent,41
motu42,motu42,ASV476,parent,41
motu42,motu42,ASV54,parent,41
motu43,motu43,ASV56,parent,39
motu43,motu43,ASV64,parent,39
motu43,motu43,ASV620,parent,39
motu43,motu43,ASV56,parent,39
motu44,motu44,ASV57,parent,44
motu44,motu44,ASV205,parent,44
motu44,motu44,ASV223,parent,44
motu44,motu44,ASV57,parent,44
motu45,motu45,ASV58,parent,46
motu45,motu45,ASV214,parent,46
motu45,motu45,ASV58,parent,46
motu46,motu46,ASV59,parent,34
motu46,motu46,ASV69,parent,34
motu46,motu46,ASV201,parent,34
motu46,motu46,ASV864,parent,34
motu46,motu46,ASV93,parent,34
motu46,motu46,ASV59,parent,34
motu47,motu47,ASV60,parent,42
motu47,motu47,ASV91,parent,42
motu47,motu47,ASV259,parent,42
motu47,motu47,ASV60,parent,42
motu48,motu48,ASV61,parent,37
motu48,motu48,ASV110,parent,37
motu48,motu48,ASV116,parent,37
motu48,motu48,ASV113,parent,37
motu48,motu48,ASV999,parent,37
motu48,motu48,ASV839,parent,37
motu48,motu48,ASV61,parent,37
motu49,motu49,ASV62,parent,66
motu50,motu50,ASV63,parent,67
motu51,motu51,ASV65,parent,70
motu52,motu52,ASV66,parent,47
motu52,motu52,ASV118,parent,47
motu52,motu52,ASV66,parent,47
motu53,motu53,ASV67,parent,48
motu53,motu53,ASV627,parent,48
motu53,motu53,ASV67,parent,48
motu54,motu54,ASV70,parent,49
motu54,motu54,ASV291,parent,49
motu54,motu54,ASV70,parent,49
motu55,motu55,ASV71,parent,71
motu56,motu56,ASV72,parent,51
motu56,motu56,ASV780,parent,51
motu56,motu56,ASV1198,parent,51
motu56,motu56,ASV72,parent,51
motu57,motu57,ASV74,parent,75
motu58,motu58,ASV75,parent,78
motu59,motu59,ASV77,parent,50
motu59,motu59,ASV141,parent,50
motu59,motu59,ASV194,parent,50
motu59,motu59,ASV176,parent,50
motu59,motu59,ASV799,parent,50
motu59,motu59,ASV77,parent,50
motu60,motu60,ASV78,parent,56
motu60,motu60,ASV632,parent,56
motu60,motu60,ASV78,parent,56
motu61,motu61,ASV79,parent,81
motu62,motu62,ASV82,parent,58
motu62,motu62,ASV2093,parent,58
motu62,motu62,ASV82,parent,58
motu63,motu63,ASV84,parent,57
motu63,motu63,ASV280,parent,57
motu63,motu63,ASV84,parent,57
motu64,motu64,ASV87,parent,53
motu64,motu64,ASV127,parent,53
motu64,motu64,ASV1544,parent,53
motu64,motu64,ASV1760,parent,53
motu64,motu64,ASV196,parent,53
motu64,motu64,ASV731,parent,53
motu64,motu64,ASV998,parent,53
motu64,motu64,ASV1318,parent,53
motu64,motu64,ASV1076,parent,53
motu64,motu64,ASV1476,parent,53
motu64,motu64,ASV87,parent,53
motu65,motu65,ASV88,parent,55
motu65,motu65,ASV147,parent,55
motu65,motu65,ASV88,parent,55
motu66,motu66,ASV90,parent,61
motu66,motu66,ASV642,parent,61
motu66,motu66,ASV1298,parent,61
motu66,motu66,ASV90,parent,61
motu67,motu67,ASV94,parent,59
motu67,motu67,ASV190,parent,59
motu67,motu67,ASV359,parent,59
motu67,motu67,ASV94,parent,59
motu68,motu68,ASV95,parent,63
motu68,motu68,ASV322,parent,63
motu68,motu68,ASV95,parent,63
motu69,motu69,ASV97,parent,62
motu69,motu69,ASV226,parent,62
motu69,motu69,ASV97,parent,62
motu70,motu70,ASV98,parent,88
motu71,motu71,ASV102,parent,68
motu71,motu71,ASV279,parent,68
motu71,motu71,ASV102,parent,68
motu72,motu72,ASV103,parent,60
motu72,motu72,ASV144,parent,60
motu72,motu72,ASV705,parent,60
motu72,motu72,ASV103,parent,60
motu73,motu73,ASV105,parent,89
motu74,motu74,ASV109,parent,72
motu74,motu74,ASV400,parent,72
motu74,motu74,ASV109,parent,72
motu75,motu75,ASV111,parent,64
motu75,motu75,ASV170,parent,64
motu75,motu75,ASV244,parent,64
motu75,motu75,ASV111,parent,64
motu76,motu76,ASV114,parent,74
motu76,motu76,ASV251,parent,74
motu76,motu76,ASV114,parent,74
motu77,motu77,ASV117,parent,65
motu77,motu77,ASV123,parent,65
motu77,motu77,ASV117,parent,65
motu78,motu78,ASV119,parent,94
motu79,motu79,ASV121,parent,79
motu79,motu79,ASV532,parent,79
motu79,motu79,ASV121,parent,79
motu80,motu80,ASV122,parent,76
motu80,motu80,ASV232,parent,76
motu80,motu80,ASV791,parent,76
motu80,motu80,ASV561,parent,76
motu80,motu80,ASV122,parent,76
motu81,motu81,ASV124,parent,73
motu81,motu81,ASV186,parent,73
motu81,motu81,ASV267,parent,73
motu81,motu81,ASV124,parent,73
motu82,motu82,ASV125,parent,95
motu83,motu83,ASV126,parent,96
motu84,motu84,ASV129,parent,97
motu85,motu85,ASV130,parent,98
motu86,motu86,ASV131,parent,82
motu86,motu86,ASV421,parent,82
motu86,motu86,ASV131,parent,82
motu87,motu87,ASV132,parent,69
motu87,motu87,ASV135,parent,69
motu87,motu87,ASV230,parent,69
motu87,motu87,ASV290,parent,69
motu87,motu87,ASV360,parent,69
motu87,motu87,ASV132,parent,69
motu88,motu88,ASV133,parent,77
motu88,motu88,ASV171,parent,77
motu88,motu88,ASV133,parent,77
motu89,motu89,ASV136,parent,103
motu90,motu90,ASV137,parent,80
motu90,motu90,ASV154,parent,80
motu90,motu90,ASV137,parent,80
motu91,motu91,ASV138,parent,105
motu92,motu92,ASV139,parent,106
motu93,motu93,ASV142,parent,86
motu93,motu93,ASV494,parent,86
motu93,motu93,ASV142,parent,86
motu94,motu94,ASV143,parent,107
motu95,motu95,ASV145,parent,108
motu96,motu96,ASV148,parent,110
motu97,motu97,ASV149,parent,84
motu97,motu97,ASV215,parent,84
motu97,motu97,ASV1945,parent,84
motu97,motu97,ASV1946,parent,84
motu97,motu97,ASV149,parent,84
motu98,motu98,ASV150,parent,91
motu98,motu98,ASV682,parent,91
motu98,motu98,ASV150,parent,91
motu99,motu99,ASV153,parent,111
motu100,motu100,ASV156,parent,112
motu101,motu101,ASV157,parent,83
motu101,motu101,ASV167,parent,83
motu101,motu101,ASV304,parent,83
motu101,motu101,ASV157,parent,83
motu102,motu102,ASV158,parent,87
motu102,motu102,ASV210,parent,87
motu102,motu102,ASV1088,parent,87
motu102,motu102,ASV158,parent,87
motu103,motu103,ASV160,parent,113
motu104,motu104,ASV161,parent,93
motu104,motu104,ASV957,parent,93
motu104,motu104,ASV161,parent,93
motu105,motu105,ASV162,parent,114
motu106,motu106,ASV164,parent,115
motu107,motu107,ASV168,parent,90
motu107,motu107,ASV258,parent,90
motu107,motu107,ASV593,parent,90
motu107,motu107,ASV168,parent,90
motu108,motu108,ASV172,parent,85
motu108,motu108,ASV227,parent,85
motu108,motu108,ASV239,parent,85
motu108,motu108,ASV172,parent,85
motu109,motu109,ASV177,parent,119
motu110,motu110,ASV181,parent,120
motu111,motu111,ASV182,parent,99
motu111,motu111,ASV933,parent,99
motu111,motu111,ASV1928,parent,99
motu111,motu111,ASV182,parent,99
motu112,motu112,ASV183,parent,121
motu113,motu113,ASV184,parent,122
motu114,motu114,ASV189,parent,123
motu115,motu115,ASV191,parent,124
motu116,motu116,ASV193,parent,102
motu116,motu116,ASV2058,parent,102
motu116,motu116,ASV193,parent,102
motu117,motu117,ASV195,parent,92
motu117,motu117,ASV216,parent,92
motu117,motu117,ASV492,parent,92
motu117,motu117,ASV195,parent,92
motu118,motu118,ASV197,parent,126
motu119,motu119,ASV198,parent,127
motu120,motu120,ASV202,parent,128
motu121,motu121,ASV203,parent,104
motu121,motu121,ASV432,parent,104
motu121,motu121,ASV203,parent,104
motu122,motu122,ASV208,parent,129
motu123,motu123,ASV211,parent,130
motu124,motu124,ASV217,parent,134
motu125,motu125,ASV218,parent,101
motu125,motu125,ASV252,parent,101
motu125,motu125,ASV218,parent,101
motu126,motu126,ASV221,parent,100
motu126,motu126,ASV229,parent,100
motu126,motu126,ASV221,parent,100
motu127,motu127,ASV228,parent,137
motu128,motu128,ASV231,parent,109
motu128,motu128,ASV276,parent,109
motu128,motu128,ASV231,parent,109
motu129,motu129,ASV234,parent,139
motu130,motu130,ASV236,parent,116
motu130,motu130,ASV543,parent,116
motu130,motu130,ASV236,parent,116
motu131,motu131,ASV237,parent,140
motu132,motu132,ASV240,parent,118
motu132,motu132,ASV1811,parent,118
motu132,motu132,ASV240,parent,118
motu133,motu133,ASV241,parent,117
motu133,motu133,ASV1000,parent,117
motu133,motu133,ASV241,parent,117
motu134,motu134,ASV248,parent,145
motu135,motu135,ASV250,parent,146
motu136,motu136,ASV255,parent,147
motu137,motu137,ASV260,parent,148
motu138,motu138,ASV261,parent,149
motu139,motu139,ASV263,parent,150
motu140,motu140,ASV265,parent,125
motu140,motu140,ASV488,parent,125
motu140,motu140,ASV265,parent,125
motu141,motu141,ASV266,parent,152
motu142,motu142,ASV268,parent,154
motu143,motu143,ASV278,parent,132
motu143,motu143,ASV629,parent,132
motu143,motu143,ASV833,parent,132
motu143,motu143,ASV278,parent,132
motu144,motu144,ASV285,parent,135
motu144,motu144,ASV706,parent,135
motu144,motu144,ASV811,parent,135
motu144,motu144,ASV1049,parent,135
motu144,motu144,ASV1271,parent,135
motu144,motu144,ASV1402,parent,135
motu144,motu144,ASV1529,parent,135
motu144,motu144,ASV285,parent,135
motu145,motu145,ASV286,parent,136
motu145,motu145,ASV1467,parent,136
motu145,motu145,ASV1563,parent,136
motu145,motu145,ASV1937,parent,136
motu145,motu145,ASV286,parent,136
motu146,motu146,ASV288,parent,159
motu147,motu147,ASV289,parent,162
motu148,motu148,ASV293,parent,163
motu149,motu149,ASV294,parent,164
motu150,motu150,ASV295,parent,138
motu150,motu150,ASV1479,parent,138
motu150,motu150,ASV295,parent,138
motu151,motu151,ASV297,parent,165
motu152,motu152,ASV298,parent,131
motu152,motu152,ASV325,parent,131
motu152,motu152,ASV298,parent,131
motu153,motu153,ASV300,parent,166
motu154,motu154,ASV303,parent,133
motu154,motu154,ASV321,parent,133
motu154,motu154,ASV303,parent,133
motu155,motu155,ASV305,parent,168
motu156,motu156,ASV308,parent,142
motu156,motu156,ASV1835,parent,142
motu156,motu156,ASV308,parent,142
motu157,motu157,ASV309,parent,171
motu158,motu158,ASV310,parent,144
motu158,motu158,ASV1651,parent,144
motu158,motu158,ASV310,parent,144
motu159,motu159,ASV312,parent,173
motu160,motu160,ASV314,parent,174
motu161,motu161,ASV316,parent,175
motu162,motu162,ASV319,parent,179
motu163,motu163,ASV327,parent,181
motu164,motu164,ASV328,parent,182
motu165,motu165,ASV329,parent,183
motu166,motu166,ASV330,parent,141
motu166,motu166,ASV456,parent,141
motu166,motu166,ASV330,parent,141
motu167,motu167,ASV331,parent,184
motu168,motu168,ASV332,parent,185
motu169,motu169,ASV333,parent,186
motu170,motu170,ASV334,parent,187
motu171,motu171,ASV335,parent,188
motu172,motu172,ASV336,parent,189
motu173,motu173,ASV340,parent,190
motu174,motu174,ASV341,parent,143
motu174,motu174,ASV457,parent,143
motu174,motu174,ASV722,parent,143
motu174,motu174,ASV1452,parent,143
motu174,motu174,ASV1802,parent,143
motu174,motu174,ASV1988,parent,143
motu174,motu174,ASV341,parent,143
motu175,motu175,ASV342,parent,191
motu176,motu176,ASV343,parent,192
motu177,motu177,ASV345,parent,193
motu178,motu178,ASV346,parent,155
motu178,motu178,ASV688,parent,155
motu178,motu178,ASV346,parent,155
motu179,motu179,ASV347,parent,194
motu180,motu180,ASV349,parent,157
motu180,motu180,ASV1163,parent,157
motu180,motu180,ASV1287,parent,157
motu180,motu180,ASV1385,parent,157
motu180,motu180,ASV1437,parent,157
motu180,motu180,ASV349,parent,157
motu181,motu181,ASV350,parent,196
motu182,motu182,ASV353,parent,197
motu183,motu183,ASV354,parent,153
motu183,motu183,ASV537,parent,153
motu183,motu183,ASV1412,parent,153
motu183,motu183,ASV354,parent,153
motu184,motu184,ASV356,parent,198
motu185,motu185,ASV357,parent,156
motu185,motu185,ASV622,parent,156
motu185,motu185,ASV1058,parent,156
motu185,motu185,ASV1283,parent,156
motu185,motu185,ASV357,parent,156
motu186,motu186,ASV358,parent,199
motu187,motu187,ASV361,parent,200
motu188,motu188,ASV366,parent,202
motu189,motu189,ASV367,parent,204
motu190,motu190,ASV368,parent,151
motu190,motu190,ASV446,parent,151
motu190,motu190,ASV368,parent,151
motu191,motu191,ASV369,parent,207
motu192,motu192,ASV370,parent,208
motu193,motu193,ASV372,parent,209
motu194,motu194,ASV373,parent,210
motu195,motu195,ASV375,parent,211
motu196,motu196,ASV377,parent,212
motu197,motu197,ASV378,parent,161
motu197,motu197,ASV1035,parent,161
motu197,motu197,ASV2041,parent,161
motu197,motu197,ASV378,parent,161
motu198,motu198,ASV381,parent,213
motu199,motu199,ASV383,parent,215
motu200,motu200,ASV384,parent,216
motu201,motu201,ASV386,parent,217
motu202,motu202,ASV387,parent,218
motu203,motu203,ASV388,parent,219
motu204,motu204,ASV389,parent,220
motu205,motu205,ASV390,parent,167
motu205,motu205,ASV1465,parent,167
motu205,motu205,ASV390,parent,167
motu206,motu206,ASV397,parent,160
motu206,motu206,ASV548,parent,160
motu206,motu206,ASV397,parent,160
motu207,motu207,ASV398,parent,224
motu208,motu208,ASV399,parent,225
motu209,motu209,ASV403,parent,226
motu210,motu210,ASV405,parent,227
motu211,motu211,ASV406,parent,228
motu212,motu212,ASV408,parent,229
motu213,motu213,ASV409,parent,230
motu214,motu214,ASV411,parent,172
motu214,motu214,ASV1444,parent,172
motu214,motu214,ASV1838,parent,172
motu214,motu214,ASV411,parent,172
motu215,motu215,ASV413,parent,232
motu216,motu216,ASV414,parent,169
motu216,motu216,ASV809,parent,169
motu216,motu216,ASV414,parent,169
motu217,motu217,ASV415,parent,233
motu218,motu218,ASV416,parent,234
motu219,motu219,ASV418,parent,235
motu220,motu220,ASV422,parent,238
motu221,motu221,ASV425,parent,241
motu222,motu222,ASV427,parent,242
motu223,motu223,ASV428,parent,243
motu224,motu224,ASV430,parent,244
motu225,motu225,ASV434,parent,170
motu225,motu225,ASV683,parent,170
motu225,motu225,ASV1056,parent,170
motu225,motu225,ASV434,parent,170
motu226,motu226,ASV435,parent,245
motu227,motu227,ASV436,parent,178
motu227,motu227,ASV1154,parent,178
motu227,motu227,ASV1306,parent,178
motu227,motu227,ASV436,parent,178
motu228,motu228,ASV438,parent,176
motu228,motu228,ASV866,parent,176
motu228,motu228,ASV438,parent,176
motu229,motu229,ASV439,parent,246
motu230,motu230,ASV441,parent,248
motu231,motu231,ASV444,parent,249
motu232,motu232,ASV445,parent,251
motu233,motu233,ASV447,parent,252
motu234,motu234,ASV449,parent,254
motu235,motu235,ASV450,parent,180
motu235,motu235,ASV814,parent,180
motu235,motu235,ASV450,parent,180
motu236,motu236,ASV451,parent,255
motu237,motu237,ASV452,parent,256
motu238,motu238,ASV454,parent,258
motu239,motu239,ASV455,parent,158
motu239,motu239,ASV496,parent,158
motu239,motu239,ASV528,parent,158
motu239,motu239,ASV887,parent,158
motu239,motu239,ASV455,parent,158
motu240,motu240,ASV459,parent,259
motu241,motu241,ASV460,parent,260
motu242,motu242,ASV461,parent,261
motu243,motu243,ASV466,parent,263
motu244,motu244,ASV467,parent,264
motu245,motu245,ASV469,parent,265
motu246,motu246,ASV471,parent,267
motu247,motu247,ASV472,parent,201
motu247,motu247,ASV1368,parent,201
motu247,motu247,ASV472,parent,201
motu248,motu248,ASV474,parent,269
motu249,motu249,ASV475,parent,203
motu249,motu249,ASV1980,parent,203
motu249,motu249,ASV475,parent,203
motu250,motu250,ASV482,parent,195
motu250,motu250,ASV818,parent,195
motu250,motu250,ASV2090,parent,195
motu250,motu250,ASV1202,parent,195
motu250,motu250,ASV482,parent,195
motu251,motu251,ASV483,parent,270
motu252,motu252,ASV484,parent,205
motu252,motu252,ASV2024,parent,205
motu252,motu252,ASV484,parent,205
motu253,motu253,ASV485,parent,177
motu253,motu253,ASV500,parent,177
motu253,motu253,ASV485,parent,177
motu254,motu254,ASV486,parent,273
motu255,motu255,ASV489,parent,277
motu256,motu256,ASV490,parent,278
motu257,motu257,ASV491,parent,281
motu258,motu258,ASV497,parent,284
motu259,motu259,ASV501,parent,286
motu260,motu260,ASV503,parent,287
motu261,motu261,ASV504,parent,288
motu262,motu262,ASV505,parent,289
motu263,motu263,ASV507,parent,290
motu264,motu264,ASV508,parent,291
motu265,motu265,ASV513,parent,292
motu266,motu266,ASV514,parent,293
motu267,motu267,ASV519,parent,294
motu268,motu268,ASV520,parent,295
motu269,motu269,ASV521,parent,296
motu270,motu270,ASV522,parent,222
motu270,motu270,ASV1436,parent,222
motu270,motu270,ASV1693,parent,222
motu270,motu270,ASV522,parent,222
motu271,motu271,ASV523,parent,297
motu272,motu272,ASV524,parent,223
motu272,motu272,ASV1275,parent,223
motu272,motu272,ASV1948,parent,223
motu272,motu272,ASV524,parent,223
motu273,motu273,ASV525,parent,298
motu274,motu274,ASV527,parent,299
motu275,motu275,ASV529,parent,301
motu276,motu276,ASV530,parent,221
motu276,motu276,ASV876,parent,221
motu276,motu276,ASV530,parent,221
motu277,motu277,ASV533,parent,236
motu277,motu277,ASV1486,parent,236
motu277,motu277,ASV533,parent,236
motu278,motu278,ASV534,parent,231
motu278,motu278,ASV1106,parent,231
motu278,motu278,ASV534,parent,231
motu279,motu279,ASV535,parent,303
motu280,motu280,ASV536,parent,306
motu281,motu281,ASV539,parent,307
motu282,motu282,ASV540,parent,240
motu282,motu282,ASV1642,parent,240
motu282,motu282,ASV540,parent,240
motu283,motu283,ASV541,parent,206
motu283,motu283,ASV736,parent,206
motu283,motu283,ASV792,parent,206
motu283,motu283,ASV541,parent,206
motu284,motu284,ASV542,parent,308
motu285,motu285,ASV544,parent,309
motu286,motu286,ASV545,parent,310
motu287,motu287,ASV547,parent,311
motu288,motu288,ASV549,parent,312
motu289,motu289,ASV550,parent,313
motu290,motu290,ASV551,parent,314
motu291,motu291,ASV554,parent,315
motu292,motu292,ASV555,parent,316
motu293,motu293,ASV556,parent,317
motu294,motu294,ASV557,parent,237
motu294,motu294,ASV1128,parent,237
motu294,motu294,ASV1268,parent,237
motu294,motu294,ASV557,parent,237
motu295,motu295,ASV558,parent,239
motu295,motu295,ASV1080,parent,239
motu295,motu295,ASV1576,parent,239
motu295,motu295,ASV558,parent,239
motu296,motu296,ASV559,parent,319
motu297,motu297,ASV564,parent,214
motu297,motu297,ASV668,parent,214
motu297,motu297,ASV1228,parent,214
motu297,motu297,ASV1258,parent,214
motu297,motu297,ASV564,parent,214
motu298,motu298,ASV565,parent,320
motu299,motu299,ASV567,parent,321
motu300,motu300,ASV568,parent,322
motu301,motu301,ASV569,parent,323
motu302,motu302,ASV570,parent,324
motu303,motu303,ASV571,parent,325
motu304,motu304,ASV572,parent,253
motu304,motu304,ASV1913,parent,253
motu304,motu304,ASV572,parent,253
motu305,motu305,ASV573,parent,328
motu306,motu306,ASV574,parent,329
motu307,motu307,ASV576,parent,330
motu308,motu308,ASV577,parent,331
motu309,motu309,ASV579,parent,333
motu310,motu310,ASV580,parent,334
motu311,motu311,ASV582,parent,257
motu311,motu311,ASV1780,parent,257
motu311,motu311,ASV582,parent,257
motu312,motu312,ASV585,parent,335
motu313,motu313,ASV586,parent,336
motu314,motu314,ASV587,parent,337
motu315,motu315,ASV588,parent,338
motu316,motu316,ASV589,parent,339
motu317,motu317,ASV590,parent,340
motu318,motu318,ASV591,parent,341
motu319,motu319,ASV595,parent,342
motu320,motu320,ASV596,parent,262
motu320,motu320,ASV1920,parent,262
motu320,motu320,ASV596,parent,262
motu321,motu321,ASV597,parent,343
motu322,motu322,ASV598,parent,344
motu323,motu323,ASV600,parent,345
motu324,motu324,ASV601,parent,346
motu325,motu325,ASV605,parent,347
motu326,motu326,ASV606,parent,247
motu326,motu326,ASV847,parent,247
motu326,motu326,ASV1073,parent,247
motu326,motu326,ASV606,parent,247
motu327,motu327,ASV610,parent,348
motu328,motu328,ASV611,parent,350
motu329,motu329,ASV614,parent,351
motu330,motu330,ASV616,parent,353
motu331,motu331,ASV617,parent,266
motu331,motu331,ASV1264,parent,266
motu331,motu331,ASV617,parent,266
motu332,motu332,ASV618,parent,354
motu333,motu333,ASV621,parent,355
motu334,motu334,ASV623,parent,356
motu335,motu335,ASV624,parent,271
motu335,motu335,ASV1404,parent,271
motu335,motu335,ASV624,parent,271
motu336,motu336,ASV628,parent,358
motu337,motu337,ASV630,parent,359
motu338,motu338,ASV631,parent,272
motu338,motu338,ASV1291,parent,272
motu338,motu338,ASV631,parent,272
motu339,motu339,ASV633,parent,360
motu340,motu340,ASV634,parent,268
motu340,motu340,ASV1184,parent,268
motu340,motu340,ASV1322,parent,268
motu340,motu340,ASV634,parent,268
motu341,motu341,ASV635,parent,361
motu342,motu342,ASV636,parent,362
motu343,motu343,ASV637,parent,280
motu343,motu343,ASV1774,parent,280
motu343,motu343,ASV637,parent,280
motu344,motu344,ASV639,parent,363
motu345,motu345,ASV640,parent,364
motu346,motu346,ASV641,parent,365
motu347,motu347,ASV643,parent,250
motu347,motu347,ASV709,parent,250
motu347,motu347,ASV643,parent,250
motu348,motu348,ASV644,parent,366
motu349,motu349,ASV645,parent,367
motu350,motu350,ASV647,parent,368
motu351,motu351,ASV649,parent,369
motu352,motu352,ASV650,parent,370
motu353,motu353,ASV654,parent,371
motu354,motu354,ASV655,parent,279
motu354,motu354,ASV1186,parent,279
motu354,motu354,ASV655,parent,279
motu355,motu355,ASV657,parent,274
motu355,motu355,ASV1030,parent,274
motu355,motu355,ASV657,parent,274
motu356,motu356,ASV658,parent,285
motu356,motu356,ASV1564,parent,285
motu356,motu356,ASV658,parent,285
motu357,motu357,ASV659,parent,373
motu358,motu358,ASV661,parent,374
motu359,motu359,ASV662,parent,375
motu360,motu360,ASV663,parent,376
motu361,motu361,ASV664,parent,377
motu362,motu362,ASV665,parent,283
motu362,motu362,ASV1382,parent,283
motu362,motu362,ASV1383,parent,283
motu362,motu362,ASV665,parent,283
motu363,motu363,ASV666,parent,378
motu364,motu364,ASV667,parent,379
motu365,motu365,ASV669,parent,380
motu366,motu366,ASV670,parent,381
motu367,motu367,ASV671,parent,382
motu368,motu368,ASV672,parent,383
motu369,motu369,ASV673,parent,384
motu370,motu370,ASV674,parent,385
motu371,motu371,ASV677,parent,387
motu372,motu372,ASV678,parent,388
motu373,motu373,ASV679,parent,389
motu374,motu374,ASV681,parent,390
motu375,motu375,ASV684,parent,391
motu376,motu376,ASV685,parent,392
motu377,motu377,ASV686,parent,282
motu377,motu377,ASV967,parent,282
motu377,motu377,ASV1393,parent,282
motu377,motu377,ASV686,parent,282
motu378,motu378,ASV687,parent,395
motu379,motu379,ASV689,parent,396
motu380,motu380,ASV690,parent,397
motu381,motu381,ASV691,parent,398
motu382,motu382,ASV692,parent,399
motu383,motu383,ASV693,parent,302
motu383,motu383,ASV1495,parent,302
motu383,motu383,ASV693,parent,302
motu384,motu384,ASV697,parent,300
motu384,motu384,ASV1293,parent,300
motu384,motu384,ASV697,parent,300
motu385,motu385,ASV699,parent,401
motu386,motu386,ASV700,parent,400
motu387,motu387,ASV701,parent,402
motu388,motu388,ASV703,parent,275
motu388,motu388,ASV1037,parent,275
motu388,motu388,ASV1116,parent,275
motu388,motu388,ASV1500,parent,275
motu388,motu388,ASV1270,parent,275
motu388,motu388,ASV703,parent,275
motu389,motu389,ASV704,parent,404
motu390,motu390,ASV708,parent,407
motu391,motu391,ASV711,parent,409
motu392,motu392,ASV712,parent,410
motu393,motu393,ASV714,parent,414
motu394,motu394,ASV715,parent,415
motu395,motu395,ASV717,parent,416
motu396,motu396,ASV720,parent,417
motu397,motu397,ASV721,parent,418
motu398,motu398,ASV725,parent,318
motu398,motu398,ASV1589,parent,318
motu398,motu398,ASV725,parent,318
motu399,motu399,ASV726,parent,419
motu400,motu400,ASV727,parent,421
motu401,motu401,ASV728,parent,305
motu401,motu401,ASV1109,parent,305
motu401,motu401,ASV728,parent,305
motu402,motu402,ASV732,parent,422
motu403,motu403,ASV733,parent,423
motu404,motu404,ASV734,parent,424
motu405,motu405,ASV737,parent,425
motu406,motu406,ASV738,parent,426
motu407,motu407,ASV739,parent,427
motu408,motu408,ASV741,parent,428
motu409,motu409,ASV742,parent,430
motu410,motu410,ASV743,parent,431
motu411,motu411,ASV744,parent,432
motu412,motu412,ASV745,parent,433
motu413,motu413,ASV747,parent,434
motu414,motu414,ASV748,parent,332
motu414,motu414,ASV1685,parent,332
motu414,motu414,ASV748,parent,332
motu415,motu415,ASV749,parent,435
motu416,motu416,ASV750,parent,304
motu416,motu416,ASV961,parent,304
motu416,motu416,ASV750,parent,304
motu417,motu417,ASV751,parent,436
motu418,motu418,ASV752,parent,437
motu419,motu419,ASV753,parent,438
motu420,motu420,ASV755,parent,440
motu421,motu421,ASV759,parent,441
motu422,motu422,ASV760,parent,442
motu423,motu423,ASV761,parent,443
motu424,motu424,ASV764,parent,444
motu425,motu425,ASV766,parent,445
motu426,motu426,ASV767,parent,446
motu427,motu427,ASV768,parent,447
motu428,motu428,ASV769,parent,449
motu429,motu429,ASV771,parent,450
motu430,motu430,ASV772,parent,452
motu431,motu431,ASV773,parent,454
motu432,motu432,ASV774,parent,455
motu433,motu433,ASV775,parent,456
motu434,motu434,ASV776,parent,458
motu435,motu435,ASV777,parent,459
motu436,motu436,ASV779,parent,460
motu437,motu437,ASV781,parent,461
motu438,motu438,ASV784,parent,463
motu439,motu439,ASV785,parent,462
motu440,motu440,ASV786,parent,464
motu441,motu441,ASV787,parent,466
motu442,motu442,ASV788,parent,465
motu443,motu443,ASV789,parent,467
motu444,motu444,ASV794,parent,469
motu445,motu445,ASV795,parent,471
motu446,motu446,ASV796,parent,472
motu447,motu447,ASV798,parent,473
motu448,motu448,ASV800,parent,352
motu448,motu448,ASV1547,parent,352
motu448,motu448,ASV800,parent,352
motu449,motu449,ASV803,parent,357
motu449,motu449,ASV1910,parent,357
motu449,motu449,ASV803,parent,357
motu450,motu450,ASV804,parent,474
motu451,motu451,ASV805,parent,475
motu452,motu452,ASV806,parent,476
motu453,motu453,ASV807,parent,477
motu454,motu454,ASV810,parent,478
motu455,motu455,ASV813,parent,479
motu456,motu456,ASV815,parent,480
motu457,motu457,ASV816,parent,481
motu458,motu458,ASV817,parent,482
motu459,motu459,ASV819,parent,349
motu459,motu459,ASV1146,parent,349
motu459,motu459,ASV819,parent,349
motu460,motu460,ASV820,parent,483
motu461,motu461,ASV821,parent,484
motu462,motu462,ASV822,parent,485
motu463,motu463,ASV824,parent,487
motu464,motu464,ASV825,parent,327
motu464,motu464,ASV959,parent,327
motu464,motu464,ASV1259,parent,327
motu464,motu464,ASV825,parent,327
motu465,motu465,ASV826,parent,326
motu465,motu465,ASV1012,parent,326
motu465,motu465,ASV1183,parent,326
motu465,motu465,ASV1715,parent,326
motu465,motu465,ASV826,parent,326
motu466,motu466,ASV828,parent,488
motu467,motu467,ASV829,parent,489
motu468,motu468,ASV830,parent,490
motu469,motu469,ASV832,parent,491
motu470,motu470,ASV834,parent,492
motu471,motu471,ASV837,parent,493
motu472,motu472,ASV841,parent,495
motu473,motu473,ASV842,parent,494
motu474,motu474,ASV843,parent,372
motu474,motu474,ASV1451,parent,372
motu474,motu474,ASV843,parent,372
motu475,motu475,ASV844,parent,496
motu476,motu476,ASV845,parent,497
motu477,motu477,ASV846,parent,498
motu478,motu478,ASV848,parent,499
motu479,motu479,ASV849,parent,500
motu480,motu480,ASV850,parent,501
motu481,motu481,ASV851,parent,502
motu482,motu482,ASV852,parent,504
motu483,motu483,ASV853,parent,505
motu484,motu484,ASV855,parent,507
motu485,motu485,ASV856,parent,508
motu486,motu486,ASV858,parent,512
motu487,motu487,ASV860,parent,513
motu488,motu488,ASV862,parent,514
motu489,motu489,ASV867,parent,515
motu490,motu490,ASV868,parent,516
motu491,motu491,ASV869,parent,517
motu492,motu492,ASV870,parent,518
motu493,motu493,ASV871,parent,519
motu494,motu494,ASV872,parent,520
motu495,motu495,ASV873,parent,521
motu496,motu496,ASV874,parent,403
motu496,motu496,ASV1882,parent,403
motu496,motu496,ASV874,parent,403
motu497,motu497,ASV875,parent,522
motu498,motu498,ASV878,parent,523
motu499,motu499,ASV879,parent,524
motu500,motu500,ASV880,parent,525
motu501,motu501,ASV881,parent,526
motu502,motu502,ASV882,parent,406
motu502,motu502,ASV1647,parent,406
motu502,motu502,ASV1911,parent,406
motu502,motu502,ASV882,parent,406
motu503,motu503,ASV883,parent,528
motu504,motu504,ASV884,parent,529
motu505,motu505,ASV885,parent,530
motu506,motu506,ASV886,parent,531
motu507,motu507,ASV890,parent,532
motu508,motu508,ASV891,parent,533
motu509,motu509,ASV892,parent,413
motu509,motu509,ASV1587,parent,413
motu509,motu509,ASV892,parent,413
motu510,motu510,ASV893,parent,534
motu511,motu511,ASV894,parent,535
motu512,motu512,ASV895,parent,536
motu513,motu513,ASV896,parent,386
motu513,motu513,ASV1135,parent,386
motu513,motu513,ASV896,parent,386
motu514,motu514,ASV897,parent,393
motu514,motu514,ASV1302,parent,393
motu514,motu514,ASV1640,parent,393
motu514,motu514,ASV897,parent,393
motu515,motu515,ASV898,parent,537
motu516,motu516,ASV900,parent,538
motu517,motu517,ASV901,parent,539
motu518,motu518,ASV903,parent,540
motu519,motu519,ASV904,parent,541
motu520,motu520,ASV905,parent,542
motu521,motu521,ASV906,parent,543
motu522,motu522,ASV907,parent,544
motu523,motu523,ASV908,parent,545
motu524,motu524,ASV909,parent,420
motu524,motu524,ASV1673,parent,420
motu524,motu524,ASV909,parent,420
motu525,motu525,ASV910,parent,546
motu526,motu526,ASV911,parent,547
motu527,motu527,ASV912,parent,548
motu528,motu528,ASV913,parent,549
motu529,motu529,ASV914,parent,550
motu530,motu530,ASV915,parent,551
motu531,motu531,ASV916,parent,552
motu532,motu532,ASV917,parent,554
motu533,motu533,ASV918,parent,553
motu534,motu534,ASV919,parent,555
motu535,motu535,ASV920,parent,556
motu536,motu536,ASV921,parent,557
motu537,motu537,ASV922,parent,558
motu538,motu538,ASV924,parent,560
motu539,motu539,ASV926,parent,429
motu539,motu539,ASV1639,parent,429
motu539,motu539,ASV926,parent,429
motu540,motu540,ASV927,parent,562
motu541,motu541,ASV928,parent,563
motu542,motu542,ASV929,parent,564
motu543,motu543,ASV930,parent,566
motu544,motu544,ASV931,parent,567
motu545,motu545,ASV932,parent,568
motu546,motu546,ASV934,parent,569
motu547,motu547,ASV935,parent,570
motu548,motu548,ASV936,parent,571
motu549,motu549,ASV937,parent,572
motu550,motu550,ASV938,parent,573
motu551,motu551,ASV939,parent,574
motu552,motu552,ASV940,parent,575
motu553,motu553,ASV941,parent,576
motu554,motu554,ASV942,parent,578
motu555,motu555,ASV943,parent,577
motu556,motu556,ASV944,parent,579
motu557,motu557,ASV945,parent,580
motu558,motu558,ASV946,parent,582
motu559,motu559,ASV947,parent,583
motu560,motu560,ASV948,parent,584
motu561,motu561,ASV949,parent,585
motu562,motu562,ASV950,parent,586
motu563,motu563,ASV951,parent,587
motu564,motu564,ASV953,parent,588
motu565,motu565,ASV954,parent,589
motu566,motu566,ASV955,parent,591
motu567,motu567,ASV956,parent,590
motu568,motu568,ASV958,parent,448
motu568,motu568,ASV1769,parent,448
motu568,motu568,ASV958,parent,448
motu569,motu569,ASV960,parent,592
motu570,motu570,ASV963,parent,593
motu571,motu571,ASV964,parent,594
motu572,motu572,ASV965,parent,595
motu573,motu573,ASV966,parent,457
motu573,motu573,ASV1877,parent,457
motu573,motu573,ASV966,parent,457
motu574,motu574,ASV968,parent,596
motu575,motu575,ASV970,parent,598
motu576,motu576,ASV971,parent,411
motu576,motu576,ASV1074,parent,411
motu576,motu576,ASV971,parent,411
motu577,motu577,ASV972,parent,599
motu578,motu578,ASV973,parent,600
motu579,motu579,ASV974,parent,408
motu579,motu579,ASV1347,parent,408
motu579,motu579,ASV1351,parent,408
motu579,motu579,ASV1425,parent,408
motu579,motu579,ASV974,parent,408
motu580,motu580,ASV976,parent,439
motu580,motu580,ASV1308,parent,439
motu580,motu580,ASV1987,parent,439
motu580,motu580,ASV976,parent,439
motu581,motu581,ASV977,parent,394
motu581,motu581,ASV986,parent,394
motu581,motu581,ASV1761,parent,394
motu581,motu581,ASV977,parent,394
motu582,motu582,ASV978,parent,601
motu583,motu583,ASV979,parent,602
motu584,motu584,ASV980,parent,603
motu585,motu585,ASV981,parent,405
motu585,motu585,ASV1017,parent,405
motu585,motu585,ASV981,parent,405
motu586,motu586,ASV982,parent,412
motu586,motu586,ASV1059,parent,412
motu586,motu586,ASV982,parent,412
motu587,motu587,ASV983,parent,604
motu588,motu588,ASV984,parent,605
motu589,motu589,ASV985,parent,606
motu590,motu590,ASV987,parent,453
motu590,motu590,ASV1422,parent,453
motu590,motu590,ASV987,parent,453
motu591,motu591,ASV988,parent,607
motu592,motu592,ASV990,parent,608
motu593,motu593,ASV991,parent,609
motu594,motu594,ASV992,parent,610
motu595,motu595,ASV993,parent,611
motu596,motu596,ASV994,parent,612
motu597,motu597,ASV995,parent,470
motu597,motu597,ASV1674,parent,470
motu597,motu597,ASV1900,parent,470
motu597,motu597,ASV995,parent,470
motu598,motu598,ASV996,parent,613
motu599,motu599,ASV997,parent,614
motu600,motu600,ASV1001,parent,615
motu601,motu601,ASV1003,parent,616
motu602,motu602,ASV1004,parent,617
motu603,motu603,ASV1005,parent,619
motu604,motu604,ASV1006,parent,620
motu605,motu605,ASV1008,parent,622
motu606,motu606,ASV1009,parent,623
motu607,motu607,ASV1010,parent,624
motu608,motu608,ASV1011,parent,625
motu609,motu609,ASV1013,parent,627
motu610,motu610,ASV1014,parent,628
motu611,motu611,ASV1015,parent,629
motu612,motu612,ASV1016,parent,630
motu613,motu613,ASV1018,parent,631
motu614,motu614,ASV1020,parent,632
motu615,motu615,ASV1021,parent,633
motu616,motu616,ASV1022,parent,634
motu617,motu617,ASV1023,parent,635
motu618,motu618,ASV1024,parent,637
motu619,motu619,ASV1025,parent,638
motu620,motu620,ASV1026,parent,639
motu621,motu621,ASV1027,parent,640
motu622,motu622,ASV1028,parent,641
motu623,motu623,ASV1029,parent,642
motu624,motu624,ASV1032,parent,643
motu625,motu625,ASV1033,parent,644
motu626,motu626,ASV1034,parent,451
motu626,motu626,ASV1332,parent,451
motu626,motu626,ASV1439,parent,451
motu626,motu626,ASV1034,parent,451
motu627,motu627,ASV1036,parent,645
motu628,motu628,ASV1038,parent,646
motu629,motu629,ASV1039,parent,647
motu630,motu630,ASV1040,parent,648
motu631,motu631,ASV1041,parent,649
motu632,motu632,ASV1042,parent,650
motu633,motu633,ASV1043,parent,651
motu634,motu634,ASV1044,parent,652
motu635,motu635,ASV1045,parent,653
motu636,motu636,ASV1047,parent,654
motu637,motu637,ASV1048,parent,655
motu638,motu638,ASV1050,parent,656
motu639,motu639,ASV1051,parent,657
motu640,motu640,ASV1053,parent,658
motu641,motu641,ASV1054,parent,659
motu642,motu642,ASV1055,parent,660
motu643,motu643,ASV1057,parent,661
motu644,motu644,ASV1060,parent,662
motu645,motu645,ASV1061,parent,468
motu645,motu645,ASV1200,parent,468
motu645,motu645,ASV1061,parent,468
motu646,motu646,ASV1062,parent,663
motu647,motu647,ASV1064,parent,664
motu648,motu648,ASV1065,parent,665
motu649,motu649,ASV1066,parent,666
motu650,motu650,ASV1067,parent,667
motu651,motu651,ASV1068,parent,668
motu652,motu652,ASV1069,parent,669
motu653,motu653,ASV1070,parent,670
motu654,motu654,ASV1071,parent,671
motu655,motu655,ASV1072,parent,672
motu656,motu656,ASV1075,parent,673
motu657,motu657,ASV1077,parent,674
motu658,motu658,ASV1079,parent,675
motu659,motu659,ASV1081,parent,676
motu660,motu660,ASV1082,parent,509
motu660,motu660,ASV1676,parent,509
motu660,motu660,ASV1082,parent,509
motu661,motu661,ASV1084,parent,677
motu662,motu662,ASV1086,parent,678
motu663,motu663,ASV1087,parent,679
motu664,motu664,ASV1089,parent,680
motu665,motu665,ASV1090,parent,681
motu666,motu666,ASV1091,parent,682
motu667,motu667,ASV1092,parent,683
motu668,motu668,ASV1093,parent,684
motu669,motu669,ASV1094,parent,506
motu669,motu669,ASV1520,parent,506
motu669,motu669,ASV1094,parent,506
motu670,motu670,ASV1095,parent,511
motu670,motu670,ASV1524,parent,511
motu670,motu670,ASV1095,parent,511
motu671,motu671,ASV1096,parent,685
motu672,motu672,ASV1097,parent,686
motu673,motu673,ASV1098,parent,687
motu674,motu674,ASV1099,parent,688
motu675,motu675,ASV1100,parent,689
motu676,motu676,ASV1101,parent,690
motu677,motu677,ASV1104,parent,691
motu678,motu678,ASV1105,parent,692
motu679,motu679,ASV1107,parent,527
motu679,motu679,ASV1846,parent,527
motu679,motu679,ASV1107,parent,527
motu680,motu680,ASV1108,parent,694
motu681,motu681,ASV1110,parent,695
motu682,motu682,ASV1111,parent,696
motu683,motu683,ASV1112,parent,697
motu684,motu684,ASV1113,parent,698
motu685,motu685,ASV1114,parent,486
motu685,motu685,ASV1212,parent,486
motu685,motu685,ASV1114,parent,486
motu686,motu686,ASV1115,parent,699
motu687,motu687,ASV1117,parent,700
motu688,motu688,ASV1118,parent,701
motu689,motu689,ASV1119,parent,702
motu690,motu690,ASV1120,parent,703
motu691,motu691,ASV1121,parent,705
motu692,motu692,ASV1122,parent,706
motu693,motu693,ASV1124,parent,707
motu694,motu694,ASV1125,parent,708
motu695,motu695,ASV1126,parent,709
motu696,motu696,ASV1127,parent,710
motu697,motu697,ASV1131,parent,711
motu698,motu698,ASV1133,parent,713
motu699,motu699,ASV1134,parent,510
motu699,motu699,ASV1310,parent,510
motu699,motu699,ASV1134,parent,510
motu700,motu700,ASV1136,parent,714
motu701,motu701,ASV1137,parent,715
motu702,motu702,ASV1138,parent,716
motu703,motu703,ASV1139,parent,717
motu704,motu704,ASV1140,parent,718
motu705,motu705,ASV1141,parent,719
motu706,motu706,ASV1142,parent,720
motu707,motu707,ASV1143,parent,721
motu708,motu708,ASV1144,parent,722
motu709,motu709,ASV1148,parent,723
motu710,motu710,ASV1149,parent,724
motu711,motu711,ASV1150,parent,725
motu712,motu712,ASV1151,parent,727
motu713,motu713,ASV1152,parent,726
motu714,motu714,ASV1153,parent,728
motu715,motu715,ASV1155,parent,730
motu716,motu716,ASV1156,parent,731
motu717,motu717,ASV1158,parent,503
motu717,motu717,ASV1218,parent,503
motu717,motu717,ASV1158,parent,503
motu718,motu718,ASV1159,parent,732
motu719,motu719,ASV1161,parent,733
motu720,motu720,ASV1165,parent,735
motu721,motu721,ASV1167,parent,737
motu722,motu722,ASV1168,parent,736
motu723,motu723,ASV1169,parent,738
motu724,motu724,ASV1170,parent,739
motu725,motu725,ASV1171,parent,740
motu726,motu726,ASV1172,parent,742
motu727,motu727,ASV1173,parent,741
motu728,motu728,ASV1174,parent,743
motu729,motu729,ASV1175,parent,565
motu729,motu729,ASV1603,parent,565
motu729,motu729,ASV1175,parent,565
motu730,motu730,ASV1176,parent,744
motu731,motu731,ASV1177,parent,745
motu732,motu732,ASV1178,parent,746
motu733,motu733,ASV1180,parent,747
motu734,motu734,ASV1181,parent,748
motu735,motu735,ASV1182,parent,749
motu736,motu736,ASV1187,parent,750
motu737,motu737,ASV1188,parent,751
motu738,motu738,ASV1190,parent,752
motu739,motu739,ASV1191,parent,754
motu740,motu740,ASV1192,parent,753
motu741,motu741,ASV1193,parent,581
motu741,motu741,ASV1695,parent,581
motu741,motu741,ASV1807,parent,581
motu741,motu741,ASV1193,parent,581
motu742,motu742,ASV1194,parent,755
motu743,motu743,ASV1195,parent,756
motu744,motu744,ASV1196,parent,758
motu745,motu745,ASV1197,parent,759
motu746,motu746,ASV1199,parent,760
motu747,motu747,ASV1201,parent,761
motu748,motu748,ASV1203,parent,762
motu749,motu749,ASV1204,parent,763
motu750,motu750,ASV1205,parent,764
motu751,motu751,ASV1206,parent,765
motu752,motu752,ASV1207,parent,766
motu753,motu753,ASV1208,parent,767
motu754,motu754,ASV1209,parent,768
motu755,motu755,ASV1210,parent,769
motu756,motu756,ASV1211,parent,770
motu757,motu757,ASV1213,parent,771
motu758,motu758,ASV1214,parent,772
motu759,motu759,ASV1216,parent,774
motu760,motu760,ASV1217,parent,773
motu761,motu761,ASV1219,parent,775
motu762,motu762,ASV1220,parent,777
motu763,motu763,ASV1221,parent,776
motu764,motu764,ASV1222,parent,778
motu765,motu765,ASV1223,parent,779
motu766,motu766,ASV1224,parent,780
motu767,motu767,ASV1225,parent,621
motu767,motu767,ASV1909,parent,621
motu767,motu767,ASV1225,parent,621
motu768,motu768,ASV1226,parent,781
motu769,motu769,ASV1227,parent,782
motu770,motu770,ASV1229,parent,626
motu770,motu770,ASV1878,parent,626
motu770,motu770,ASV1229,parent,626
motu771,motu771,ASV1230,parent,784
motu772,motu772,ASV1231,parent,785
motu773,motu773,ASV1233,parent,786
motu774,motu774,ASV1234,parent,787
motu775,motu775,ASV1235,parent,788
motu776,motu776,ASV1237,parent,789
motu777,motu777,ASV1238,parent,790
motu778,motu778,ASV1239,parent,791
motu779,motu779,ASV1240,parent,792
motu780,motu780,ASV1241,parent,793
motu781,motu781,ASV1242,parent,794
motu782,motu782,ASV1243,parent,795
motu783,motu783,ASV1244,parent,796
motu784,motu784,ASV1245,parent,797
motu785,motu785,ASV1246,parent,636
motu785,motu785,ASV1859,parent,636
motu785,motu785,ASV1246,parent,636
motu786,motu786,ASV1247,parent,798
motu787,motu787,ASV1248,parent,799
motu788,motu788,ASV1249,parent,801
motu789,motu789,ASV1250,parent,802
motu790,motu790,ASV1251,parent,803
motu791,motu791,ASV1253,parent,804
motu792,motu792,ASV1254,parent,276
motu792,motu792,ASV1262,parent,276
motu792,motu792,ASV1329,parent,276
motu792,motu792,ASV1348,parent,276
motu792,motu792,ASV1403,parent,276
motu792,motu792,ASV1434,parent,276
motu792,motu792,ASV1503,parent,276
motu792,motu792,ASV1572,parent,276
motu792,motu792,ASV1394,parent,276
motu792,motu792,ASV1395,parent,276
motu792,motu792,ASV1415,parent,276
motu792,motu792,ASV1459,parent,276
motu792,motu792,ASV1485,parent,276
motu792,motu792,ASV1546,parent,276
motu792,motu792,ASV1556,parent,276
motu792,motu792,ASV1562,parent,276
motu792,motu792,ASV1585,parent,276
motu792,motu792,ASV1598,parent,276
motu792,motu792,ASV1599,parent,276
motu792,motu792,ASV1627,parent,276
motu792,motu792,ASV1668,parent,276
motu792,motu792,ASV1446,parent,276
motu792,motu792,ASV1516,parent,276
motu792,motu792,ASV1518,parent,276
motu792,motu792,ASV1534,parent,276
motu792,motu792,ASV1566,parent,276
motu792,motu792,ASV1573,parent,276
motu792,motu792,ASV1579,parent,276
motu792,motu792,ASV1610,parent,276
motu792,motu792,ASV1621,parent,276
motu792,motu792,ASV1622,parent,276
motu792,motu792,ASV1635,parent,276
motu792,motu792,ASV1636,parent,276
motu792,motu792,ASV1649,parent,276
motu792,motu792,ASV1658,parent,276
motu792,motu792,ASV1719,parent,276
motu792,motu792,ASV1726,parent,276
motu792,motu792,ASV1733,parent,276
motu792,motu792,ASV1582,parent,276
motu792,motu792,ASV1593,parent,276
motu792,motu792,ASV1605,parent,276
motu792,motu792,ASV1653,parent,276
motu792,motu792,ASV1654,parent,276
motu792,motu792,ASV1661,parent,276
motu792,motu792,ASV1667,parent,276
motu792,motu792,ASV1679,parent,276
motu792,motu792,ASV1682,parent,276
motu792,motu792,ASV1683,parent,276
motu792,motu792,ASV1687,parent,276
motu792,motu792,ASV1702,parent,276
motu792,motu792,ASV1718,parent,276
motu792,motu792,ASV1762,parent,276
motu792,motu792,ASV1254,parent,276
motu793,motu793,ASV1255,parent,561
motu793,motu793,ASV1273,parent,561
motu793,motu793,ASV1255,parent,561
motu794,motu794,ASV1256,parent,805
motu795,motu795,ASV1257,parent,559
motu795,motu795,ASV1260,parent,559
motu795,motu795,ASV1257,parent,559
motu796,motu796,ASV1261,parent,806
motu797,motu797,ASV1263,parent,808
motu798,motu798,ASV1265,parent,809
motu799,motu799,ASV1266,parent,810
motu800,motu800,ASV1267,parent,812
motu801,motu801,ASV1269,parent,813
motu802,motu802,ASV1272,parent,814
motu803,motu803,ASV1274,parent,815
motu804,motu804,ASV1276,parent,816
motu805,motu805,ASV1277,parent,597
motu805,motu805,ASV1414,parent,597
motu805,motu805,ASV1746,parent,597
motu805,motu805,ASV1277,parent,597
motu806,motu806,ASV1278,parent,817
motu807,motu807,ASV1279,parent,818
motu808,motu808,ASV1280,parent,819
motu809,motu809,ASV1281,parent,820
motu810,motu810,ASV1282,parent,821
motu811,motu811,ASV1284,parent,824
motu812,motu812,ASV1285,parent,823
motu813,motu813,ASV1286,parent,825
motu814,motu814,ASV1288,parent,826
motu815,motu815,ASV1289,parent,827
motu816,motu816,ASV1292,parent,828
motu817,motu817,ASV1294,parent,829
motu818,motu818,ASV1295,parent,830
motu819,motu819,ASV1296,parent,831
motu820,motu820,ASV1297,parent,618
motu820,motu820,ASV1400,parent,618
motu820,motu820,ASV1297,parent,618
motu821,motu821,ASV1300,parent,832
motu822,motu822,ASV1301,parent,834
motu823,motu823,ASV1303,parent,833
motu824,motu824,ASV1304,parent,835
motu825,motu825,ASV1305,parent,836
motu826,motu826,ASV1307,parent,837
motu827,motu827,ASV1309,parent,838
motu828,motu828,ASV1311,parent,839
motu829,motu829,ASV1312,parent,840
motu830,motu830,ASV1314,parent,841
motu831,motu831,ASV1315,parent,842
motu832,motu832,ASV1316,parent,843
motu833,motu833,ASV1317,parent,844
motu834,motu834,ASV1320,parent,693
motu834,motu834,ASV1907,parent,693
motu834,motu834,ASV1320,parent,693
motu835,motu835,ASV1321,parent,845
motu836,motu836,ASV1323,parent,846
motu837,motu837,ASV1324,parent,847
motu838,motu838,ASV1325,parent,849
motu839,motu839,ASV1326,parent,850
motu840,motu840,ASV1327,parent,851
motu841,motu841,ASV1328,parent,852
motu842,motu842,ASV1330,parent,853
motu843,motu843,ASV1331,parent,855
motu844,motu844,ASV1333,parent,854
motu845,motu845,ASV1334,parent,856
motu846,motu846,ASV1335,parent,858
motu847,motu847,ASV1336,parent,861
motu848,motu848,ASV1337,parent,859
motu849,motu849,ASV1338,parent,860
motu850,motu850,ASV1339,parent,862
motu851,motu851,ASV1340,parent,863
motu852,motu852,ASV1341,parent,864
motu853,motu853,ASV1342,parent,865
motu854,motu854,ASV1343,parent,867
motu855,motu855,ASV1344,parent,868
motu856,motu856,ASV1345,parent,866
motu857,motu857,ASV1346,parent,869
motu858,motu858,ASV1349,parent,870
motu859,motu859,ASV1350,parent,871
motu860,motu860,ASV1352,parent,872
motu861,motu861,ASV1353,parent,873
motu862,motu862,ASV1354,parent,874
motu863,motu863,ASV1355,parent,875
motu864,motu864,ASV1356,parent,876
motu865,motu865,ASV1357,parent,877
motu866,motu866,ASV1358,parent,878
motu867,motu867,ASV1359,parent,880
motu868,motu868,ASV1360,parent,881
motu869,motu869,ASV1361,parent,879
motu870,motu870,ASV1362,parent,882
motu871,motu871,ASV1363,parent,883
motu872,motu872,ASV1364,parent,734
motu872,motu872,ASV2086,parent,734
motu872,motu872,ASV1364,parent,734
motu873,motu873,ASV1365,parent,884
motu874,motu874,ASV1366,parent,885
motu875,motu875,ASV1367,parent,886
motu876,motu876,ASV1369,parent,887
motu877,motu877,ASV1370,parent,888
motu878,motu878,ASV1371,parent,889
motu879,motu879,ASV1372,parent,890
motu880,motu880,ASV1373,parent,891
motu881,motu881,ASV1374,parent,892
motu882,motu882,ASV1375,parent,704
motu882,motu882,ASV1612,parent,704
motu882,motu882,ASV1375,parent,704
motu883,motu883,ASV1376,parent,893
motu884,motu884,ASV1377,parent,894
motu885,motu885,ASV1378,parent,895
motu886,motu886,ASV1379,parent,897
motu887,motu887,ASV1380,parent,896
motu888,motu888,ASV1381,parent,898
motu889,motu889,ASV1384,parent,900
motu890,motu890,ASV1386,parent,901
motu891,motu891,ASV1387,parent,729
motu891,motu891,ASV1741,parent,729
motu891,motu891,ASV1387,parent,729
motu892,motu892,ASV1388,parent,902
motu893,motu893,ASV1389,parent,903
motu894,motu894,ASV1390,parent,906
motu895,motu895,ASV1391,parent,904
motu896,motu896,ASV1392,parent,907
motu897,motu897,ASV1396,parent,908
motu898,motu898,ASV1397,parent,757
motu898,motu898,ASV2018,parent,757
motu898,motu898,ASV1397,parent,757
motu899,motu899,ASV1398,parent,910
motu900,motu900,ASV1399,parent,909
motu901,motu901,ASV1401,parent,911
motu902,motu902,ASV1405,parent,712
motu902,motu902,ASV1538,parent,712
motu902,motu902,ASV1405,parent,712
motu903,motu903,ASV1406,parent,912
motu904,motu904,ASV1407,parent,913
motu905,motu905,ASV1408,parent,914
motu906,motu906,ASV1409,parent,915
motu907,motu907,ASV1410,parent,916
motu908,motu908,ASV1411,parent,917
motu909,motu909,ASV1413,parent,918
motu910,motu910,ASV1416,parent,920
motu911,motu911,ASV1417,parent,921
motu912,motu912,ASV1418,parent,922
motu913,motu913,ASV1419,parent,923
motu914,motu914,ASV1420,parent,924
motu915,motu915,ASV1421,parent,925
motu916,motu916,ASV1423,parent,927
motu917,motu917,ASV1424,parent,928
motu918,motu918,ASV1426,parent,929
motu919,motu919,ASV1427,parent,783
motu919,motu919,ASV1951,parent,783
motu919,motu919,ASV1427,parent,783
motu920,motu920,ASV1428,parent,930
motu921,motu921,ASV1429,parent,931
motu922,motu922,ASV1430,parent,932
motu923,motu923,ASV1431,parent,935
motu924,motu924,ASV1432,parent,934
motu925,motu925,ASV1435,parent,936
motu926,motu926,ASV1438,parent,937
motu927,motu927,ASV1440,parent,939
motu928,motu928,ASV1441,parent,938
motu929,motu929,ASV1442,parent,940
motu930,motu930,ASV1443,parent,941
motu931,motu931,ASV1445,parent,942
motu932,motu932,ASV1447,parent,943
motu933,motu933,ASV1448,parent,946
motu934,motu934,ASV1449,parent,945
motu935,motu935,ASV1450,parent,944
motu936,motu936,ASV1453,parent,947
motu937,motu937,ASV1454,parent,948
motu938,motu938,ASV1455,parent,949
motu939,motu939,ASV1456,parent,951
motu940,motu940,ASV1457,parent,952
motu941,motu941,ASV1458,parent,950
motu942,motu942,ASV1460,parent,953
motu943,motu943,ASV1461,parent,954
motu944,motu944,ASV1462,parent,956
motu945,motu945,ASV1463,parent,955
motu946,motu946,ASV1464,parent,958
motu947,motu947,ASV1466,parent,959
motu948,motu948,ASV1468,parent,957
motu949,motu949,ASV1469,parent,960
motu950,motu950,ASV1470,parent,962
motu951,motu951,ASV1471,parent,807
motu951,motu951,ASV1949,parent,807
motu951,motu951,ASV1471,parent,807
motu952,motu952,ASV1472,parent,961
motu953,motu953,ASV1473,parent,963
motu954,motu954,ASV1474,parent,964
motu955,motu955,ASV1475,parent,965
motu956,motu956,ASV1477,parent,966
motu957,motu957,ASV1478,parent,967
motu958,motu958,ASV1480,parent,968
motu959,motu959,ASV1481,parent,969
motu960,motu960,ASV1482,parent,970
motu961,motu961,ASV1483,parent,971
motu962,motu962,ASV1484,parent,972
motu963,motu963,ASV1487,parent,974
motu964,motu964,ASV1488,parent,975
motu965,motu965,ASV1489,parent,973
motu966,motu966,ASV1490,parent,977
motu967,motu967,ASV1491,parent,976
motu968,motu968,ASV1492,parent,978
motu969,motu969,ASV1493,parent,979
motu970,motu970,ASV1494,parent,980
motu971,motu971,ASV1496,parent,981
motu972,motu972,ASV1497,parent,982
motu973,motu973,ASV1498,parent,983
motu974,motu974,ASV1499,parent,985
motu975,motu975,ASV1501,parent,984
motu976,motu976,ASV1502,parent,800
motu976,motu976,ASV1680,parent,800
motu976,motu976,ASV1502,parent,800
motu977,motu977,ASV1504,parent,986
motu978,motu978,ASV1505,parent,987
motu979,motu979,ASV1506,parent,988
motu980,motu980,ASV1507,parent,989
motu981,motu981,ASV1508,parent,991
motu982,motu982,ASV1509,parent,990
motu983,motu983,ASV1511,parent,992
motu984,motu984,ASV1512,parent,993
motu985,motu985,ASV1513,parent,994
motu986,motu986,ASV1514,parent,995
motu987,motu987,ASV1515,parent,996
motu988,motu988,ASV1517,parent,997
motu989,motu989,ASV1519,parent,1000
motu990,motu990,ASV1521,parent,998
motu991,motu991,ASV1522,parent,999
motu992,motu992,ASV1523,parent,1001
motu993,motu993,ASV1525,parent,1002
motu994,motu994,ASV1526,parent,1003
motu995,motu995,ASV1527,parent,1004
motu996,motu996,ASV1528,parent,1005
motu997,motu997,ASV1530,parent,1006
motu998,motu998,ASV1531,parent,811
motu998,motu998,ASV1660,parent,811
motu998,motu998,ASV1531,parent,811
motu999,motu999,ASV1532,parent,1007
motu1000,motu1000,ASV1533,parent,1008
motu1001,motu1001,ASV1535,parent,1009
motu1002,motu1002,ASV1536,parent,1010
motu1003,motu1003,ASV1537,parent,1011
motu1004,motu1004,ASV1539,parent,1013
motu1005,motu1005,ASV1540,parent,1014
motu1006,motu1006,ASV1541,parent,1015
motu1007,motu1007,ASV1542,parent,1016
motu1008,motu1008,ASV1543,parent,1012
motu1009,motu1009,ASV1545,parent,1017
motu1010,motu1010,ASV1548,parent,1019
motu1011,motu1011,ASV1549,parent,1020
motu1012,motu1012,ASV1550,parent,1018
motu1013,motu1013,ASV1551,parent,1021
motu1014,motu1014,ASV1552,parent,1022
motu1015,motu1015,ASV1553,parent,857
motu1015,motu1015,ASV1895,parent,857
motu1015,motu1015,ASV1553,parent,857
motu1016,motu1016,ASV1554,parent,1023
motu1017,motu1017,ASV1555,parent,1024
motu1018,motu1018,ASV1557,parent,822
motu1018,motu1018,ASV1648,parent,822
motu1018,motu1018,ASV1557,parent,822
motu1019,motu1019,ASV1558,parent,1025
motu1020,motu1020,ASV1559,parent,1026
motu1021,motu1021,ASV1560,parent,1028
motu1022,motu1022,ASV1561,parent,1027
motu1023,motu1023,ASV1565,parent,1029
motu1024,motu1024,ASV1567,parent,1031
motu1025,motu1025,ASV1568,parent,1032
motu1026,motu1026,ASV1569,parent,1033
motu1027,motu1027,ASV1570,parent,1030
motu1028,motu1028,ASV1571,parent,1034
motu1029,motu1029,ASV1574,parent,1036
motu1030,motu1030,ASV1575,parent,1037
motu1031,motu1031,ASV1577,parent,1039
motu1032,motu1032,ASV1578,parent,1038
motu1033,motu1033,ASV1580,parent,1040
motu1034,motu1034,ASV1581,parent,1041
motu1035,motu1035,ASV1583,parent,1042
motu1036,motu1036,ASV1584,parent,1043
motu1037,motu1037,ASV1586,parent,1044
motu1038,motu1038,ASV1588,parent,1045
motu1039,motu1039,ASV1590,parent,848
motu1039,motu1039,ASV1669,parent,848
motu1039,motu1039,ASV1590,parent,848
motu1040,motu1040,ASV1591,parent,1046
motu1041,motu1041,ASV1592,parent,1047
motu1042,motu1042,ASV1594,parent,1048
motu1043,motu1043,ASV1595,parent,1049
motu1044,motu1044,ASV1596,parent,1050
motu1045,motu1045,ASV1597,parent,1051
motu1046,motu1046,ASV1600,parent,1052
motu1047,motu1047,ASV1601,parent,1053
motu1048,motu1048,ASV1602,parent,1054
motu1049,motu1049,ASV1604,parent,1055
motu1050,motu1050,ASV1606,parent,1057
motu1051,motu1051,ASV1607,parent,1056
motu1052,motu1052,ASV1608,parent,1058
motu1053,motu1053,ASV1609,parent,1059
motu1054,motu1054,ASV1611,parent,1061
motu1055,motu1055,ASV1613,parent,1062
motu1056,motu1056,ASV1614,parent,1060
motu1057,motu1057,ASV1615,parent,1065
motu1058,motu1058,ASV1616,parent,1066
motu1059,motu1059,ASV1617,parent,1063
motu1060,motu1060,ASV1618,parent,1064
motu1061,motu1061,ASV1619,parent,1067
motu1062,motu1062,ASV1620,parent,1068
motu1063,motu1063,ASV1623,parent,1071
motu1064,motu1064,ASV1624,parent,1070
motu1065,motu1065,ASV1625,parent,1069
motu1066,motu1066,ASV1626,parent,1072
motu1067,motu1067,ASV1628,parent,1073
motu1068,motu1068,ASV1629,parent,1079
motu1069,motu1069,ASV1630,parent,1074
motu1070,motu1070,ASV1631,parent,1075
motu1071,motu1071,ASV1632,parent,1077
motu1072,motu1072,ASV1633,parent,1076
motu1073,motu1073,ASV1634,parent,1078
motu1074,motu1074,ASV1637,parent,1082
motu1075,motu1075,ASV1638,parent,1080
motu1076,motu1076,ASV1641,parent,1081
motu1077,motu1077,ASV1643,parent,1083
motu1078,motu1078,ASV1644,parent,1084
motu1079,motu1079,ASV1645,parent,899
motu1079,motu1079,ASV1757,parent,899
motu1079,motu1079,ASV1645,parent,899
motu1080,motu1080,ASV1646,parent,1085
motu1081,motu1081,ASV1650,parent,1087
motu1082,motu1082,ASV1652,parent,1086
motu1083,motu1083,ASV1655,parent,1088
motu1084,motu1084,ASV1656,parent,1089
motu1085,motu1085,ASV1657,parent,926
motu1085,motu1085,ASV1887,parent,926
motu1085,motu1085,ASV1657,parent,926
motu1086,motu1086,ASV1659,parent,1090
motu1087,motu1087,ASV1662,parent,1092
motu1088,motu1088,ASV1663,parent,1091
motu1089,motu1089,ASV1664,parent,1093
motu1090,motu1090,ASV1665,parent,1094
motu1091,motu1091,ASV1666,parent,1095
motu1092,motu1092,ASV1670,parent,1098
motu1093,motu1093,ASV1671,parent,905
motu1093,motu1093,ASV1728,parent,905
motu1093,motu1093,ASV1671,parent,905
motu1094,motu1094,ASV1672,parent,1096
motu1095,motu1095,ASV1675,parent,1097
motu1096,motu1096,ASV1677,parent,1099
motu1097,motu1097,ASV1678,parent,1100
motu1098,motu1098,ASV1681,parent,1101
motu1099,motu1099,ASV1684,parent,1103
motu1100,motu1100,ASV1686,parent,1102
motu1101,motu1101,ASV1688,parent,1108
motu1102,motu1102,ASV1689,parent,1105
motu1103,motu1103,ASV1690,parent,1106
motu1104,motu1104,ASV1691,parent,1104
motu1105,motu1105,ASV1692,parent,1107
motu1106,motu1106,ASV1694,parent,1109
motu1107,motu1107,ASV1697,parent,1110
motu1108,motu1108,ASV1698,parent,1111
motu1109,motu1109,ASV1699,parent,1112
motu1110,motu1110,ASV1700,parent,1113
motu1111,motu1111,ASV1701,parent,1114
motu1112,motu1112,ASV1703,parent,1115
motu1113,motu1113,ASV1704,parent,1116
motu1114,motu1114,ASV1705,parent,1117
motu1115,motu1115,ASV1706,parent,1118
motu1116,motu1116,ASV1707,parent,1119
motu1117,motu1117,ASV1708,parent,1127
motu1118,motu1118,ASV1709,parent,1122
motu1119,motu1119,ASV1710,parent,1120
motu1120,motu1120,ASV1711,parent,1123
motu1121,motu1121,ASV1712,parent,1124
motu1122,motu1122,ASV1713,parent,1125
motu1123,motu1123,ASV1714,parent,1126
motu1124,motu1124,ASV1716,parent,1121
motu1125,motu1125,ASV1720,parent,1128
motu1126,motu1126,ASV1722,parent,933
motu1126,motu1126,ASV1754,parent,933
motu1126,motu1126,ASV1722,parent,933
motu1127,motu1127,ASV1723,parent,1130
motu1128,motu1128,ASV1724,parent,1129
motu1129,motu1129,ASV1725,parent,1131
motu1130,motu1130,ASV1727,parent,1132
motu1131,motu1131,ASV1729,parent,1133
motu1132,motu1132,ASV1730,parent,1135
motu1133,motu1133,ASV1731,parent,1134
motu1134,motu1134,ASV1732,parent,1136
motu1135,motu1135,ASV1734,parent,1139
motu1136,motu1136,ASV1735,parent,1140
motu1137,motu1137,ASV1736,parent,1138
motu1138,motu1138,ASV1737,parent,1137
motu1139,motu1139,ASV1738,parent,1141
motu1140,motu1140,ASV1739,parent,1142
motu1141,motu1141,ASV1740,parent,1143
motu1142,motu1142,ASV1742,parent,1144
motu1143,motu1143,ASV1743,parent,1145
motu1144,motu1144,ASV1744,parent,1146
motu1145,motu1145,ASV1745,parent,1147
motu1146,motu1146,ASV1747,parent,1148
motu1147,motu1147,ASV1748,parent,1149
motu1148,motu1148,ASV1749,parent,1150
motu1149,motu1149,ASV1750,parent,1151
motu1150,motu1150,ASV1751,parent,1152
motu1151,motu1151,ASV1752,parent,1153
motu1152,motu1152,ASV1753,parent,1154
motu1153,motu1153,ASV1755,parent,1157
motu1154,motu1154,ASV1756,parent,1155
motu1155,motu1155,ASV1758,parent,1156
motu1156,motu1156,ASV1759,parent,1158
motu1157,motu1157,ASV1763,parent,1163
motu1158,motu1158,ASV1764,parent,1164
motu1159,motu1159,ASV1765,parent,1159
motu1160,motu1160,ASV1766,parent,1160
motu1161,motu1161,ASV1767,parent,1161
motu1162,motu1162,ASV1768,parent,1162
motu1163,motu1163,ASV1770,parent,1168
motu1164,motu1164,ASV1771,parent,1166
motu1165,motu1165,ASV1772,parent,1167
motu1166,motu1166,ASV1773,parent,1165
motu1167,motu1167,ASV1775,parent,1170
motu1168,motu1168,ASV1776,parent,1171
motu1169,motu1169,ASV1777,parent,1172
motu1170,motu1170,ASV1778,parent,1169
motu1171,motu1171,ASV1779,parent,1173
motu1172,motu1172,ASV1781,parent,1174
motu1173,motu1173,ASV1782,parent,1176
motu1174,motu1174,ASV1783,parent,1175
motu1175,motu1175,ASV1784,parent,1178
motu1176,motu1176,ASV1785,parent,1179
motu1177,motu1177,ASV1786,parent,1180
motu1178,motu1178,ASV1787,parent,1177
motu1179,motu1179,ASV1788,parent,1181
motu1180,motu1180,ASV1789,parent,1182
motu1181,motu1181,ASV1790,parent,1183
motu1182,motu1182,ASV1791,parent,1184
motu1183,motu1183,ASV1792,parent,1185
motu1184,motu1184,ASV1793,parent,1186
motu1185,motu1185,ASV1794,parent,1187
motu1186,motu1186,ASV1795,parent,1188
motu1187,motu1187,ASV1796,parent,1189
motu1188,motu1188,ASV1797,parent,1190
motu1189,motu1189,ASV1798,parent,1191
motu1190,motu1190,ASV1799,parent,1192
motu1191,motu1191,ASV1800,parent,1193
motu1192,motu1192,ASV1801,parent,1035
motu1192,motu1192,ASV1888,parent,1035
motu1192,motu1192,ASV1801,parent,1035
motu1193,motu1193,ASV1803,parent,1194
motu1194,motu1194,ASV1804,parent,1195
motu1195,motu1195,ASV1805,parent,1196
motu1196,motu1196,ASV1806,parent,1197
motu1197,motu1197,ASV1808,parent,1198
motu1198,motu1198,ASV1809,parent,1199
motu1199,motu1199,ASV1810,parent,1200
motu1200,motu1200,ASV1812,parent,1201
motu1201,motu1201,ASV1813,parent,1203
motu1202,motu1202,ASV1814,parent,1202
motu1203,motu1203,ASV1815,parent,1205
motu1204,motu1204,ASV1816,parent,1204
motu1205,motu1205,ASV1817,parent,1207
motu1206,motu1206,ASV1818,parent,1206
motu1207,motu1207,ASV1819,parent,1208
motu1208,motu1208,ASV1820,parent,1209
motu1209,motu1209,ASV1821,parent,1210
motu1210,motu1210,ASV1822,parent,1211
motu1211,motu1211,ASV1823,parent,1212
motu1212,motu1212,ASV1824,parent,1213
motu1213,motu1213,ASV1825,parent,1214
motu1214,motu1214,ASV1826,parent,1215
motu1215,motu1215,ASV1827,parent,1216
motu1216,motu1216,ASV1828,parent,1217
motu1217,motu1217,ASV1829,parent,1218
motu1218,motu1218,ASV1830,parent,1223
motu1219,motu1219,ASV1831,parent,1219
motu1220,motu1220,ASV1832,parent,1220
motu1221,motu1221,ASV1833,parent,1221
motu1222,motu1222,ASV1834,parent,1222
motu1223,motu1223,ASV1836,parent,1224
motu1224,motu1224,ASV1837,parent,1225
motu1225,motu1225,ASV1839,parent,1226
motu1226,motu1226,ASV1840,parent,1234
motu1227,motu1227,ASV1841,parent,1227
motu1228,motu1228,ASV1842,parent,1228
motu1229,motu1229,ASV1843,parent,1229
motu1230,motu1230,ASV1844,parent,1230
motu1231,motu1231,ASV1845,parent,1231
motu1232,motu1232,ASV1847,parent,1235
motu1233,motu1233,ASV1848,parent,1236
motu1234,motu1234,ASV1849,parent,1232
motu1235,motu1235,ASV1850,parent,1233
motu1236,motu1236,ASV1851,parent,1243
motu1237,motu1237,ASV1852,parent,1238
motu1238,motu1238,ASV1853,parent,1239
motu1239,motu1239,ASV1854,parent,1237
motu1240,motu1240,ASV1855,parent,1240
motu1241,motu1241,ASV1856,parent,1241
motu1242,motu1242,ASV1857,parent,1242
motu1243,motu1243,ASV1858,parent,1245
motu1244,motu1244,ASV1860,parent,1249
motu1245,motu1245,ASV1861,parent,1244
motu1246,motu1246,ASV1862,parent,1246
motu1247,motu1247,ASV1863,parent,1247
motu1248,motu1248,ASV1864,parent,1248
motu1249,motu1249,ASV1865,parent,1250
motu1250,motu1250,ASV1866,parent,1254
motu1251,motu1251,ASV1867,parent,1251
motu1252,motu1252,ASV1868,parent,1252
motu1253,motu1253,ASV1869,parent,1253
motu1254,motu1254,ASV1870,parent,1256
motu1255,motu1255,ASV1871,parent,1257
motu1256,motu1256,ASV1872,parent,1255
motu1257,motu1257,ASV1873,parent,1260
motu1258,motu1258,ASV1874,parent,1261
motu1259,motu1259,ASV1875,parent,1258
motu1260,motu1260,ASV1876,parent,1259
motu1261,motu1261,ASV1879,parent,1263
motu1262,motu1262,ASV1880,parent,1264
motu1263,motu1263,ASV1881,parent,1262
motu1264,motu1264,ASV1883,parent,1265
motu1265,motu1265,ASV1884,parent,1266
motu1266,motu1266,ASV1885,parent,1267
motu1267,motu1267,ASV1886,parent,1268
motu1268,motu1268,ASV1889,parent,1269
motu1269,motu1269,ASV1890,parent,1270
motu1270,motu1270,ASV1891,parent,1271
motu1271,motu1271,ASV1892,parent,1272
motu1272,motu1272,ASV1893,parent,1274
motu1273,motu1273,ASV1894,parent,1275
motu1274,motu1274,ASV1896,parent,1273
motu1275,motu1275,ASV1897,parent,1282
motu1276,motu1276,ASV1898,parent,1277
motu1277,motu1277,ASV1899,parent,1276
motu1278,motu1278,ASV1901,parent,1278
motu1279,motu1279,ASV1902,parent,1279
motu1280,motu1280,ASV1903,parent,1280
motu1281,motu1281,ASV1904,parent,1281
motu1282,motu1282,ASV1905,parent,1283
motu1283,motu1283,ASV1906,parent,1284
motu1284,motu1284,ASV1908,parent,1285
motu1285,motu1285,ASV1912,parent,1286
motu1286,motu1286,ASV1914,parent,1287
motu1287,motu1287,ASV1915,parent,1288
motu1288,motu1288,ASV1916,parent,1289
motu1289,motu1289,ASV1917,parent,1290
motu1290,motu1290,ASV1918,parent,1291
motu1291,motu1291,ASV1919,parent,1292
motu1292,motu1292,ASV1921,parent,1293
motu1293,motu1293,ASV1922,parent,1294
motu1294,motu1294,ASV1923,parent,1295
motu1295,motu1295,ASV1924,parent,1296
motu1296,motu1296,ASV1925,parent,1297
motu1297,motu1297,ASV1926,parent,1298
motu1298,motu1298,ASV1927,parent,1299
motu1299,motu1299,ASV1929,parent,1300
motu1300,motu1300,ASV1930,parent,1306
motu1301,motu1301,ASV1931,parent,1307
motu1302,motu1302,ASV1932,parent,1301
motu1303,motu1303,ASV1933,parent,1302
motu1304,motu1304,ASV1934,parent,1303
motu1305,motu1305,ASV1935,parent,1304
motu1306,motu1306,ASV1936,parent,1305
motu1307,motu1307,ASV1938,parent,1308
motu1308,motu1308,ASV1939,parent,1309
motu1309,motu1309,ASV1940,parent,1310
motu1310,motu1310,ASV1941,parent,1312
motu1311,motu1311,ASV1942,parent,1313
motu1312,motu1312,ASV1943,parent,1314
motu1313,motu1313,ASV1944,parent,1315
motu1314,motu1314,ASV1947,parent,1311
motu1315,motu1315,ASV1950,parent,1316
motu1316,motu1316,ASV1952,parent,1317
motu1317,motu1317,ASV1953,parent,1318
motu1318,motu1318,ASV1954,parent,1319
motu1319,motu1319,ASV1955,parent,1320
motu1320,motu1320,ASV1956,parent,1321
motu1321,motu1321,ASV1957,parent,1322
motu1322,motu1322,ASV1958,parent,1323
motu1323,motu1323,ASV1959,parent,1324
motu1324,motu1324,ASV1960,parent,1325
motu1325,motu1325,ASV1961,parent,1329
motu1326,motu1326,ASV1962,parent,1330
motu1327,motu1327,ASV1963,parent,1331
motu1328,motu1328,ASV1964,parent,1332
motu1329,motu1329,ASV1965,parent,1333
motu1330,motu1330,ASV1966,parent,1338
motu1331,motu1331,ASV1967,parent,1339
motu1332,motu1332,ASV1968,parent,1326
motu1333,motu1333,ASV1969,parent,1327
motu1334,motu1334,ASV1970,parent,1328
motu1335,motu1335,ASV1971,parent,1334
motu1336,motu1336,ASV1972,parent,1335
motu1337,motu1337,ASV1973,parent,1336
motu1338,motu1338,ASV1974,parent,1337
motu1339,motu1339,ASV1975,parent,1340
motu1340,motu1340,ASV1976,parent,1341
motu1341,motu1341,ASV1978,parent,1343
motu1342,motu1342,ASV1979,parent,1344
motu1343,motu1343,ASV1981,parent,1346
motu1344,motu1344,ASV1982,parent,1342
motu1345,motu1345,ASV1983,parent,1347
motu1346,motu1346,ASV1984,parent,1345
motu1347,motu1347,ASV1985,parent,1348
motu1348,motu1348,ASV1986,parent,1349
motu1349,motu1349,ASV1989,parent,1350
motu1350,motu1350,ASV1990,parent,1355
motu1351,motu1351,ASV1991,parent,1356
motu1352,motu1352,ASV1992,parent,1352
motu1353,motu1353,ASV1993,parent,1353
motu1354,motu1354,ASV1994,parent,1357
motu1355,motu1355,ASV1995,parent,1358
motu1356,motu1356,ASV1996,parent,1351
motu1357,motu1357,ASV1997,parent,1359
motu1358,motu1358,ASV1998,parent,1354
motu1359,motu1359,ASV1999,parent,1360
motu1360,motu1360,ASV2000,parent,1370
motu1361,motu1361,ASV2001,parent,1361
motu1362,motu1362,ASV2002,parent,1362
motu1363,motu1363,ASV2003,parent,1363
motu1364,motu1364,ASV2004,parent,1364
motu1365,motu1365,ASV2005,parent,1365
motu1366,motu1366,ASV2006,parent,1366
motu1367,motu1367,ASV2007,parent,1371
motu1368,motu1368,ASV2008,parent,1367
motu1369,motu1369,ASV2009,parent,1368
motu1370,motu1370,ASV2011,parent,1372
motu1371,motu1371,ASV2012,parent,1373
motu1372,motu1372,ASV2013,parent,1374
motu1373,motu1373,ASV2014,parent,1369
motu1374,motu1374,ASV2015,parent,1375
motu1375,motu1375,ASV2016,parent,1376
motu1376,motu1376,ASV2017,parent,1377
motu1377,motu1377,ASV2019,parent,1378
motu1378,motu1378,ASV2020,parent,1379
motu1379,motu1379,ASV2021,parent,1380
motu1380,motu1380,ASV2022,parent,1381
motu1381,motu1381,ASV2023,parent,1382
motu1382,motu1382,ASV2025,parent,1384
motu1383,motu1383,ASV2026,parent,1385
motu1384,motu1384,ASV2027,parent,1386
motu1385,motu1385,ASV2028,parent,1387
motu1386,motu1386,ASV2029,parent,1383
motu1387,motu1387,ASV2030,parent,1392
motu1388,motu1388,ASV2031,parent,1393
motu1389,motu1389,ASV2032,parent,1388
motu1390,motu1390,ASV2033,parent,1389
motu1391,motu1391,ASV2034,parent,1390
motu1392,motu1392,ASV2035,parent,1391
motu1393,motu1393,ASV2036,parent,1394
motu1394,motu1394,ASV2037,parent,1395
motu1395,motu1395,ASV2038,parent,1396
motu1396,motu1396,ASV2039,parent,1397
motu1397,motu1397,ASV2040,parent,1398
motu1398,motu1398,ASV2042,parent,1409
motu1399,motu1399,ASV2043,parent,1410
motu1400,motu1400,ASV2044,parent,1411
motu1401,motu1401,ASV2045,parent,1399
motu1402,motu1402,ASV2046,parent,1400
motu1403,motu1403,ASV2047,parent,1401
motu1404,motu1404,ASV2048,parent,1402
motu1405,motu1405,ASV2049,parent,1403
motu1406,motu1406,ASV2050,parent,1404
motu1407,motu1407,ASV2051,parent,1405
motu1408,motu1408,ASV2052,parent,1406
motu1409,motu1409,ASV2053,parent,1407
motu1410,motu1410,ASV2054,parent,1412
motu1411,motu1411,ASV2055,parent,1408
motu1412,motu1412,ASV2056,parent,1423
motu1413,motu1413,ASV2057,parent,1413
motu1414,motu1414,ASV2059,parent,1414
motu1415,motu1415,ASV2060,parent,1415
motu1416,motu1416,ASV2061,parent,1416
motu1417,motu1417,ASV2062,parent,1417
motu1418,motu1418,ASV2063,parent,1418
motu1419,motu1419,ASV2064,parent,1419
motu1420,motu1420,ASV2065,parent,1420
motu1421,motu1421,ASV2066,parent,1424
motu1422,motu1422,ASV2067,parent,1421
motu1423,motu1423,ASV2068,parent,1425
motu1424,motu1424,ASV2069,parent,1426
motu1425,motu1425,ASV2070,parent,1427
motu1426,motu1426,ASV2071,parent,1422
motu1427,motu1427,ASV2072,parent,1428
motu1428,motu1428,ASV2073,parent,1429
motu1429,motu1429,ASV2074,parent,1430
motu1430,motu1430,ASV2075,parent,1431
motu1431,motu1431,ASV2076,parent,1432
motu1432,motu1432,ASV2077,parent,1433
motu1433,motu1433,ASV2078,parent,1434
motu1434,motu1434,ASV2079,parent,1435
motu1435,motu1435,ASV2080,parent,1436
motu1436,motu1436,ASV2081,parent,1437
motu1437,motu1437,ASV2082,parent,1438
motu1438,motu1438,ASV2083,parent,1439
motu1439,motu1439,ASV2084,parent,1440
motu1440,motu1440,ASV2085,parent,1441
motu1441,motu1441,ASV2087,parent,1442
motu1442,motu1442,ASV2088,parent,1443
motu1443,motu1443,ASV2089,parent,1444
motu1444,motu1444,ASV2091,parent,1445
motu1445,motu1445,ASV2092,parent,1446
motu1446,motu1446,ASV2094,parent,1447
motu1447,motu1447,ASV2095,parent,1448
motu1448,motu1448,ASV2096,parent,1449
motu1449,motu1449,ASV2097,parent,1450
motu1450,motu1450,ASV2098,parent,1451
motu1451,motu1451,ASV2099,parent,1452
motu1452,motu1452,ASV2100,parent,1453
motu1453,motu1453,ASV2101,parent,1454
motu1454,motu1454,ASV2102,parent,1455
