65	56249696	ASV1	54846504	0	2	2
42	31012008	ASV2	21665186	0	2	2
15	14023742	ASV3	13607794	0	1	1
53	15697776	ASV4	13223320	0	2	2
17	9846580	ASV5	9687843	0	1	1
27	9788030	ASV6	9372345	0	2	2
3	7777962	ASV8	7014409	0	1	1
37	9701751	ASV9	6980331	0	3	3
14	7749882	ASV10	6130399	0	2	2
7	5027422	ASV11	4745951	0	1	1
11	5290823	ASV12	4180650	0	1	1
6	4441278	ASV13	4072000	0	2	2
6	3068919	ASV14	3064217	0	1	1
2	2965207	ASV15	2964121	0	1	1
28	3971470	ASV16	2882498	0	2	2
2	2632429	ASV17	2630476	0	1	1
12	2882806	ASV18	2597666	0	2	2
6	2790040	ASV19	2424830	0	1	1
5	3220767	ASV20	2338412	0	1	1
5	2607922	ASV21	2261890	0	2	2
9	2604747	ASV22	2141063	0	2	2
17	4818570	ASV24	1759392	0	3	3
5	1747645	ASV25	1744051	0	1	1
1	1587492	ASV26	1587492	0	0	0
9	3068645	ASV27	1579598	0	2	2
7	1910234	ASV29	1513279	0	2	2
2	1471550	ASV30	1460766	0	1	1
6	1690684	ASV31	1452590	0	1	1
10	1624277	ASV33	1351604	0	2	2
5	1294905	ASV34	1234386	0	1	1
4	1549367	ASV35	1209217	0	1	1
3	1280677	ASV36	1182170	0	1	1
7	2793675	ASV37	1176520	0	2	2
4	1417313	ASV39	1109799	0	2	2
6	1422769	ASV40	1085807	0	2	2
7	1361817	ASV42	1037010	0	2	2
2	940178	ASV44	916716	0	1	1
9	1874740	ASV45	895428	0	2	2
9	1231945	ASV46	873718	0	2	2
3	1050578	ASV49	763685	0	1	1
1	755535	ASV51	755535	0	0	0
1	737432	ASV52	737432	0	0	0
4	1075583	ASV53	712662	0	2	2
1	693768	ASV54	693768	0	0	0
3	749078	ASV55	681237	0	1	1
1	652895	ASV58	652895	0	0	0
3	754523	ASV59	650570	0	1	1
2	636249	ASV61	633563	0	1	1
2	768151	ASV62	598657	0	1	1
3	638903	ASV63	586638	0	2	2
2	622952	ASV64	571492	0	1	1
3	1007394	ASV66	540914	0	2	2
1	516272	ASV68	516272	0	0	0
6	1289285	ASV69	495702	0	3	3
1	484871	ASV70	484871	0	0	0
4	485540	ASV71	482989	0	2	2
1	448927	ASV73	448927	0	0	0
3	454624	ASV76	430852	0	1	1
1	413194	ASV77	413194	0	0	0
3	504262	ASV78	407180	0	1	1
2	406246	ASV80	391215	0	1	1
3	506504	ASV81	379760	0	1	1
1	356999	ASV82	356999	0	0	0
1	350507	ASV83	350507	0	0	0
3	401609	ASV86	328029	0	1	1
3	396628	ASV89	319425	0	1	1
1	315456	ASV90	315456	0	0	0
5	661353	ASV91	303693	0	2	2
2	303298	ASV93	300668	0	1	1
3	355041	ASV94	300175	0	2	2
2	304373	ASV95	299215	0	1	1
2	292094	ASV98	292092	0	0	0
2	322000	ASV100	276673	0	1	1
4	280004	ASV101	271080	0	2	2
10	485610	ASV102	268403	0	3	3
2	374852	ASV103	266964	0	1	1
3	266738	ASV105	263907	0	1	1
1	229896	ASV114	229896	0	0	0
2	253541	ASV115	229617	0	1	1
3	343322	ASV116	227212	0	1	1
5	477616	ASV118	219368	0	2	2
2	223348	ASV121	214322	0	1	1
3	239552	ASV125	183180	0	2	2
1	172530	ASV130	172530	0	0	0
1	171145	ASV131	171145	0	0	0
2	339937	ASV132	170367	0	1	1
2	172609	ASV135	168465	0	1	1
7	332608	ASV136	167521	0	3	3
2	257415	ASV137	163374	0	1	1
1	160998	ASV138	160998	0	0	0
2	296527	ASV141	157363	0	1	1
1	155585	ASV142	155585	0	0	0
3	198694	ASV143	154895	0	1	1
1	151021	ASV147	151021	0	0	0
2	157523	ASV149	149233	0	1	1
1	144180	ASV150	144180	0	0	0
1	136176	ASV152	136176	0	0	0
2	224960	ASV153	135329	0	1	1
1	126315	ASV155	126315	0	0	0
1	122307	ASV156	122307	0	0	0
1	119636	ASV157	119636	0	0	0
1	116339	ASV159	116339	0	0	0
1	114978	ASV160	114978	0	0	0
1	108904	ASV162	108904	0	0	0
1	101979	ASV165	101979	0	0	0
2	102682	ASV167	101925	0	1	1
4	150584	ASV170	97297	0	2	2
2	97882	ASV172	95738	0	1	1
1	95327	ASV175	95327	0	0	0
2	165217	ASV176	94940	0	1	1
1	91320	ASV179	91320	0	0	0
4	231584	ASV180	91215	0	2	2
2	89735	ASV182	88919	0	1	1
1	87086	ASV184	87086	0	0	0
1	83867	ASV186	83867	0	0	0
1	83380	ASV187	83380	0	0	0
2	82748	ASV188	82634	0	1	1
4	118452	ASV193	80732	0	1	1
3	170188	ASV196	80017	0	2	2
2	117050	ASV197	79829	0	1	1
1	76210	ASV201	76210	0	0	0
1	73849	ASV205	73849	0	0	0
1	73049	ASV207	73049	0	0	0
4	102272	ASV208	73021	0	2	2
1	70584	ASV210	70584	0	0	0
3	71373	ASV211	70551	0	2	2
1	69865	ASV215	69865	0	0	0
1	65023	ASV222	65023	0	0	0
2	63774	ASV224	63769	0	1	1
1	57785	ASV232	57785	0	0	0
2	64975	ASV233	57206	0	1	1
1	53947	ASV240	53947	0	0	0
1	51120	ASV249	51120	0	0	0
1	50918	ASV250	50918	0	0	0
3	84829	ASV251	50375	0	2	2
1	49392	ASV254	49392	0	0	0
3	55903	ASV255	48385	0	1	1
1	43879	ASV267	43879	0	0	0
2	66729	ASV271	41666	0	1	1
1	40268	ASV275	40268	0	0	0
2	43390	ASV278	39423	0	1	1
1	38892	ASV279	38892	0	0	0
2	37916	ASV283	37885	0	1	1
2	38326	ASV284	37674	0	1	1
1	35637	ASV292	35637	0	0	0
1	35418	ASV293	35418	0	0	0
1	35092	ASV294	35092	0	0	0
1	34245	ASV297	34245	0	0	0
1	32019	ASV302	32019	0	0	0
2	38394	ASV308	29845	0	1	1
1	29772	ASV309	29772	0	0	0
3	62923	ASV310	29733	0	1	1
1	29497	ASV312	29497	0	0	0
1	28514	ASV315	28514	0	0	0
1	28012	ASV317	28012	0	0	0
1	25661	ASV325	25661	0	0	0
3	28281	ASV330	24414	0	2	2
1	23742	ASV334	23742	0	0	0
7	27471	ASV339	23134	0	1	1
4	23165	ASV340	22930	0	2	2
1	22754	ASV342	22754	0	0	0
1	21103	ASV348	21103	0	0	0
1	20168	ASV350	20168	0	0	0
2	20253	ASV351	20128	0	1	1
1	19632	ASV353	19632	0	0	0
1	19360	ASV355	19360	0	0	0
2	33912	ASV359	18738	0	1	1
1	18337	ASV363	18337	0	0	0
2	17755	ASV366	17728	0	1	1
2	17662	ASV367	17596	0	1	1
1	17391	ASV368	17391	0	0	0
1	17133	ASV369	17133	0	0	0
1	16980	ASV371	16980	0	0	0
1	16231	ASV377	16231	0	0	0
1	15644	ASV380	15644	0	0	0
1	15433	ASV381	15433	0	0	0
1	14614	ASV389	14614	0	0	0
1	14550	ASV390	14550	0	0	0
1	14488	ASV391	14488	0	0	0
2	21081	ASV392	14487	0	1	1
1	14395	ASV393	14395	0	0	0
1	14393	ASV394	14393	0	0	0
1	14243	ASV396	14243	0	0	0
1	14212	ASV397	14212	0	0	0
1	13976	ASV398	13976	0	0	0
6	22005	ASV403	13461	0	2	2
1	13379	ASV404	13379	0	0	0
1	13093	ASV407	13093	0	0	0
2	15114	ASV408	13023	0	1	1
1	12986	ASV409	12986	0	0	0
5	13589	ASV412	12647	0	1	1
1	12575	ASV413	12575	0	0	0
1	12454	ASV414	12454	0	0	0
1	12249	ASV418	12249	0	0	0
3	16389	ASV419	12203	0	2	2
1	12100	ASV421	12100	0	0	0
4	15650	ASV422	12095	0	2	2
1	12055	ASV424	12055	0	0	0
1	11968	ASV428	11968	0	0	0
1	11877	ASV429	11877	0	0	0
1	11511	ASV434	11511	0	0	0
1	11466	ASV435	11466	0	0	0
1	11169	ASV437	11169	0	0	0
2	18189	ASV438	11117	0	1	1
1	11056	ASV439	11056	0	0	0
1	10975	ASV440	10975	0	0	0
1	10800	ASV443	10800	0	0	0
1	10787	ASV444	10787	0	0	0
1	10740	ASV446	10740	0	0	0
3	11156	ASV449	10573	0	2	2
1	10333	ASV452	10333	0	0	0
1	9986	ASV455	9986	0	0	0
1	9888	ASV456	9888	0	0	0
1	9872	ASV458	9872	0	0	0
1	9557	ASV460	9557	0	0	0
1	9530	ASV461	9530	0	0	0
1	9511	ASV462	9511	0	0	0
2	9506	ASV465	9377	0	1	1
2	10203	ASV471	9136	0	1	1
2	13011	ASV472	9115	0	1	1
1	9085	ASV473	9085	0	0	0
1	9054	ASV474	9054	0	0	0
1	8855	ASV478	8855	0	0	0
1	8774	ASV480	8774	0	0	0
1	8772	ASV481	8772	0	0	0
1	8708	ASV483	8708	0	0	0
1	8668	ASV484	8668	0	0	0
3	8809	ASV486	8644	0	1	1
2	9792	ASV490	8498	0	1	1
1	8469	ASV491	8469	0	0	0
1	8467	ASV492	8467	0	0	0
1	8418	ASV494	8418	0	0	0
1	8187	ASV498	8187	0	0	0
1	8054	ASV501	8054	0	0	0
1	8043	ASV503	8043	0	0	0
1	8007	ASV504	8007	0	0	0
1	7888	ASV506	7888	0	0	0
3	10388	ASV512	7703	0	1	1
1	7659	ASV513	7659	0	0	0
3	8223	ASV514	7596	0	1	1
2	8580	ASV516	7569	0	1	1
1	7546	ASV518	7546	0	0	0
1	7510	ASV521	7510	0	0	0
1	7349	ASV524	7349	0	0	0
1	7172	ASV525	7172	0	0	0
1	7026	ASV529	7026	0	0	0
1	6912	ASV530	6912	0	0	0
2	8072	ASV531	6801	0	1	1
1	6800	ASV532	6800	0	0	0
1	6779	ASV533	6779	0	0	0
1	6670	ASV535	6670	0	0	0
4	16904	ASV536	6651	0	3	3
1	6514	ASV539	6514	0	0	0
1	6422	ASV541	6422	0	0	0
1	6373	ASV543	6373	0	0	0
1	6359	ASV544	6359	0	0	0
1	6194	ASV549	6194	0	0	0
1	6051	ASV550	6051	0	0	0
1	5984	ASV553	5984	0	0	0
1	5899	ASV555	5899	0	0	0
2	6042	ASV556	5855	0	1	1
1	5776	ASV559	5776	0	0	0
2	5749	ASV560	5738	0	1	1
4	7249	ASV567	5659	0	2	2
1	5645	ASV568	5645	0	0	0
2	5640	ASV569	5632	0	1	1
2	10487	ASV570	5519	0	1	1
1	5495	ASV571	5495	0	0	0
1	5358	ASV574	5358	0	0	0
1	5353	ASV575	5353	0	0	0
1	5232	ASV576	5232	0	0	0
1	5214	ASV577	5214	0	0	0
1	5054	ASV585	5054	0	0	0
1	4937	ASV593	4937	0	0	0
1	4883	ASV595	4883	0	0	0
1	4858	ASV596	4858	0	0	0
1	4802	ASV599	4802	0	0	0
1	4775	ASV601	4775	0	0	0
1	4746	ASV602	4746	0	0	0
1	4638	ASV607	4638	0	0	0
1	4607	ASV608	4607	0	0	0
1	4602	ASV609	4602	0	0	0
1	4499	ASV613	4499	0	0	0
1	4496	ASV614	4496	0	0	0
3	4685	ASV615	4487	0	1	1
1	4414	ASV616	4414	0	0	0
3	4687	ASV617	4409	0	1	1
1	4331	ASV619	4331	0	0	0
3	6958	ASV621	4295	0	2	2
1	4223	ASV623	4223	0	0	0
2	5179	ASV624	4196	0	1	1
1	4151	ASV626	4151	0	0	0
2	4259	ASV628	4140	0	1	1
2	4553	ASV629	4089	0	1	1
1	4076	ASV630	4076	0	0	0
1	4019	ASV633	4019	0	0	0
2	4069	ASV634	4000	0	1	1
3	7127	ASV635	3978	0	2	2
1	3970	ASV636	3970	0	0	0
1	3963	ASV638	3963	0	0	0
1	3961	ASV639	3961	0	0	0
1	3927	ASV641	3927	0	0	0
1	3856	ASV645	3856	0	0	0
1	3843	ASV646	3843	0	0	0
1	3788	ASV648	3788	0	0	0
1	3783	ASV649	3783	0	0	0
1	3764	ASV650	3764	0	0	0
3	4457	ASV651	3760	0	1	1
3	4339	ASV652	3743	0	1	1
1	3729	ASV653	3729	0	0	0
4	6572	ASV661	3622	0	2	2
1	3613	ASV662	3613	0	0	0
1	3575	ASV664	3575	0	0	0
1	3566	ASV667	3566	0	0	0
1	3558	ASV668	3558	0	0	0
1	3535	ASV669	3535	0	0	0
1	3504	ASV670	3504	0	0	0
2	3472	ASV671	3454	0	1	1
1	3448	ASV672	3448	0	0	0
1	3447	ASV673	3447	0	0	0
1	3437	ASV675	3437	0	0	0
1	3418	ASV676	3418	0	0	0
1	3378	ASV678	3378	0	0	0
1	3372	ASV679	3372	0	0	0
1	3357	ASV680	3357	0	0	0
2	3360	ASV682	3322	0	1	1
1	3304	ASV685	3304	0	0	0
1	3273	ASV687	3273	0	0	0
1	3252	ASV689	3252	0	0	0
1	3247	ASV690	3247	0	0	0
1	3246	ASV691	3246	0	0	0
1	3231	ASV692	3231	0	0	0
1	3228	ASV693	3228	0	0	0
1	3160	ASV697	3160	0	0	0
2	3125	ASV701	3108	0	1	1
1	3099	ASV702	3099	0	0	0
1	3068	ASV703	3068	0	0	0
1	3038	ASV705	3038	0	0	0
1	2982	ASV706	2982	0	0	0
1	2950	ASV711	2950	0	0	0
3	4595	ASV712	2945	0	1	1
1	2927	ASV716	2927	0	0	0
1	2903	ASV717	2903	0	0	0
1	2850	ASV719	2850	0	0	0
1	2825	ASV722	2825	0	0	0
2	3091	ASV723	2822	0	1	1
1	2797	ASV725	2797	0	0	0
1	2763	ASV728	2763	0	0	0
1	2734	ASV731	2734	0	0	0
2	2887	ASV732	2723	0	1	1
1	2684	ASV735	2684	0	0	0
1	2646	ASV737	2646	0	0	0
2	2876	ASV738	2630	0	1	1
3	3197	ASV740	2616	0	1	1
1	2612	ASV741	2612	0	0	0
1	2610	ASV742	2610	0	0	0
2	2640	ASV743	2602	0	1	1
1	2598	ASV745	2598	0	0	0
1	2596	ASV746	2596	0	0	0
2	4560	ASV748	2589	0	1	1
1	2561	ASV750	2561	0	0	0
1	2549	ASV752	2549	0	0	0
1	2538	ASV754	2538	0	0	0
1	2535	ASV755	2535	0	0	0
1	2492	ASV758	2492	0	0	0
2	2843	ASV759	2488	0	1	1
2	3034	ASV761	2453	0	1	1
2	2537	ASV762	2447	0	1	1
1	2425	ASV763	2425	0	0	0
1	2414	ASV766	2414	0	0	0
1	2409	ASV767	2409	0	0	0
1	2403	ASV768	2403	0	0	0
1	2397	ASV769	2397	0	0	0
3	2729	ASV770	2378	0	2	2
1	2378	ASV771	2378	0	0	0
1	2376	ASV772	2376	0	0	0
1	2349	ASV774	2349	0	0	0
1	2345	ASV775	2345	0	0	0
1	2305	ASV776	2305	0	0	0
1	2277	ASV777	2277	0	0	0
1	2269	ASV778	2269	0	0	0
1	2253	ASV779	2253	0	0	0
1	2220	ASV783	2220	0	0	0
1	2203	ASV784	2203	0	0	0
1	2200	ASV785	2200	0	0	0
1	2170	ASV788	2170	0	0	0
1	2130	ASV792	2130	0	0	0
1	2111	ASV793	2111	0	0	0
3	3008	ASV794	2102	0	1	1
1	2096	ASV795	2096	0	0	0
1	2078	ASV797	2078	0	0	0
1	2076	ASV798	2076	0	0	0
1	2071	ASV799	2071	0	0	0
1	2070	ASV800	2070	0	0	0
1	2051	ASV801	2051	0	0	0
1	2036	ASV803	2036	0	0	0
2	2151	ASV804	2036	0	1	1
2	2255	ASV808	2011	0	1	1
1	2007	ASV809	2007	0	0	0
1	2000	ASV811	2000	0	0	0
1	2000	ASV812	2000	0	0	0
5	3393	ASV814	1993	0	2	2
1	1985	ASV815	1985	0	0	0
1	1972	ASV820	1972	0	0	0
1	1946	ASV823	1946	0	0	0
1	1904	ASV826	1904	0	0	0
1	1880	ASV827	1880	0	0	0
1	1871	ASV829	1871	0	0	0
1	1851	ASV833	1851	0	0	0
1	1850	ASV834	1850	0	0	0
2	1917	ASV839	1836	0	1	1
1	1834	ASV840	1834	0	0	0
1	1806	ASV841	1806	0	0	0
2	2266	ASV842	1805	0	1	1
1	1782	ASV846	1782	0	0	0
1	1765	ASV847	1765	0	0	0
1	1752	ASV849	1752	0	0	0
1	1738	ASV852	1738	0	0	0
1	1736	ASV853	1736	0	0	0
1	1732	ASV854	1732	0	0	0
1	1715	ASV856	1715	0	0	0
1	1713	ASV857	1713	0	0	0
1	1702	ASV858	1702	0	0	0
1	1695	ASV859	1695	0	0	0
1	1692	ASV860	1692	0	0	0
1	1688	ASV861	1688	0	0	0
1	1672	ASV864	1672	0	0	0
2	1726	ASV865	1668	0	1	1
1	1666	ASV866	1666	0	0	0
2	2413	ASV867	1662	0	1	1
1	1655	ASV868	1655	0	0	0
1	1643	ASV869	1643	0	0	0
1	1641	ASV870	1641	0	0	0
1	1614	ASV871	1614	0	0	0
1	1591	ASV876	1591	0	0	0
1	1589	ASV877	1589	0	0	0
1	1588	ASV878	1588	0	0	0
1	1584	ASV881	1584	0	0	0
1	1580	ASV883	1580	0	0	0
1	1560	ASV884	1560	0	0	0
1	1556	ASV885	1556	0	0	0
1	1551	ASV886	1551	0	0	0
1	1545	ASV887	1545	0	0	0
1	1522	ASV889	1522	0	0	0
1	1503	ASV891	1503	0	0	0
1	1498	ASV892	1498	0	0	0
1	1496	ASV893	1496	0	0	0
1	1495	ASV894	1495	0	0	0
1	1480	ASV895	1480	0	0	0
1	1474	ASV896	1474	0	0	0
1	1471	ASV899	1471	0	0	0
1	1449	ASV902	1449	0	0	0
1	1445	ASV903	1445	0	0	0
1	1445	ASV904	1445	0	0	0
1	1443	ASV905	1443	0	0	0
1	1432	ASV906	1432	0	0	0
1	1432	ASV907	1432	0	0	0
1	1425	ASV908	1425	0	0	0
1	1406	ASV913	1406	0	0	0
1	1403	ASV914	1403	0	0	0
1	1398	ASV916	1398	0	0	0
1	1388	ASV918	1388	0	0	0
2	1471	ASV920	1374	0	1	1
2	1366	ASV922	1348	0	1	1
1	1337	ASV923	1337	0	0	0
1	1322	ASV925	1322	0	0	0
1	1310	ASV926	1310	0	0	0
1	1281	ASV930	1281	0	0	0
1	1271	ASV933	1271	0	0	0
1	1267	ASV936	1267	0	0	0
1	1261	ASV938	1261	0	0	0
1	1258	ASV939	1258	0	0	0
2	1658	ASV941	1252	0	1	1
1	1246	ASV942	1246	0	0	0
1	1244	ASV943	1244	0	0	0
1	1239	ASV944	1239	0	0	0
1	1231	ASV946	1231	0	0	0
3	2255	ASV947	1227	0	2	2
4	2268	ASV948	1225	0	2	2
1	1213	ASV952	1213	0	0	0
1	1212	ASV953	1212	0	0	0
1	1208	ASV954	1208	0	0	0
1	1194	ASV956	1194	0	0	0
1	1188	ASV958	1188	0	0	0
1	1170	ASV961	1170	0	0	0
1	1160	ASV965	1160	0	0	0
1	1160	ASV966	1160	0	0	0
2	1293	ASV967	1158	0	1	1
1	1153	ASV968	1153	0	0	0
1	1143	ASV970	1143	0	0	0
1	1120	ASV972	1120	0	0	0
1	1117	ASV973	1117	0	0	0
1	1109	ASV974	1109	0	0	0
1	1100	ASV975	1100	0	0	0
1	1091	ASV976	1091	0	0	0
1	1089	ASV977	1089	0	0	0
1	1083	ASV979	1083	0	0	0
1	1082	ASV980	1082	0	0	0
1	1057	ASV984	1057	0	0	0
1	1041	ASV986	1041	0	0	0
1	1009	ASV993	1009	0	0	0
1	1007	ASV994	1007	0	0	0
1	1000	ASV995	1000	0	0	0
1	995	ASV997	995	0	0	0
1	995	ASV998	995	0	0	0
1	992	ASV1000	992	0	0	0
1	992	ASV999	992	0	0	0
1	988	ASV1001	988	0	0	0
2	1004	ASV1002	983	0	1	1
1	983	ASV1004	983	0	0	0
1	963	ASV1008	963	0	0	0
1	962	ASV1009	962	0	0	0
1	960	ASV1010	960	0	0	0
1	954	ASV1011	954	0	0	0
3	1033	ASV1012	948	0	2	2
1	947	ASV1014	947	0	0	0
1	946	ASV1015	946	0	0	0
1	938	ASV1016	938	0	0	0
1	930	ASV1017	930	0	0	0
1	919	ASV1021	919	0	0	0
1	916	ASV1023	916	0	0	0
2	994	ASV1024	913	0	1	1
1	911	ASV1025	911	0	0	0
1	907	ASV1026	907	0	0	0
1	904	ASV1027	904	0	0	0
2	1325	ASV1028	904	0	1	1
3	1208	ASV1029	902	0	1	1
1	901	ASV1030	901	0	0	0
1	898	ASV1032	898	0	0	0
1	892	ASV1033	892	0	0	0
1	888	ASV1035	888	0	0	0
1	885	ASV1036	885	0	0	0
1	885	ASV1037	885	0	0	0
1	879	ASV1038	879	0	0	0
1	879	ASV1039	879	0	0	0
1	876	ASV1040	876	0	0	0
2	937	ASV1041	876	0	1	1
1	866	ASV1042	866	0	0	0
1	864	ASV1043	864	0	0	0
1	862	ASV1044	862	0	0	0
1	858	ASV1045	858	0	0	0
1	857	ASV1046	857	0	0	0
1	848	ASV1048	848	0	0	0
1	846	ASV1049	846	0	0	0
1	844	ASV1050	844	0	0	0
1	844	ASV1051	844	0	0	0
1	840	ASV1052	840	0	0	0
1	837	ASV1053	837	0	0	0
1	836	ASV1054	836	0	0	0
1	834	ASV1055	834	0	0	0
1	823	ASV1057	823	0	0	0
2	888	ASV1059	819	0	1	1
1	818	ASV1060	818	0	0	0
1	815	ASV1062	815	0	0	0
1	812	ASV1063	812	0	0	0
1	809	ASV1065	809	0	0	0
1	808	ASV1066	808	0	0	0
1	807	ASV1067	807	0	0	0
1	803	ASV1069	803	0	0	0
1	801	ASV1071	801	0	0	0
1	798	ASV1072	798	0	0	0
1	795	ASV1073	795	0	0	0
1	795	ASV1074	795	0	0	0
1	793	ASV1075	793	0	0	0
1	792	ASV1076	792	0	0	0
1	790	ASV1077	790	0	0	0
1	788	ASV1078	788	0	0	0
1	785	ASV1079	785	0	0	0
1	785	ASV1080	785	0	0	0
1	784	ASV1081	784	0	0	0
1	783	ASV1082	783	0	0	0
1	781	ASV1084	781	0	0	0
1	779	ASV1085	779	0	0	0
1	777	ASV1086	777	0	0	0
1	775	ASV1087	775	0	0	0
1	772	ASV1089	772	0	0	0
1	764	ASV1091	764	0	0	0
1	759	ASV1093	759	0	0	0
1	757	ASV1094	757	0	0	0
1	757	ASV1095	757	0	0	0
1	757	ASV1096	757	0	0	0
2	796	ASV1098	756	0	1	1
1	752	ASV1100	752	0	0	0
1	750	ASV1103	750	0	0	0
1	750	ASV1104	750	0	0	0
1	747	ASV1105	747	0	0	0
2	758	ASV1108	736	0	1	1
1	735	ASV1110	735	0	0	0
1	717	ASV1112	717	0	0	0
2	1222	ASV1114	700	0	1	1
1	699	ASV1115	699	0	0	0
1	697	ASV1116	697	0	0	0
4	1251	ASV1117	695	0	2	2
3	935	ASV1119	693	0	1	1
3	1406	ASV1120	691	0	1	1
1	690	ASV1121	690	0	0	0
1	688	ASV1122	688	0	0	0
1	688	ASV1123	688	0	0	0
2	1298	ASV1124	686	0	1	1
2	1224	ASV1125	685	0	1	1
1	685	ASV1126	685	0	0	0
1	683	ASV1127	683	0	0	0
1	675	ASV1128	675	0	0	0
2	824	ASV1130	674	0	1	1
1	670	ASV1131	670	0	0	0
1	669	ASV1133	669	0	0	0
1	668	ASV1134	668	0	0	0
1	668	ASV1135	668	0	0	0
1	667	ASV1136	667	0	0	0
1	666	ASV1137	666	0	0	0
3	742	ASV1138	662	0	1	1
1	659	ASV1139	659	0	0	0
1	656	ASV1140	656	0	0	0
1	649	ASV1145	649	0	0	0
1	646	ASV1147	646	0	0	0
1	644	ASV1148	644	0	0	0
1	641	ASV1149	641	0	0	0
1	639	ASV1150	639	0	0	0
1	635	ASV1152	635	0	0	0
1	634	ASV1153	634	0	0	0
1	633	ASV1154	633	0	0	0
1	631	ASV1155	631	0	0	0
1	628	ASV1158	628	0	0	0
1	616	ASV1159	616	0	0	0
1	614	ASV1162	614	0	0	0
1	612	ASV1163	612	0	0	0
1	610	ASV1165	610	0	0	0
1	607	ASV1166	607	0	0	0
1	605	ASV1168	605	0	0	0
1	604	ASV1169	604	0	0	0
1	600	ASV1170	600	0	0	0
1	598	ASV1171	598	0	0	0
1	593	ASV1172	593	0	0	0
1	592	ASV1173	592	0	0	0
1	592	ASV1174	592	0	0	0
1	586	ASV1175	586	0	0	0
1	585	ASV1176	585	0	0	0
1	583	ASV1177	583	0	0	0
1	579	ASV1180	579	0	0	0
1	577	ASV1181	577	0	0	0
3	931	ASV1182	577	0	2	2
1	574	ASV1185	574	0	0	0
1	573	ASV1187	573	0	0	0
1	570	ASV1188	570	0	0	0
1	569	ASV1189	569	0	0	0
1	566	ASV1190	566	0	0	0
1	556	ASV1192	556	0	0	0
1	556	ASV1193	556	0	0	0
1	555	ASV1194	555	0	0	0
1	553	ASV1195	553	0	0	0
1	551	ASV1197	551	0	0	0
1	549	ASV1198	549	0	0	0
1	546	ASV1200	546	0	0	0
1	545	ASV1201	545	0	0	0
1	544	ASV1202	544	0	0	0
1	544	ASV1203	544	0	0	0
1	543	ASV1204	543	0	0	0
1	542	ASV1206	542	0	0	0
1	539	ASV1209	539	0	0	0
2	875	ASV1210	538	0	1	1
1	537	ASV1211	537	0	0	0
1	535	ASV1213	535	0	0	0
1	534	ASV1214	534	0	0	0
1	533	ASV1215	533	0	0	0
1	533	ASV1216	533	0	0	0
1	532	ASV1217	532	0	0	0
1	527	ASV1218	527	0	0	0
1	526	ASV1219	526	0	0	0
1	525	ASV1220	525	0	0	0
1	523	ASV1221	523	0	0	0
1	523	ASV1222	523	0	0	0
1	521	ASV1225	521	0	0	0
1	514	ASV1228	514	0	0	0
1	511	ASV1230	511	0	0	0
1	510	ASV1232	510	0	0	0
2	568	ASV1233	507	0	1	1
1	504	ASV1236	504	0	0	0
1	501	ASV1238	501	0	0	0
1	493	ASV1240	493	0	0	0
1	493	ASV1241	493	0	0	0
1	492	ASV1242	492	0	0	0
1	491	ASV1243	491	0	0	0
1	490	ASV1244	490	0	0	0
2	594	ASV1245	489	0	1	1
2	586	ASV1247	482	0	1	1
1	480	ASV1248	480	0	0	0
1	478	ASV1249	478	0	0	0
1	476	ASV1250	476	0	0	0
1	476	ASV1251	476	0	0	0
1	474	ASV1252	474	0	0	0
1	474	ASV1253	474	0	0	0
1	467	ASV1256	467	0	0	0
1	467	ASV1257	467	0	0	0
2	488	ASV1259	462	0	1	1
1	462	ASV1260	462	0	0	0
1	460	ASV1262	460	0	0	0
1	460	ASV1263	460	0	0	0
1	458	ASV1264	458	0	0	0
1	455	ASV1265	455	0	0	0
2	777	ASV1266	454	0	1	1
1	453	ASV1267	453	0	0	0
1	451	ASV1268	451	0	0	0
1	444	ASV1270	444	0	0	0
1	442	ASV1271	442	0	0	0
1	440	ASV1273	440	0	0	0
1	440	ASV1274	440	0	0	0
1	438	ASV1275	438	0	0	0
1	436	ASV1277	436	0	0	0
1	435	ASV1279	435	0	0	0
1	434	ASV1280	434	0	0	0
1	431	ASV1282	431	0	0	0
1	431	ASV1283	431	0	0	0
1	426	ASV1287	426	0	0	0
1	424	ASV1289	424	0	0	0
1	422	ASV1290	422	0	0	0
2	652	ASV1291	422	0	1	1
1	417	ASV1294	417	0	0	0
1	416	ASV1295	416	0	0	0
1	416	ASV1296	416	0	0	0
1	416	ASV1297	416	0	0	0
1	413	ASV1298	413	0	0	0
1	413	ASV1299	413	0	0	0
1	412	ASV1300	412	0	0	0
1	410	ASV1301	410	0	0	0
1	408	ASV1302	408	0	0	0
1	402	ASV1306	402	0	0	0
1	400	ASV1307	400	0	0	0
1	399	ASV1308	399	0	0	0
1	398	ASV1309	398	0	0	0
1	398	ASV1310	398	0	0	0
1	396	ASV1311	396	0	0	0
1	390	ASV1313	390	0	0	0
1	388	ASV1314	388	0	0	0
2	706	ASV1316	387	0	1	1
1	387	ASV1317	387	0	0	0
1	384	ASV1319	384	0	0	0
1	376	ASV1322	376	0	0	0
1	372	ASV1324	372	0	0	0
1	372	ASV1325	372	0	0	0
1	372	ASV1326	372	0	0	0
1	371	ASV1327	371	0	0	0
1	370	ASV1328	370	0	0	0
1	368	ASV1329	368	0	0	0
1	368	ASV1330	368	0	0	0
1	368	ASV1331	368	0	0	0
2	444	ASV1332	367	0	1	1
1	366	ASV1333	366	0	0	0
1	364	ASV1334	364	0	0	0
1	363	ASV1335	363	0	0	0
1	363	ASV1337	363	0	0	0
1	363	ASV1338	363	0	0	0
1	362	ASV1339	362	0	0	0
1	353	ASV1345	353	0	0	0
1	353	ASV1346	353	0	0	0
1	347	ASV1349	347	0	0	0
1	347	ASV1350	347	0	0	0
1	347	ASV1351	347	0	0	0
3	435	ASV1352	346	0	1	1
1	345	ASV1353	345	0	0	0
1	345	ASV1354	345	0	0	0
1	344	ASV1355	344	0	0	0
1	343	ASV1356	343	0	0	0
1	339	ASV1358	339	0	0	0
1	336	ASV1360	336	0	0	0
1	333	ASV1362	333	0	0	0
1	333	ASV1363	333	0	0	0
1	332	ASV1364	332	0	0	0
3	586	ASV1365	331	0	2	2
1	330	ASV1366	330	0	0	0
1	330	ASV1367	330	0	0	0
1	327	ASV1368	327	0	0	0
1	326	ASV1369	326	0	0	0
1	325	ASV1371	325	0	0	0
1	325	ASV1372	325	0	0	0
1	323	ASV1374	323	0	0	0
1	323	ASV1375	323	0	0	0
1	320	ASV1377	320	0	0	0
1	320	ASV1378	320	0	0	0
1	318	ASV1380	318	0	0	0
1	317	ASV1381	317	0	0	0
1	317	ASV1382	317	0	0	0
1	316	ASV1383	316	0	0	0
1	313	ASV1384	313	0	0	0
1	313	ASV1385	313	0	0	0
2	328	ASV1386	310	0	1	1
1	308	ASV1387	308	0	0	0
1	307	ASV1388	307	0	0	0
2	325	ASV1390	304	0	1	1
1	302	ASV1391	302	0	0	0
1	302	ASV1392	302	0	0	0
1	301	ASV1394	301	0	0	0
1	301	ASV1395	301	0	0	0
1	300	ASV1397	300	0	0	0
1	297	ASV1399	297	0	0	0
1	296	ASV1400	296	0	0	0
1	295	ASV1401	295	0	0	0
1	293	ASV1402	293	0	0	0
1	293	ASV1403	293	0	0	0
1	291	ASV1404	291	0	0	0
1	290	ASV1405	290	0	0	0
1	290	ASV1406	290	0	0	0
1	288	ASV1407	288	0	0	0
2	311	ASV1408	287	0	1	1
1	287	ASV1409	287	0	0	0
1	286	ASV1410	286	0	0	0
1	284	ASV1411	284	0	0	0
1	284	ASV1412	284	0	0	0
1	281	ASV1413	281	0	0	0
1	281	ASV1415	281	0	0	0
55	5238	ASV1416	280	0	5	5
2	542	ASV1418	277	0	1	1
1	277	ASV1419	277	0	0	0
2	550	ASV1420	276	0	1	1
1	272	ASV1424	272	0	0	0
1	269	ASV1426	269	0	0	0
1	269	ASV1428	269	0	0	0
1	269	ASV1429	269	0	0	0
1	268	ASV1430	268	0	0	0
1	266	ASV1432	266	0	0	0
1	266	ASV1435	266	0	0	0
1	264	ASV1437	264	0	0	0
1	264	ASV1439	264	0	0	0
3	464	ASV1440	262	0	1	1
1	262	ASV1441	262	0	0	0
1	261	ASV1442	261	0	0	0
1	260	ASV1443	260	0	0	0
1	259	ASV1444	259	0	0	0
1	258	ASV1445	258	0	0	0
1	251	ASV1447	251	0	0	0
1	251	ASV1448	251	0	0	0
1	250	ASV1449	250	0	0	0
1	249	ASV1451	249	0	0	0
1	248	ASV1452	248	0	0	0
1	246	ASV1455	246	0	0	0
1	244	ASV1457	244	0	0	0
1	241	ASV1459	241	0	0	0
1	239	ASV1460	239	0	0	0
2	404	ASV1461	238	0	1	1
1	238	ASV1464	238	0	0	0
1	237	ASV1465	237	0	0	0
1	237	ASV1467	237	0	0	0
1	236	ASV1468	236	0	0	0
1	234	ASV1469	234	0	0	0
1	232	ASV1471	232	0	0	0
1	231	ASV1473	231	0	0	0
1	230	ASV1475	230	0	0	0
1	229	ASV1476	229	0	0	0
1	227	ASV1478	227	0	0	0
1	227	ASV1479	227	0	0	0
1	226	ASV1480	226	0	0	0
1	226	ASV1481	226	0	0	0
1	224	ASV1482	224	0	0	0
2	243	ASV1485	224	0	1	1
1	223	ASV1486	223	0	0	0
1	223	ASV1488	223	0	0	0
1	222	ASV1489	222	0	0	0
1	218	ASV1490	218	0	0	0
1	217	ASV1491	217	0	0	0
1	217	ASV1492	217	0	0	0
1	217	ASV1493	217	0	0	0
1	216	ASV1495	216	0	0	0
1	214	ASV1496	214	0	0	0
1	214	ASV1498	214	0	0	0
1	213	ASV1499	213	0	0	0
1	212	ASV1500	212	0	0	0
1	210	ASV1501	210	0	0	0
1	210	ASV1502	210	0	0	0
1	210	ASV1503	210	0	0	0
1	210	ASV1504	210	0	0	0
1	209	ASV1505	209	0	0	0
1	209	ASV1506	209	0	0	0
1	208	ASV1507	208	0	0	0
1	207	ASV1508	207	0	0	0
1	207	ASV1509	207	0	0	0
1	207	ASV1510	207	0	0	0
1	207	ASV1511	207	0	0	0
1	203	ASV1514	203	0	0	0
1	203	ASV1515	203	0	0	0
1	202	ASV1517	202	0	0	0
1	201	ASV1518	201	0	0	0
1	200	ASV1519	200	0	0	0
1	200	ASV1520	200	0	0	0
1	198	ASV1521	198	0	0	0
1	198	ASV1522	198	0	0	0
1	197	ASV1523	197	0	0	0
1	195	ASV1524	195	0	0	0
1	195	ASV1525	195	0	0	0
1	195	ASV1526	195	0	0	0
1	193	ASV1527	193	0	0	0
1	191	ASV1528	191	0	0	0
2	193	ASV1530	190	0	1	1
1	189	ASV1531	189	0	0	0
1	189	ASV1532	189	0	0	0
1	188	ASV1533	188	0	0	0
1	186	ASV1535	186	0	0	0
1	186	ASV1536	186	0	0	0
1	184	ASV1537	184	0	0	0
1	184	ASV1538	184	0	0	0
1	183	ASV1539	183	0	0	0
1	182	ASV1540	182	0	0	0
2	257	ASV1541	182	0	1	1
1	182	ASV1542	182	0	0	0
1	180	ASV1543	180	0	0	0
1	179	ASV1544	179	0	0	0
1	178	ASV1545	178	0	0	0
1	178	ASV1546	178	0	0	0
1	176	ASV1547	176	0	0	0
1	175	ASV1550	175	0	0	0
1	175	ASV1552	175	0	0	0
2	221	ASV1553	174	0	1	1
1	173	ASV1554	173	0	0	0
1	172	ASV1555	172	0	0	0
1	172	ASV1556	172	0	0	0
1	172	ASV1557	172	0	0	0
1	171	ASV1558	171	0	0	0
1	170	ASV1562	170	0	0	0
2	298	ASV1563	170	0	1	1
2	176	ASV1564	168	0	1	1
1	167	ASV1565	167	0	0	0
1	167	ASV1566	167	0	0	0
1	166	ASV1568	166	0	0	0
2	262	ASV1572	163	0	1	1
1	162	ASV1573	162	0	0	0
1	162	ASV1574	162	0	0	0
1	161	ASV1575	161	0	0	0
1	161	ASV1576	161	0	0	0
1	160	ASV1577	160	0	0	0
1	160	ASV1578	160	0	0	0
1	159	ASV1580	159	0	0	0
1	158	ASV1582	158	0	0	0
1	156	ASV1584	156	0	0	0
1	155	ASV1585	155	0	0	0
1	154	ASV1586	154	0	0	0
1	153	ASV1587	153	0	0	0
1	152	ASV1588	152	0	0	0
1	152	ASV1589	152	0	0	0
1	149	ASV1591	149	0	0	0
1	148	ASV1592	148	0	0	0
1	147	ASV1594	147	0	0	0
2	159	ASV1595	146	0	1	1
1	146	ASV1596	146	0	0	0
1	145	ASV1597	145	0	0	0
1	145	ASV1598	145	0	0	0
1	145	ASV1599	145	0	0	0
1	144	ASV1600	144	0	0	0
1	144	ASV1601	144	0	0	0
1	141	ASV1604	141	0	0	0
1	140	ASV1607	140	0	0	0
1	139	ASV1609	139	0	0	0
1	139	ASV1610	139	0	0	0
1	138	ASV1611	138	0	0	0
1	138	ASV1612	138	0	0	0
1	137	ASV1614	137	0	0	0
1	136	ASV1616	136	0	0	0
1	135	ASV1617	135	0	0	0
1	135	ASV1618	135	0	0	0
1	135	ASV1619	135	0	0	0
1	134	ASV1622	134	0	0	0
1	133	ASV1623	133	0	0	0
1	133	ASV1624	133	0	0	0
1	132	ASV1625	132	0	0	0
1	132	ASV1626	132	0	0	0
1	132	ASV1627	132	0	0	0
1	131	ASV1629	131	0	0	0
1	131	ASV1630	131	0	0	0
1	130	ASV1631	130	0	0	0
1	130	ASV1632	130	0	0	0
1	129	ASV1633	129	0	0	0
1	129	ASV1635	129	0	0	0
1	129	ASV1637	129	0	0	0
1	129	ASV1638	129	0	0	0
1	128	ASV1639	128	0	0	0
2	141	ASV1640	128	0	1	1
1	128	ASV1642	128	0	0	0
1	128	ASV1643	128	0	0	0
1	127	ASV1644	127	0	0	0
1	126	ASV1645	126	0	0	0
1	126	ASV1647	126	0	0	0
1	126	ASV1648	126	0	0	0
1	124	ASV1650	124	0	0	0
1	123	ASV1651	123	0	0	0
1	122	ASV1652	122	0	0	0
1	121	ASV1653	121	0	0	0
1	120	ASV1654	120	0	0	0
1	118	ASV1657	118	0	0	0
1	118	ASV1658	118	0	0	0
1	118	ASV1659	118	0	0	0
1	117	ASV1660	117	0	0	0
1	117	ASV1661	117	0	0	0
1	117	ASV1662	117	0	0	0
1	117	ASV1663	117	0	0	0
1	116	ASV1664	116	0	0	0
1	116	ASV1665	116	0	0	0
1	115	ASV1667	115	0	0	0
1	115	ASV1668	115	0	0	0
1	115	ASV1669	115	0	0	0
1	114	ASV1670	114	0	0	0
1	114	ASV1672	114	0	0	0
1	114	ASV1674	114	0	0	0
2	172	ASV1675	113	0	1	1
1	112	ASV1677	112	0	0	0
1	112	ASV1678	112	0	0	0
1	112	ASV1679	112	0	0	0
1	111	ASV1680	111	0	0	0
1	111	ASV1681	111	0	0	0
1	110	ASV1682	110	0	0	0
1	110	ASV1683	110	0	0	0
1	109	ASV1685	109	0	0	0
1	108	ASV1686	108	0	0	0
1	108	ASV1687	108	0	0	0
1	108	ASV1688	108	0	0	0
1	107	ASV1689	107	0	0	0
1	106	ASV1691	106	0	0	0
1	105	ASV1693	105	0	0	0
1	105	ASV1695	105	0	0	0
1	105	ASV1696	105	0	0	0
1	104	ASV1697	104	0	0	0
1	104	ASV1699	104	0	0	0
1	104	ASV1700	104	0	0	0
1	104	ASV1701	104	0	0	0
1	103	ASV1702	103	0	0	0
1	103	ASV1704	103	0	0	0
2	166	ASV1705	102	0	1	1
1	102	ASV1706	102	0	0	0
1	102	ASV1707	102	0	0	0
1	100	ASV1709	100	0	0	0
1	100	ASV1710	100	0	0	0
1	100	ASV1711	100	0	0	0
1	99	ASV1713	99	0	0	0
1	99	ASV1714	99	0	0	0
1	99	ASV1715	99	0	0	0
1	99	ASV1716	99	0	0	0
1	99	ASV1717	99	0	0	0
1	98	ASV1719	98	0	0	0
1	97	ASV1722	97	0	0	0
1	97	ASV1723	97	0	0	0
1	97	ASV1724	97	0	0	0
1	97	ASV1725	97	0	0	0
1	96	ASV1726	96	0	0	0
2	116	ASV1727	96	0	1	1
1	94	ASV1728	94	0	0	0
1	94	ASV1729	94	0	0	0
2	159	ASV1731	93	0	1	1
1	93	ASV1732	93	0	0	0
1	93	ASV1733	93	0	0	0
1	93	ASV1734	93	0	0	0
1	93	ASV1735	93	0	0	0
1	93	ASV1736	93	0	0	0
1	90	ASV1738	90	0	0	0
1	90	ASV1741	90	0	0	0
1	89	ASV1743	89	0	0	0
1	89	ASV1744	89	0	0	0
1	89	ASV1745	89	0	0	0
1	89	ASV1746	89	0	0	0
1	88	ASV1747	88	0	0	0
1	86	ASV1748	86	0	0	0
1	85	ASV1751	85	0	0	0
1	85	ASV1752	85	0	0	0
1	84	ASV1754	84	0	0	0
1	84	ASV1755	84	0	0	0
1	83	ASV1757	83	0	0	0
1	83	ASV1758	83	0	0	0
1	82	ASV1760	82	0	0	0
1	82	ASV1761	82	0	0	0
1	81	ASV1763	81	0	0	0
1	81	ASV1765	81	0	0	0
1	81	ASV1766	81	0	0	0
2	141	ASV1768	80	0	1	1
1	80	ASV1769	80	0	0	0
1	80	ASV1770	80	0	0	0
1	79	ASV1772	79	0	0	0
1	79	ASV1773	79	0	0	0
1	79	ASV1774	79	0	0	0
1	78	ASV1775	78	0	0	0
1	77	ASV1778	77	0	0	0
1	77	ASV1779	77	0	0	0
1	77	ASV1780	77	0	0	0
1	77	ASV1782	77	0	0	0
1	76	ASV1784	76	0	0	0
1	76	ASV1785	76	0	0	0
1	76	ASV1786	76	0	0	0
1	76	ASV1787	76	0	0	0
1	75	ASV1789	75	0	0	0
1	75	ASV1791	75	0	0	0
1	75	ASV1792	75	0	0	0
1	74	ASV1793	74	0	0	0
1	74	ASV1794	74	0	0	0
1	74	ASV1795	74	0	0	0
1	74	ASV1796	74	0	0	0
1	73	ASV1797	73	0	0	0
1	73	ASV1798	73	0	0	0
1	72	ASV1801	72	0	0	0
1	72	ASV1802	72	0	0	0
1	72	ASV1803	72	0	0	0
1	72	ASV1804	72	0	0	0
1	72	ASV1805	72	0	0	0
1	71	ASV1807	71	0	0	0
1	70	ASV1808	70	0	0	0
1	70	ASV1809	70	0	0	0
1	70	ASV1810	70	0	0	0
1	70	ASV1811	70	0	0	0
1	70	ASV1812	70	0	0	0
1	70	ASV1813	70	0	0	0
1	69	ASV1816	69	0	0	0
1	69	ASV1817	69	0	0	0
1	69	ASV1820	69	0	0	0
1	68	ASV1822	68	0	0	0
1	67	ASV1823	67	0	0	0
2	109	ASV1824	67	0	1	1
1	67	ASV1825	67	0	0	0
1	66	ASV1829	66	0	0	0
1	66	ASV1831	66	0	0	0
1	65	ASV1834	65	0	0	0
1	65	ASV1836	65	0	0	0
2	86	ASV1837	65	0	1	1
1	64	ASV1839	64	0	0	0
1	63	ASV1842	63	0	0	0
1	63	ASV1843	63	0	0	0
1	63	ASV1844	63	0	0	0
1	63	ASV1845	63	0	0	0
1	62	ASV1846	62	0	0	0
1	61	ASV1850	61	0	0	0
2	111	ASV1851	61	0	1	1
1	61	ASV1852	61	0	0	0
1	61	ASV1855	61	0	0	0
1	60	ASV1857	60	0	0	0
1	60	ASV1858	60	0	0	0
1	59	ASV1861	59	0	0	0
1	58	ASV1864	58	0	0	0
1	58	ASV1866	58	0	0	0
1	58	ASV1867	58	0	0	0
1	57	ASV1869	57	0	0	0
1	57	ASV1870	57	0	0	0
1	57	ASV1871	57	0	0	0
1	57	ASV1872	57	0	0	0
1	57	ASV1873	57	0	0	0
1	57	ASV1874	57	0	0	0
1	57	ASV1876	57	0	0	0
1	56	ASV1879	56	0	0	0
1	56	ASV1880	56	0	0	0
1	56	ASV1881	56	0	0	0
1	56	ASV1882	56	0	0	0
1	55	ASV1883	55	0	0	0
1	55	ASV1884	55	0	0	0
1	55	ASV1885	55	0	0	0
1	54	ASV1887	54	0	0	0
1	54	ASV1888	54	0	0	0
1	54	ASV1889	54	0	0	0
1	54	ASV1890	54	0	0	0
1	53	ASV1891	53	0	0	0
1	53	ASV1892	53	0	0	0
1	53	ASV1893	53	0	0	0
1	53	ASV1894	53	0	0	0
1	53	ASV1895	53	0	0	0
1	53	ASV1896	53	0	0	0
1	53	ASV1897	53	0	0	0
1	53	ASV1898	53	0	0	0
1	53	ASV1900	53	0	0	0
1	53	ASV1901	53	0	0	0
1	52	ASV1905	52	0	0	0
2	93	ASV1907	51	0	1	1
1	51	ASV1908	51	0	0	0
1	51	ASV1909	51	0	0	0
1	51	ASV1910	51	0	0	0
1	50	ASV1912	50	0	0	0
1	50	ASV1914	50	0	0	0
1	50	ASV1915	50	0	0	0
1	49	ASV1916	49	0	0	0
1	49	ASV1917	49	0	0	0
1	49	ASV1918	49	0	0	0
1	48	ASV1920	48	0	0	0
1	48	ASV1921	48	0	0	0
1	48	ASV1922	48	0	0	0
1	48	ASV1923	48	0	0	0
1	48	ASV1924	48	0	0	0
1	47	ASV1925	47	0	0	0
1	47	ASV1926	47	0	0	0
1	46	ASV1928	46	0	0	0
1	46	ASV1929	46	0	0	0
1	45	ASV1930	45	0	0	0
1	44	ASV1931	44	0	0	0
1	44	ASV1933	44	0	0	0
1	43	ASV1934	43	0	0	0
1	43	ASV1935	43	0	0	0
1	43	ASV1936	43	0	0	0
1	43	ASV1937	43	0	0	0
1	43	ASV1938	43	0	0	0
1	43	ASV1939	43	0	0	0
1	42	ASV1941	42	0	0	0
1	42	ASV1942	42	0	0	0
1	42	ASV1944	42	0	0	0
1	42	ASV1945	42	0	0	0
1	41	ASV1946	41	0	0	0
1	40	ASV1950	40	0	0	0
1	40	ASV1951	40	0	0	0
1	40	ASV1952	40	0	0	0
1	40	ASV1953	40	0	0	0
1	40	ASV1954	40	0	0	0
1	40	ASV1955	40	0	0	0
1	40	ASV1956	40	0	0	0
1	39	ASV1958	39	0	0	0
1	39	ASV1959	39	0	0	0
1	39	ASV1960	39	0	0	0
1	39	ASV1961	39	0	0	0
1	38	ASV1963	38	0	0	0
1	38	ASV1964	38	0	0	0
1	38	ASV1965	38	0	0	0
1	38	ASV1966	38	0	0	0
1	38	ASV1967	38	0	0	0
1	38	ASV1968	38	0	0	0
1	37	ASV1970	37	0	0	0
1	37	ASV1971	37	0	0	0
1	37	ASV1972	37	0	0	0
1	37	ASV1973	37	0	0	0
1	36	ASV1974	36	0	0	0
1	36	ASV1975	36	0	0	0
1	36	ASV1976	36	0	0	0
1	36	ASV1977	36	0	0	0
1	36	ASV1978	36	0	0	0
1	35	ASV1979	35	0	0	0
1	35	ASV1980	35	0	0	0
1	35	ASV1981	35	0	0	0
1	35	ASV1982	35	0	0	0
1	35	ASV1983	35	0	0	0
1	35	ASV1984	35	0	0	0
1	34	ASV1985	34	0	0	0
1	34	ASV1986	34	0	0	0
1	34	ASV1987	34	0	0	0
1	34	ASV1988	34	0	0	0
1	34	ASV1989	34	0	0	0
1	34	ASV1990	34	0	0	0
1	34	ASV1991	34	0	0	0
1	33	ASV1992	33	0	0	0
2	54	ASV1993	33	0	1	1
1	33	ASV1994	33	0	0	0
1	33	ASV1995	33	0	0	0
1	33	ASV1996	33	0	0	0
1	32	ASV1998	32	0	0	0
1	32	ASV1999	32	0	0	0
1	32	ASV2000	32	0	0	0
1	32	ASV2001	32	0	0	0
1	32	ASV2003	32	0	0	0
1	32	ASV2004	32	0	0	0
1	32	ASV2005	32	0	0	0
1	32	ASV2006	32	0	0	0
1	31	ASV2007	31	0	0	0
1	31	ASV2008	31	0	0	0
1	31	ASV2010	31	0	0	0
1	31	ASV2011	31	0	0	0
1	31	ASV2012	31	0	0	0
1	30	ASV2013	30	0	0	0
1	30	ASV2014	30	0	0	0
1	30	ASV2015	30	0	0	0
1	30	ASV2016	30	0	0	0
1	29	ASV2017	29	0	0	0
1	29	ASV2018	29	0	0	0
1	29	ASV2019	29	0	0	0
1	28	ASV2020	28	0	0	0
1	28	ASV2021	28	0	0	0
1	28	ASV2022	28	0	0	0
1	28	ASV2023	28	0	0	0
1	28	ASV2024	28	0	0	0
1	28	ASV2025	28	0	0	0
1	28	ASV2026	28	0	0	0
1	28	ASV2027	28	0	0	0
1	28	ASV2028	28	0	0	0
1	27	ASV2029	27	0	0	0
1	27	ASV2030	27	0	0	0
1	27	ASV2031	27	0	0	0
1	27	ASV2032	27	0	0	0
1	27	ASV2033	27	0	0	0
1	27	ASV2035	27	0	0	0
1	27	ASV2036	27	0	0	0
1	27	ASV2037	27	0	0	0
1	27	ASV2038	27	0	0	0
1	27	ASV2040	27	0	0	0
1	26	ASV2041	26	0	0	0
1	26	ASV2042	26	0	0	0
1	26	ASV2043	26	0	0	0
1	26	ASV2044	26	0	0	0
1	26	ASV2045	26	0	0	0
1	26	ASV2046	26	0	0	0
1	26	ASV2048	26	0	0	0
1	26	ASV2049	26	0	0	0
1	26	ASV2050	26	0	0	0
1	26	ASV2051	26	0	0	0
1	26	ASV2052	26	0	0	0
1	26	ASV2053	26	0	0	0
1	25	ASV2054	25	0	0	0
1	25	ASV2055	25	0	0	0
1	25	ASV2056	25	0	0	0
1	25	ASV2057	25	0	0	0
1	25	ASV2058	25	0	0	0
1	25	ASV2059	25	0	0	0
1	25	ASV2060	25	0	0	0
1	25	ASV2061	25	0	0	0
1	24	ASV2062	24	0	0	0
1	24	ASV2064	24	0	0	0
1	24	ASV2065	24	0	0	0
1	24	ASV2066	24	0	0	0
1	24	ASV2067	24	0	0	0
1	24	ASV2068	24	0	0	0
1	24	ASV2069	24	0	0	0
1	23	ASV2070	23	0	0	0
1	23	ASV2071	23	0	0	0
1	23	ASV2072	23	0	0	0
1	23	ASV2073	23	0	0	0
1	23	ASV2074	23	0	0	0
1	22	ASV2075	22	0	0	0
1	22	ASV2076	22	0	0	0
1	22	ASV2077	22	0	0	0
1	22	ASV2078	22	0	0	0
1	22	ASV2079	22	0	0	0
1	22	ASV2080	22	0	0	0
1	22	ASV2081	22	0	0	0
1	22	ASV2082	22	0	0	0
1	21	ASV2085	21	0	0	0
1	21	ASV2086	21	0	0	0
1	21	ASV2087	21	0	0	0
1	21	ASV2089	21	0	0	0
1	21	ASV2090	21	0	0	0
1	21	ASV2091	21	0	0	0
1	21	ASV2092	21	0	0	0
1	21	ASV2095	21	0	0	0
1	20	ASV2096	20	0	0	0
1	20	ASV2097	20	0	0	0
1	20	ASV2098	20	0	0	0
1	20	ASV2099	20	0	0	0
1	20	ASV2100	20	0	0	0
1	20	ASV2101	20	0	0	0
1	20	ASV2103	20	0	0	0
1	19	ASV2104	19	0	0	0
1	19	ASV2105	19	0	0	0
1	19	ASV2106	19	0	0	0
1	19	ASV2108	19	0	0	0
1	19	ASV2109	19	0	0	0
1	19	ASV2110	19	0	0	0
1	19	ASV2111	19	0	0	0
1	19	ASV2112	19	0	0	0
1	19	ASV2113	19	0	0	0
1	19	ASV2114	19	0	0	0
1	19	ASV2115	19	0	0	0
1	19	ASV2116	19	0	0	0
1	18	ASV2118	18	0	0	0
1	18	ASV2122	18	0	0	0
1	18	ASV2124	18	0	0	0
1	18	ASV2125	18	0	0	0
1	18	ASV2126	18	0	0	0
1	18	ASV2127	18	0	0	0
1	17	ASV2128	17	0	0	0
1	17	ASV2129	17	0	0	0
1	17	ASV2130	17	0	0	0
1	17	ASV2131	17	0	0	0
1	17	ASV2133	17	0	0	0
1	17	ASV2134	17	0	0	0
1	17	ASV2135	17	0	0	0
1	17	ASV2136	17	0	0	0
1	17	ASV2137	17	0	0	0
1	17	ASV2138	17	0	0	0
1	17	ASV2139	17	0	0	0
1	16	ASV2140	16	0	0	0
1	16	ASV2141	16	0	0	0
1	16	ASV2143	16	0	0	0
1	16	ASV2144	16	0	0	0
1	16	ASV2145	16	0	0	0
1	16	ASV2146	16	0	0	0
1	16	ASV2147	16	0	0	0
1	16	ASV2148	16	0	0	0
1	16	ASV2149	16	0	0	0
1	16	ASV2150	16	0	0	0
1	16	ASV2151	16	0	0	0
1	16	ASV2152	16	0	0	0
1	16	ASV2153	16	0	0	0
1	16	ASV2154	16	0	0	0
1	16	ASV2155	16	0	0	0
1	15	ASV2157	15	0	0	0
1	15	ASV2158	15	0	0	0
1	15	ASV2159	15	0	0	0
1	14	ASV2160	14	0	0	0
1	14	ASV2161	14	0	0	0
1	14	ASV2162	14	0	0	0
1	14	ASV2163	14	0	0	0
1	14	ASV2166	14	0	0	0
1	14	ASV2167	14	0	0	0
1	13	ASV2170	13	0	0	0
1	13	ASV2172	13	0	0	0
1	13	ASV2173	13	0	0	0
1	13	ASV2174	13	0	0	0
1	13	ASV2175	13	0	0	0
1	13	ASV2176	13	0	0	0
1	13	ASV2177	13	0	0	0
1	13	ASV2178	13	0	0	0
1	13	ASV2179	13	0	0	0
1	12	ASV2180	12	0	0	0
1	12	ASV2181	12	0	0	0
1	12	ASV2182	12	0	0	0
1	12	ASV2183	12	0	0	0
1	12	ASV2184	12	0	0	0
1	12	ASV2185	12	0	0	0
1	12	ASV2186	12	0	0	0
1	12	ASV2187	12	0	0	0
1	12	ASV2188	12	0	0	0
1	12	ASV2189	12	0	0	0
1	12	ASV2190	12	0	0	0
1	12	ASV2191	12	0	0	0
1	12	ASV2192	12	0	0	0
1	12	ASV2193	12	0	0	0
1	12	ASV2194	12	0	0	0
1	12	ASV2195	12	0	0	0
1	12	ASV2196	12	0	0	0
1	12	ASV2197	12	0	0	0
1	12	ASV2198	12	0	0	0
1	12	ASV2199	12	0	0	0
1	12	ASV2200	12	0	0	0
1	12	ASV2201	12	0	0	0
1	12	ASV2202	12	0	0	0
1	11	ASV2204	11	0	0	0
1	11	ASV2205	11	0	0	0
1	11	ASV2207	11	0	0	0
1	11	ASV2208	11	0	0	0
1	11	ASV2209	11	0	0	0
1	11	ASV2210	11	0	0	0
1	11	ASV2211	11	0	0	0
1	11	ASV2212	11	0	0	0
1	11	ASV2213	11	0	0	0
1	11	ASV2214	11	0	0	0
1	11	ASV2215	11	0	0	0
1	11	ASV2216	11	0	0	0
1	11	ASV2217	11	0	0	0
1	11	ASV2218	11	0	0	0
1	11	ASV2219	11	0	0	0
1	11	ASV2222	11	0	0	0
1	10	ASV2223	10	0	0	0
1	10	ASV2224	10	0	0	0
1	10	ASV2225	10	0	0	0
1	10	ASV2226	10	0	0	0
1	10	ASV2227	10	0	0	0
1	10	ASV2228	10	0	0	0
1	10	ASV2229	10	0	0	0
1	10	ASV2230	10	0	0	0
1	10	ASV2231	10	0	0	0
1	10	ASV2232	10	0	0	0
1	10	ASV2233	10	0	0	0
1	10	ASV2234	10	0	0	0
1	9	ASV2235	9	0	0	0
1	9	ASV2236	9	0	0	0
1	9	ASV2237	9	0	0	0
1	9	ASV2238	9	0	0	0
1	9	ASV2239	9	0	0	0
1	9	ASV2240	9	0	0	0
1	9	ASV2241	9	0	0	0
1	9	ASV2242	9	0	0	0
1	9	ASV2243	9	0	0	0
1	9	ASV2244	9	0	0	0
1	9	ASV2246	9	0	0	0
1	9	ASV2247	9	0	0	0
1	9	ASV2248	9	0	0	0
1	9	ASV2249	9	0	0	0
1	9	ASV2250	9	0	0	0
1	9	ASV2251	9	0	0	0
1	9	ASV2252	9	0	0	0
1	9	ASV2253	9	0	0	0
1	9	ASV2254	9	0	0	0
1	9	ASV2255	9	0	0	0
1	9	ASV2256	9	0	0	0
1	9	ASV2257	9	0	0	0
1	9	ASV2258	9	0	0	0
1	8	ASV2259	8	0	0	0
1	8	ASV2260	8	0	0	0
1	8	ASV2262	8	0	0	0
1	8	ASV2263	8	0	0	0
1	8	ASV2264	8	0	0	0
1	8	ASV2265	8	0	0	0
1	8	ASV2266	8	0	0	0
1	8	ASV2268	8	0	0	0
1	8	ASV2269	8	0	0	0
1	8	ASV2270	8	0	0	0
1	8	ASV2271	8	0	0	0
1	8	ASV2272	8	0	0	0
1	8	ASV2273	8	0	0	0
1	8	ASV2274	8	0	0	0
1	8	ASV2275	8	0	0	0
1	8	ASV2276	8	0	0	0
1	7	ASV2277	7	0	0	0
1	7	ASV2278	7	0	0	0
1	7	ASV2279	7	0	0	0
1	7	ASV2280	7	0	0	0
1	7	ASV2281	7	0	0	0
1	7	ASV2282	7	0	0	0
1	7	ASV2283	7	0	0	0
1	7	ASV2284	7	0	0	0
1	7	ASV2285	7	0	0	0
1	7	ASV2286	7	0	0	0
1	7	ASV2287	7	0	0	0
1	7	ASV2288	7	0	0	0
1	7	ASV2289	7	0	0	0
1	7	ASV2290	7	0	0	0
1	7	ASV2291	7	0	0	0
1	7	ASV2292	7	0	0	0
1	7	ASV2293	7	0	0	0
1	7	ASV2294	7	0	0	0
1	7	ASV2295	7	0	0	0
1	7	ASV2296	7	0	0	0
1	7	ASV2297	7	0	0	0
1	7	ASV2298	7	0	0	0
1	7	ASV2299	7	0	0	0
1	7	ASV2300	7	0	0	0
1	6	ASV2302	6	0	0	0
1	6	ASV2303	6	0	0	0
1	6	ASV2304	6	0	0	0
1	6	ASV2305	6	0	0	0
1	6	ASV2306	6	0	0	0
1	6	ASV2307	6	0	0	0
1	6	ASV2308	6	0	0	0
1	6	ASV2309	6	0	0	0
1	6	ASV2310	6	0	0	0
1	6	ASV2311	6	0	0	0
1	6	ASV2312	6	0	0	0
1	6	ASV2313	6	0	0	0
1	6	ASV2314	6	0	0	0
1	6	ASV2315	6	0	0	0
1	6	ASV2316	6	0	0	0
1	6	ASV2317	6	0	0	0
1	6	ASV2318	6	0	0	0
1	6	ASV2319	6	0	0	0
1	6	ASV2320	6	0	0	0
1	6	ASV2321	6	0	0	0
1	6	ASV2322	6	0	0	0
1	6	ASV2323	6	0	0	0
1	6	ASV2324	6	0	0	0
1	6	ASV2325	6	0	0	0
1	5	ASV2326	5	0	0	0
1	5	ASV2327	5	0	0	0
1	5	ASV2329	5	0	0	0
1	5	ASV2330	5	0	0	0
1	5	ASV2331	5	0	0	0
1	5	ASV2332	5	0	0	0
1	5	ASV2333	5	0	0	0
1	5	ASV2334	5	0	0	0
1	5	ASV2335	5	0	0	0
1	5	ASV2336	5	0	0	0
1	5	ASV2337	5	0	0	0
1	5	ASV2338	5	0	0	0
1	5	ASV2339	5	0	0	0
1	5	ASV2340	5	0	0	0
1	5	ASV2341	5	0	0	0
1	5	ASV2342	5	0	0	0
1	5	ASV2343	5	0	0	0
1	5	ASV2344	5	0	0	0
1	5	ASV2345	5	0	0	0
1	5	ASV2346	5	0	0	0
1	5	ASV2347	5	0	0	0
1	5	ASV2348	5	0	0	0
1	5	ASV2349	5	0	0	0
1	4	ASV2350	4	0	0	0
1	4	ASV2351	4	0	0	0
1	4	ASV2352	4	0	0	0
1	4	ASV2353	4	0	0	0
1	4	ASV2354	4	0	0	0
1	4	ASV2355	4	0	0	0
1	4	ASV2356	4	0	0	0
1	4	ASV2357	4	0	0	0
1	4	ASV2358	4	0	0	0
1	4	ASV2359	4	0	0	0
1	4	ASV2360	4	0	0	0
1	4	ASV2361	4	0	0	0
1	4	ASV2362	4	0	0	0
1	4	ASV2363	4	0	0	0
1	4	ASV2364	4	0	0	0
1	4	ASV2365	4	0	0	0
1	4	ASV2366	4	0	0	0
1	4	ASV2367	4	0	0	0
1	4	ASV2368	4	0	0	0
1	4	ASV2369	4	0	0	0
1	4	ASV2370	4	0	0	0
1	4	ASV2371	4	0	0	0
1	4	ASV2372	4	0	0	0
1	4	ASV2373	4	0	0	0
1	4	ASV2374	4	0	0	0
1	4	ASV2375	4	0	0	0
1	4	ASV2376	4	0	0	0
1	4	ASV2377	4	0	0	0
1	4	ASV2378	4	0	0	0
1	4	ASV2379	4	0	0	0
1	4	ASV2380	4	0	0	0
1	4	ASV2381	4	0	0	0
1	3	ASV2382	3	0	0	0
1	3	ASV2383	3	0	0	0
1	3	ASV2384	3	0	0	0
1	3	ASV2386	3	0	0	0
1	3	ASV2387	3	0	0	0
1	3	ASV2388	3	0	0	0
1	3	ASV2389	3	0	0	0
1	3	ASV2390	3	0	0	0
1	3	ASV2391	3	0	0	0
1	3	ASV2392	3	0	0	0
1	3	ASV2393	3	0	0	0
1	3	ASV2394	3	0	0	0
1	3	ASV2395	3	0	0	0
1	3	ASV2396	3	0	0	0
1	3	ASV2397	3	0	0	0
1	3	ASV2398	3	0	0	0
1	3	ASV2399	3	0	0	0
1	3	ASV2400	3	0	0	0
1	3	ASV2401	3	0	0	0
1	3	ASV2402	3	0	0	0
1	3	ASV2403	3	0	0	0
1	3	ASV2404	3	0	0	0
1	3	ASV2405	3	0	0	0
1	3	ASV2406	3	0	0	0
1	3	ASV2407	3	0	0	0
1	3	ASV2408	3	0	0	0
1	3	ASV2409	3	0	0	0
1	3	ASV2410	3	0	0	0
1	3	ASV2411	3	0	0	0
1	3	ASV2412	3	0	0	0
1	3	ASV2413	3	0	0	0
1	3	ASV2414	3	0	0	0
1	3	ASV2415	3	0	0	0
1	3	ASV2416	3	0	0	0
1	3	ASV2417	3	0	0	0
1	3	ASV2418	3	0	0	0
1	3	ASV2419	3	0	0	0
1	3	ASV2420	3	0	0	0
1	3	ASV2421	3	0	0	0
1	3	ASV2422	3	0	0	0
1	3	ASV2423	3	0	0	0
1	3	ASV2425	3	0	0	0
1	2	ASV2426	2	0	0	0
1	2	ASV2428	2	0	0	0
1	2	ASV2429	2	0	0	0
1	2	ASV2430	2	0	0	0
1	2	ASV2431	2	0	0	0
1	2	ASV2432	2	0	0	0
1	2	ASV2433	2	0	0	0
1	2	ASV2434	2	0	0	0
1	2	ASV2435	2	0	0	0
1	2	ASV2436	2	0	0	0
1	2	ASV2437	2	0	0	0
1	2	ASV2438	2	0	0	0
1	2	ASV2439	2	0	0	0
1	2	ASV2440	2	0	0	0
1	2	ASV2441	2	0	0	0
1	2	ASV2442	2	0	0	0
1	2	ASV2443	2	0	0	0
1	2	ASV2444	2	0	0	0
1	2	ASV2445	2	0	0	0
1	2	ASV2446	2	0	0	0
1	2	ASV2447	2	0	0	0
1	2	ASV2448	2	0	0	0
1	2	ASV2449	2	0	0	0
1	2	ASV2450	2	0	0	0
1	2	ASV2451	2	0	0	0
1	2	ASV2452	2	0	0	0
1	2	ASV2453	2	0	0	0
1	2	ASV2454	2	0	0	0
1	2	ASV2455	2	0	0	0
1	2	ASV2456	2	0	0	0
1	2	ASV2457	2	0	0	0
1	2	ASV2458	2	0	0	0
1	2	ASV2459	2	0	0	0
1	2	ASV2460	2	0	0	0
1	2	ASV2461	2	0	0	0
1	2	ASV2462	2	0	0	0
1	2	ASV2463	2	0	0	0
1	2	ASV2464	2	0	0	0
1	2	ASV2465	2	0	0	0
1	2	ASV2466	2	0	0	0
1	2	ASV2467	2	0	0	0
1	2	ASV2468	2	0	0	0
1	2	ASV2469	2	0	0	0
1	2	ASV2470	2	0	0	0
1	2	ASV2471	2	0	0	0
1	2	ASV2472	2	0	0	0
1	2	ASV2473	2	0	0	0
1	1	ASV2474	1	1	0	0
1	1	ASV2475	1	1	0	0
1	1	ASV2476	1	1	0	0
1	1	ASV2477	1	1	0	0
1	1	ASV2478	1	1	0	0
1	1	ASV2479	1	1	0	0
1	1	ASV2480	1	1	0	0
1	1	ASV2481	1	1	0	0
1	1	ASV2482	1	1	0	0
