n_in_cluster,motu_reads,seed_asv,seed_reads,n_1readamplicon,max_iterations_to_limit,cumulative_steps,motu,seed_asv_reads,swarm_reads
65,56249696,ASV1,54846504,0,2,2,motu1,ASV1_54846504,ASV1_56249696
42,31012008,ASV2,21665186,0,2,2,motu2,ASV2_21665186,ASV2_31012008
15,14023742,ASV3,13607794,0,1,1,motu3,ASV3_13607794,ASV3_14023742
53,15697776,ASV4,13223320,0,2,2,motu4,ASV4_13223320,ASV4_15697776
17,9846580,ASV5,9687843,0,1,1,motu5,ASV5_9687843,ASV5_9846580
27,9788030,ASV6,9372345,0,2,2,motu6,ASV6_9372345,ASV6_9788030
3,7777962,ASV8,7014409,0,1,1,motu7,ASV8_7014409,ASV8_7777962
37,9701751,ASV9,6980331,0,3,3,motu8,ASV9_6980331,ASV9_9701751
14,7749882,ASV10,6130399,0,2,2,motu9,ASV10_6130399,ASV10_7749882
7,5027422,ASV11,4745951,0,1,1,motu10,ASV11_4745951,ASV11_5027422
11,5290823,ASV12,4180650,0,1,1,motu11,ASV12_4180650,ASV12_5290823
6,4441278,ASV13,4072000,0,2,2,motu12,ASV13_4072000,ASV13_4441278
6,3068919,ASV14,3064217,0,1,1,motu13,ASV14_3064217,ASV14_3068919
2,2965207,ASV15,2964121,0,1,1,motu14,ASV15_2964121,ASV15_2965207
28,3971470,ASV16,2882498,0,2,2,motu15,ASV16_2882498,ASV16_3971470
2,2632429,ASV17,2630476,0,1,1,motu16,ASV17_2630476,ASV17_2632429
12,2882806,ASV18,2597666,0,2,2,motu17,ASV18_2597666,ASV18_2882806
6,2790040,ASV19,2424830,0,1,1,motu18,ASV19_2424830,ASV19_2790040
5,3220767,ASV20,2338412,0,1,1,motu19,ASV20_2338412,ASV20_3220767
5,2607922,ASV21,2261890,0,2,2,motu20,ASV21_2261890,ASV21_2607922
9,2604747,ASV22,2141063,0,2,2,motu21,ASV22_2141063,ASV22_2604747
17,4818570,ASV24,1759392,0,3,3,motu22,ASV24_1759392,ASV24_4818570
5,1747645,ASV25,1744051,0,1,1,motu23,ASV25_1744051,ASV25_1747645
1,1587492,ASV26,1587492,0,0,0,motu24,ASV26_1587492,ASV26_1587492
9,3068645,ASV27,1579598,0,2,2,motu25,ASV27_1579598,ASV27_3068645
7,1910234,ASV29,1513279,0,2,2,motu26,ASV29_1513279,ASV29_1910234
2,1471550,ASV30,1460766,0,1,1,motu27,ASV30_1460766,ASV30_1471550
6,1690684,ASV31,1452590,0,1,1,motu28,ASV31_1452590,ASV31_1690684
10,1624277,ASV33,1351604,0,2,2,motu29,ASV33_1351604,ASV33_1624277
5,1294905,ASV34,1234386,0,1,1,motu30,ASV34_1234386,ASV34_1294905
4,1549367,ASV35,1209217,0,1,1,motu31,ASV35_1209217,ASV35_1549367
3,1280677,ASV36,1182170,0,1,1,motu32,ASV36_1182170,ASV36_1280677
7,2793675,ASV37,1176520,0,2,2,motu33,ASV37_1176520,ASV37_2793675
4,1417313,ASV39,1109799,0,2,2,motu34,ASV39_1109799,ASV39_1417313
6,1422769,ASV40,1085807,0,2,2,motu35,ASV40_1085807,ASV40_1422769
7,1361817,ASV42,1037010,0,2,2,motu36,ASV42_1037010,ASV42_1361817
2,940178,ASV44,916716,0,1,1,motu37,ASV44_916716,ASV44_940178
9,1874740,ASV45,895428,0,2,2,motu38,ASV45_895428,ASV45_1874740
9,1231945,ASV46,873718,0,2,2,motu39,ASV46_873718,ASV46_1231945
3,1050578,ASV49,763685,0,1,1,motu40,ASV49_763685,ASV49_1050578
1,755535,ASV51,755535,0,0,0,motu41,ASV51_755535,ASV51_755535
1,737432,ASV52,737432,0,0,0,motu42,ASV52_737432,ASV52_737432
4,1075583,ASV53,712662,0,2,2,motu43,ASV53_712662,ASV53_1075583
1,693768,ASV54,693768,0,0,0,motu44,ASV54_693768,ASV54_693768
3,749078,ASV55,681237,0,1,1,motu45,ASV55_681237,ASV55_749078
1,652895,ASV58,652895,0,0,0,motu46,ASV58_652895,ASV58_652895
3,754523,ASV59,650570,0,1,1,motu47,ASV59_650570,ASV59_754523
2,636249,ASV61,633563,0,1,1,motu48,ASV61_633563,ASV61_636249
2,768151,ASV62,598657,0,1,1,motu49,ASV62_598657,ASV62_768151
3,638903,ASV63,586638,0,2,2,motu50,ASV63_586638,ASV63_638903
2,622952,ASV64,571492,0,1,1,motu51,ASV64_571492,ASV64_622952
3,1007394,ASV66,540914,0,2,2,motu52,ASV66_540914,ASV66_1007394
1,516272,ASV68,516272,0,0,0,motu53,ASV68_516272,ASV68_516272
6,1289285,ASV69,495702,0,3,3,motu54,ASV69_495702,ASV69_1289285
1,484871,ASV70,484871,0,0,0,motu55,ASV70_484871,ASV70_484871
4,485540,ASV71,482989,0,2,2,motu56,ASV71_482989,ASV71_485540
1,448927,ASV73,448927,0,0,0,motu57,ASV73_448927,ASV73_448927
3,454624,ASV76,430852,0,1,1,motu58,ASV76_430852,ASV76_454624
1,413194,ASV77,413194,0,0,0,motu59,ASV77_413194,ASV77_413194
3,504262,ASV78,407180,0,1,1,motu60,ASV78_407180,ASV78_504262
2,406246,ASV80,391215,0,1,1,motu61,ASV80_391215,ASV80_406246
3,506504,ASV81,379760,0,1,1,motu62,ASV81_379760,ASV81_506504
1,356999,ASV82,356999,0,0,0,motu63,ASV82_356999,ASV82_356999
1,350507,ASV83,350507,0,0,0,motu64,ASV83_350507,ASV83_350507
3,401609,ASV86,328029,0,1,1,motu65,ASV86_328029,ASV86_401609
3,396628,ASV89,319425,0,1,1,motu66,ASV89_319425,ASV89_396628
1,315456,ASV90,315456,0,0,0,motu67,ASV90_315456,ASV90_315456
5,661353,ASV91,303693,0,2,2,motu68,ASV91_303693,ASV91_661353
2,303298,ASV93,300668,0,1,1,motu69,ASV93_300668,ASV93_303298
3,355041,ASV94,300175,0,2,2,motu70,ASV94_300175,ASV94_355041
2,304373,ASV95,299215,0,1,1,motu71,ASV95_299215,ASV95_304373
2,292094,ASV98,292092,0,0,0,motu72,ASV98_292092,ASV98_292094
2,322000,ASV100,276673,0,1,1,motu73,ASV100_276673,ASV100_322000
4,280004,ASV101,271080,0,2,2,motu74,ASV101_271080,ASV101_280004
10,485610,ASV102,268403,0,3,3,motu75,ASV102_268403,ASV102_485610
2,374852,ASV103,266964,0,1,1,motu76,ASV103_266964,ASV103_374852
3,266738,ASV105,263907,0,1,1,motu77,ASV105_263907,ASV105_266738
1,229896,ASV114,229896,0,0,0,motu78,ASV114_229896,ASV114_229896
2,253541,ASV115,229617,0,1,1,motu79,ASV115_229617,ASV115_253541
3,343322,ASV116,227212,0,1,1,motu80,ASV116_227212,ASV116_343322
5,477616,ASV118,219368,0,2,2,motu81,ASV118_219368,ASV118_477616
2,223348,ASV121,214322,0,1,1,motu82,ASV121_214322,ASV121_223348
3,239552,ASV125,183180,0,2,2,motu83,ASV125_183180,ASV125_239552
1,172530,ASV130,172530,0,0,0,motu84,ASV130_172530,ASV130_172530
1,171145,ASV131,171145,0,0,0,motu85,ASV131_171145,ASV131_171145
2,339937,ASV132,170367,0,1,1,motu86,ASV132_170367,ASV132_339937
2,172609,ASV135,168465,0,1,1,motu87,ASV135_168465,ASV135_172609
7,332608,ASV136,167521,0,3,3,motu88,ASV136_167521,ASV136_332608
2,257415,ASV137,163374,0,1,1,motu89,ASV137_163374,ASV137_257415
1,160998,ASV138,160998,0,0,0,motu90,ASV138_160998,ASV138_160998
2,296527,ASV141,157363,0,1,1,motu91,ASV141_157363,ASV141_296527
1,155585,ASV142,155585,0,0,0,motu92,ASV142_155585,ASV142_155585
3,198694,ASV143,154895,0,1,1,motu93,ASV143_154895,ASV143_198694
1,151021,ASV147,151021,0,0,0,motu94,ASV147_151021,ASV147_151021
2,157523,ASV149,149233,0,1,1,motu95,ASV149_149233,ASV149_157523
1,144180,ASV150,144180,0,0,0,motu96,ASV150_144180,ASV150_144180
1,136176,ASV152,136176,0,0,0,motu97,ASV152_136176,ASV152_136176
2,224960,ASV153,135329,0,1,1,motu98,ASV153_135329,ASV153_224960
1,126315,ASV155,126315,0,0,0,motu99,ASV155_126315,ASV155_126315
1,122307,ASV156,122307,0,0,0,motu100,ASV156_122307,ASV156_122307
1,119636,ASV157,119636,0,0,0,motu101,ASV157_119636,ASV157_119636
1,116339,ASV159,116339,0,0,0,motu102,ASV159_116339,ASV159_116339
1,114978,ASV160,114978,0,0,0,motu103,ASV160_114978,ASV160_114978
1,108904,ASV162,108904,0,0,0,motu104,ASV162_108904,ASV162_108904
1,101979,ASV165,101979,0,0,0,motu105,ASV165_101979,ASV165_101979
2,102682,ASV167,101925,0,1,1,motu106,ASV167_101925,ASV167_102682
4,150584,ASV170,97297,0,2,2,motu107,ASV170_97297,ASV170_150584
2,97882,ASV172,95738,0,1,1,motu108,ASV172_95738,ASV172_97882
1,95327,ASV175,95327,0,0,0,motu109,ASV175_95327,ASV175_95327
2,165217,ASV176,94940,0,1,1,motu110,ASV176_94940,ASV176_165217
1,91320,ASV179,91320,0,0,0,motu111,ASV179_91320,ASV179_91320
4,231584,ASV180,91215,0,2,2,motu112,ASV180_91215,ASV180_231584
2,89735,ASV182,88919,0,1,1,motu113,ASV182_88919,ASV182_89735
1,87086,ASV184,87086,0,0,0,motu114,ASV184_87086,ASV184_87086
1,83867,ASV186,83867,0,0,0,motu115,ASV186_83867,ASV186_83867
1,83380,ASV187,83380,0,0,0,motu116,ASV187_83380,ASV187_83380
2,82748,ASV188,82634,0,1,1,motu117,ASV188_82634,ASV188_82748
4,118452,ASV193,80732,0,1,1,motu118,ASV193_80732,ASV193_118452
3,170188,ASV196,80017,0,2,2,motu119,ASV196_80017,ASV196_170188
2,117050,ASV197,79829,0,1,1,motu120,ASV197_79829,ASV197_117050
1,76210,ASV201,76210,0,0,0,motu121,ASV201_76210,ASV201_76210
1,73849,ASV205,73849,0,0,0,motu122,ASV205_73849,ASV205_73849
1,73049,ASV207,73049,0,0,0,motu123,ASV207_73049,ASV207_73049
4,102272,ASV208,73021,0,2,2,motu124,ASV208_73021,ASV208_102272
1,70584,ASV210,70584,0,0,0,motu125,ASV210_70584,ASV210_70584
3,71373,ASV211,70551,0,2,2,motu126,ASV211_70551,ASV211_71373
1,69865,ASV215,69865,0,0,0,motu127,ASV215_69865,ASV215_69865
1,65023,ASV222,65023,0,0,0,motu128,ASV222_65023,ASV222_65023
2,63774,ASV224,63769,0,1,1,motu129,ASV224_63769,ASV224_63774
1,57785,ASV232,57785,0,0,0,motu130,ASV232_57785,ASV232_57785
2,64975,ASV233,57206,0,1,1,motu131,ASV233_57206,ASV233_64975
1,53947,ASV240,53947,0,0,0,motu132,ASV240_53947,ASV240_53947
1,51120,ASV249,51120,0,0,0,motu133,ASV249_51120,ASV249_51120
1,50918,ASV250,50918,0,0,0,motu134,ASV250_50918,ASV250_50918
3,84829,ASV251,50375,0,2,2,motu135,ASV251_50375,ASV251_84829
1,49392,ASV254,49392,0,0,0,motu136,ASV254_49392,ASV254_49392
3,55903,ASV255,48385,0,1,1,motu137,ASV255_48385,ASV255_55903
1,43879,ASV267,43879,0,0,0,motu138,ASV267_43879,ASV267_43879
2,66729,ASV271,41666,0,1,1,motu139,ASV271_41666,ASV271_66729
1,40268,ASV275,40268,0,0,0,motu140,ASV275_40268,ASV275_40268
2,43390,ASV278,39423,0,1,1,motu141,ASV278_39423,ASV278_43390
1,38892,ASV279,38892,0,0,0,motu142,ASV279_38892,ASV279_38892
2,37916,ASV283,37885,0,1,1,motu143,ASV283_37885,ASV283_37916
2,38326,ASV284,37674,0,1,1,motu144,ASV284_37674,ASV284_38326
1,35637,ASV292,35637,0,0,0,motu145,ASV292_35637,ASV292_35637
1,35418,ASV293,35418,0,0,0,motu146,ASV293_35418,ASV293_35418
1,35092,ASV294,35092,0,0,0,motu147,ASV294_35092,ASV294_35092
1,34245,ASV297,34245,0,0,0,motu148,ASV297_34245,ASV297_34245
1,32019,ASV302,32019,0,0,0,motu149,ASV302_32019,ASV302_32019
2,38394,ASV308,29845,0,1,1,motu150,ASV308_29845,ASV308_38394
1,29772,ASV309,29772,0,0,0,motu151,ASV309_29772,ASV309_29772
3,62923,ASV310,29733,0,1,1,motu152,ASV310_29733,ASV310_62923
1,29497,ASV312,29497,0,0,0,motu153,ASV312_29497,ASV312_29497
1,28514,ASV315,28514,0,0,0,motu154,ASV315_28514,ASV315_28514
1,28012,ASV317,28012,0,0,0,motu155,ASV317_28012,ASV317_28012
1,25661,ASV325,25661,0,0,0,motu156,ASV325_25661,ASV325_25661
3,28281,ASV330,24414,0,2,2,motu157,ASV330_24414,ASV330_28281
1,23742,ASV334,23742,0,0,0,motu158,ASV334_23742,ASV334_23742
7,27471,ASV339,23134,0,1,1,motu159,ASV339_23134,ASV339_27471
4,23165,ASV340,22930,0,2,2,motu160,ASV340_22930,ASV340_23165
1,22754,ASV342,22754,0,0,0,motu161,ASV342_22754,ASV342_22754
1,21103,ASV348,21103,0,0,0,motu162,ASV348_21103,ASV348_21103
1,20168,ASV350,20168,0,0,0,motu163,ASV350_20168,ASV350_20168
2,20253,ASV351,20128,0,1,1,motu164,ASV351_20128,ASV351_20253
1,19632,ASV353,19632,0,0,0,motu165,ASV353_19632,ASV353_19632
1,19360,ASV355,19360,0,0,0,motu166,ASV355_19360,ASV355_19360
2,33912,ASV359,18738,0,1,1,motu167,ASV359_18738,ASV359_33912
1,18337,ASV363,18337,0,0,0,motu168,ASV363_18337,ASV363_18337
2,17755,ASV366,17728,0,1,1,motu169,ASV366_17728,ASV366_17755
2,17662,ASV367,17596,0,1,1,motu170,ASV367_17596,ASV367_17662
1,17391,ASV368,17391,0,0,0,motu171,ASV368_17391,ASV368_17391
1,17133,ASV369,17133,0,0,0,motu172,ASV369_17133,ASV369_17133
1,16980,ASV371,16980,0,0,0,motu173,ASV371_16980,ASV371_16980
1,16231,ASV377,16231,0,0,0,motu174,ASV377_16231,ASV377_16231
1,15644,ASV380,15644,0,0,0,motu175,ASV380_15644,ASV380_15644
1,15433,ASV381,15433,0,0,0,motu176,ASV381_15433,ASV381_15433
1,14614,ASV389,14614,0,0,0,motu177,ASV389_14614,ASV389_14614
1,14550,ASV390,14550,0,0,0,motu178,ASV390_14550,ASV390_14550
1,14488,ASV391,14488,0,0,0,motu179,ASV391_14488,ASV391_14488
2,21081,ASV392,14487,0,1,1,motu180,ASV392_14487,ASV392_21081
1,14395,ASV393,14395,0,0,0,motu181,ASV393_14395,ASV393_14395
1,14393,ASV394,14393,0,0,0,motu182,ASV394_14393,ASV394_14393
1,14243,ASV396,14243,0,0,0,motu183,ASV396_14243,ASV396_14243
1,14212,ASV397,14212,0,0,0,motu184,ASV397_14212,ASV397_14212
1,13976,ASV398,13976,0,0,0,motu185,ASV398_13976,ASV398_13976
6,22005,ASV403,13461,0,2,2,motu186,ASV403_13461,ASV403_22005
1,13379,ASV404,13379,0,0,0,motu187,ASV404_13379,ASV404_13379
1,13093,ASV407,13093,0,0,0,motu188,ASV407_13093,ASV407_13093
2,15114,ASV408,13023,0,1,1,motu189,ASV408_13023,ASV408_15114
1,12986,ASV409,12986,0,0,0,motu190,ASV409_12986,ASV409_12986
5,13589,ASV412,12647,0,1,1,motu191,ASV412_12647,ASV412_13589
1,12575,ASV413,12575,0,0,0,motu192,ASV413_12575,ASV413_12575
1,12454,ASV414,12454,0,0,0,motu193,ASV414_12454,ASV414_12454
1,12249,ASV418,12249,0,0,0,motu194,ASV418_12249,ASV418_12249
3,16389,ASV419,12203,0,2,2,motu195,ASV419_12203,ASV419_16389
1,12100,ASV421,12100,0,0,0,motu196,ASV421_12100,ASV421_12100
4,15650,ASV422,12095,0,2,2,motu197,ASV422_12095,ASV422_15650
1,12055,ASV424,12055,0,0,0,motu198,ASV424_12055,ASV424_12055
1,11968,ASV428,11968,0,0,0,motu199,ASV428_11968,ASV428_11968
1,11877,ASV429,11877,0,0,0,motu200,ASV429_11877,ASV429_11877
1,11511,ASV434,11511,0,0,0,motu201,ASV434_11511,ASV434_11511
1,11466,ASV435,11466,0,0,0,motu202,ASV435_11466,ASV435_11466
1,11169,ASV437,11169,0,0,0,motu203,ASV437_11169,ASV437_11169
2,18189,ASV438,11117,0,1,1,motu204,ASV438_11117,ASV438_18189
1,11056,ASV439,11056,0,0,0,motu205,ASV439_11056,ASV439_11056
1,10975,ASV440,10975,0,0,0,motu206,ASV440_10975,ASV440_10975
1,10800,ASV443,10800,0,0,0,motu207,ASV443_10800,ASV443_10800
1,10787,ASV444,10787,0,0,0,motu208,ASV444_10787,ASV444_10787
1,10740,ASV446,10740,0,0,0,motu209,ASV446_10740,ASV446_10740
3,11156,ASV449,10573,0,2,2,motu210,ASV449_10573,ASV449_11156
1,10333,ASV452,10333,0,0,0,motu211,ASV452_10333,ASV452_10333
1,9986,ASV455,9986,0,0,0,motu212,ASV455_9986,ASV455_9986
1,9888,ASV456,9888,0,0,0,motu213,ASV456_9888,ASV456_9888
1,9872,ASV458,9872,0,0,0,motu214,ASV458_9872,ASV458_9872
1,9557,ASV460,9557,0,0,0,motu215,ASV460_9557,ASV460_9557
1,9530,ASV461,9530,0,0,0,motu216,ASV461_9530,ASV461_9530
1,9511,ASV462,9511,0,0,0,motu217,ASV462_9511,ASV462_9511
2,9506,ASV465,9377,0,1,1,motu218,ASV465_9377,ASV465_9506
2,10203,ASV471,9136,0,1,1,motu219,ASV471_9136,ASV471_10203
2,13011,ASV472,9115,0,1,1,motu220,ASV472_9115,ASV472_13011
1,9085,ASV473,9085,0,0,0,motu221,ASV473_9085,ASV473_9085
1,9054,ASV474,9054,0,0,0,motu222,ASV474_9054,ASV474_9054
1,8855,ASV478,8855,0,0,0,motu223,ASV478_8855,ASV478_8855
1,8774,ASV480,8774,0,0,0,motu224,ASV480_8774,ASV480_8774
1,8772,ASV481,8772,0,0,0,motu225,ASV481_8772,ASV481_8772
1,8708,ASV483,8708,0,0,0,motu226,ASV483_8708,ASV483_8708
1,8668,ASV484,8668,0,0,0,motu227,ASV484_8668,ASV484_8668
3,8809,ASV486,8644,0,1,1,motu228,ASV486_8644,ASV486_8809
2,9792,ASV490,8498,0,1,1,motu229,ASV490_8498,ASV490_9792
1,8469,ASV491,8469,0,0,0,motu230,ASV491_8469,ASV491_8469
1,8467,ASV492,8467,0,0,0,motu231,ASV492_8467,ASV492_8467
1,8418,ASV494,8418,0,0,0,motu232,ASV494_8418,ASV494_8418
1,8187,ASV498,8187,0,0,0,motu233,ASV498_8187,ASV498_8187
1,8054,ASV501,8054,0,0,0,motu234,ASV501_8054,ASV501_8054
1,8043,ASV503,8043,0,0,0,motu235,ASV503_8043,ASV503_8043
1,8007,ASV504,8007,0,0,0,motu236,ASV504_8007,ASV504_8007
1,7888,ASV506,7888,0,0,0,motu237,ASV506_7888,ASV506_7888
3,10388,ASV512,7703,0,1,1,motu238,ASV512_7703,ASV512_10388
1,7659,ASV513,7659,0,0,0,motu239,ASV513_7659,ASV513_7659
3,8223,ASV514,7596,0,1,1,motu240,ASV514_7596,ASV514_8223
2,8580,ASV516,7569,0,1,1,motu241,ASV516_7569,ASV516_8580
1,7546,ASV518,7546,0,0,0,motu242,ASV518_7546,ASV518_7546
1,7510,ASV521,7510,0,0,0,motu243,ASV521_7510,ASV521_7510
1,7349,ASV524,7349,0,0,0,motu244,ASV524_7349,ASV524_7349
1,7172,ASV525,7172,0,0,0,motu245,ASV525_7172,ASV525_7172
1,7026,ASV529,7026,0,0,0,motu246,ASV529_7026,ASV529_7026
1,6912,ASV530,6912,0,0,0,motu247,ASV530_6912,ASV530_6912
2,8072,ASV531,6801,0,1,1,motu248,ASV531_6801,ASV531_8072
1,6800,ASV532,6800,0,0,0,motu249,ASV532_6800,ASV532_6800
1,6779,ASV533,6779,0,0,0,motu250,ASV533_6779,ASV533_6779
1,6670,ASV535,6670,0,0,0,motu251,ASV535_6670,ASV535_6670
4,16904,ASV536,6651,0,3,3,motu252,ASV536_6651,ASV536_16904
1,6514,ASV539,6514,0,0,0,motu253,ASV539_6514,ASV539_6514
1,6422,ASV541,6422,0,0,0,motu254,ASV541_6422,ASV541_6422
1,6373,ASV543,6373,0,0,0,motu255,ASV543_6373,ASV543_6373
1,6359,ASV544,6359,0,0,0,motu256,ASV544_6359,ASV544_6359
1,6194,ASV549,6194,0,0,0,motu257,ASV549_6194,ASV549_6194
1,6051,ASV550,6051,0,0,0,motu258,ASV550_6051,ASV550_6051
1,5984,ASV553,5984,0,0,0,motu259,ASV553_5984,ASV553_5984
1,5899,ASV555,5899,0,0,0,motu260,ASV555_5899,ASV555_5899
2,6042,ASV556,5855,0,1,1,motu261,ASV556_5855,ASV556_6042
1,5776,ASV559,5776,0,0,0,motu262,ASV559_5776,ASV559_5776
2,5749,ASV560,5738,0,1,1,motu263,ASV560_5738,ASV560_5749
4,7249,ASV567,5659,0,2,2,motu264,ASV567_5659,ASV567_7249
1,5645,ASV568,5645,0,0,0,motu265,ASV568_5645,ASV568_5645
2,5640,ASV569,5632,0,1,1,motu266,ASV569_5632,ASV569_5640
2,10487,ASV570,5519,0,1,1,motu267,ASV570_5519,ASV570_10487
1,5495,ASV571,5495,0,0,0,motu268,ASV571_5495,ASV571_5495
1,5358,ASV574,5358,0,0,0,motu269,ASV574_5358,ASV574_5358
1,5353,ASV575,5353,0,0,0,motu270,ASV575_5353,ASV575_5353
1,5232,ASV576,5232,0,0,0,motu271,ASV576_5232,ASV576_5232
1,5214,ASV577,5214,0,0,0,motu272,ASV577_5214,ASV577_5214
1,5054,ASV585,5054,0,0,0,motu273,ASV585_5054,ASV585_5054
1,4937,ASV593,4937,0,0,0,motu274,ASV593_4937,ASV593_4937
1,4883,ASV595,4883,0,0,0,motu275,ASV595_4883,ASV595_4883
1,4858,ASV596,4858,0,0,0,motu276,ASV596_4858,ASV596_4858
1,4802,ASV599,4802,0,0,0,motu277,ASV599_4802,ASV599_4802
1,4775,ASV601,4775,0,0,0,motu278,ASV601_4775,ASV601_4775
1,4746,ASV602,4746,0,0,0,motu279,ASV602_4746,ASV602_4746
1,4638,ASV607,4638,0,0,0,motu280,ASV607_4638,ASV607_4638
1,4607,ASV608,4607,0,0,0,motu281,ASV608_4607,ASV608_4607
1,4602,ASV609,4602,0,0,0,motu282,ASV609_4602,ASV609_4602
1,4499,ASV613,4499,0,0,0,motu283,ASV613_4499,ASV613_4499
1,4496,ASV614,4496,0,0,0,motu284,ASV614_4496,ASV614_4496
3,4685,ASV615,4487,0,1,1,motu285,ASV615_4487,ASV615_4685
1,4414,ASV616,4414,0,0,0,motu286,ASV616_4414,ASV616_4414
3,4687,ASV617,4409,0,1,1,motu287,ASV617_4409,ASV617_4687
1,4331,ASV619,4331,0,0,0,motu288,ASV619_4331,ASV619_4331
3,6958,ASV621,4295,0,2,2,motu289,ASV621_4295,ASV621_6958
1,4223,ASV623,4223,0,0,0,motu290,ASV623_4223,ASV623_4223
2,5179,ASV624,4196,0,1,1,motu291,ASV624_4196,ASV624_5179
1,4151,ASV626,4151,0,0,0,motu292,ASV626_4151,ASV626_4151
2,4259,ASV628,4140,0,1,1,motu293,ASV628_4140,ASV628_4259
2,4553,ASV629,4089,0,1,1,motu294,ASV629_4089,ASV629_4553
1,4076,ASV630,4076,0,0,0,motu295,ASV630_4076,ASV630_4076
1,4019,ASV633,4019,0,0,0,motu296,ASV633_4019,ASV633_4019
2,4069,ASV634,4000,0,1,1,motu297,ASV634_4000,ASV634_4069
3,7127,ASV635,3978,0,2,2,motu298,ASV635_3978,ASV635_7127
1,3970,ASV636,3970,0,0,0,motu299,ASV636_3970,ASV636_3970
1,3963,ASV638,3963,0,0,0,motu300,ASV638_3963,ASV638_3963
1,3961,ASV639,3961,0,0,0,motu301,ASV639_3961,ASV639_3961
1,3927,ASV641,3927,0,0,0,motu302,ASV641_3927,ASV641_3927
1,3856,ASV645,3856,0,0,0,motu303,ASV645_3856,ASV645_3856
1,3843,ASV646,3843,0,0,0,motu304,ASV646_3843,ASV646_3843
1,3788,ASV648,3788,0,0,0,motu305,ASV648_3788,ASV648_3788
1,3783,ASV649,3783,0,0,0,motu306,ASV649_3783,ASV649_3783
1,3764,ASV650,3764,0,0,0,motu307,ASV650_3764,ASV650_3764
3,4457,ASV651,3760,0,1,1,motu308,ASV651_3760,ASV651_4457
3,4339,ASV652,3743,0,1,1,motu309,ASV652_3743,ASV652_4339
1,3729,ASV653,3729,0,0,0,motu310,ASV653_3729,ASV653_3729
4,6572,ASV661,3622,0,2,2,motu311,ASV661_3622,ASV661_6572
1,3613,ASV662,3613,0,0,0,motu312,ASV662_3613,ASV662_3613
1,3575,ASV664,3575,0,0,0,motu313,ASV664_3575,ASV664_3575
1,3566,ASV667,3566,0,0,0,motu314,ASV667_3566,ASV667_3566
1,3558,ASV668,3558,0,0,0,motu315,ASV668_3558,ASV668_3558
1,3535,ASV669,3535,0,0,0,motu316,ASV669_3535,ASV669_3535
1,3504,ASV670,3504,0,0,0,motu317,ASV670_3504,ASV670_3504
2,3472,ASV671,3454,0,1,1,motu318,ASV671_3454,ASV671_3472
1,3448,ASV672,3448,0,0,0,motu319,ASV672_3448,ASV672_3448
1,3447,ASV673,3447,0,0,0,motu320,ASV673_3447,ASV673_3447
1,3437,ASV675,3437,0,0,0,motu321,ASV675_3437,ASV675_3437
1,3418,ASV676,3418,0,0,0,motu322,ASV676_3418,ASV676_3418
1,3378,ASV678,3378,0,0,0,motu323,ASV678_3378,ASV678_3378
1,3372,ASV679,3372,0,0,0,motu324,ASV679_3372,ASV679_3372
1,3357,ASV680,3357,0,0,0,motu325,ASV680_3357,ASV680_3357
2,3360,ASV682,3322,0,1,1,motu326,ASV682_3322,ASV682_3360
1,3304,ASV685,3304,0,0,0,motu327,ASV685_3304,ASV685_3304
1,3273,ASV687,3273,0,0,0,motu328,ASV687_3273,ASV687_3273
1,3252,ASV689,3252,0,0,0,motu329,ASV689_3252,ASV689_3252
1,3247,ASV690,3247,0,0,0,motu330,ASV690_3247,ASV690_3247
1,3246,ASV691,3246,0,0,0,motu331,ASV691_3246,ASV691_3246
1,3231,ASV692,3231,0,0,0,motu332,ASV692_3231,ASV692_3231
1,3228,ASV693,3228,0,0,0,motu333,ASV693_3228,ASV693_3228
1,3160,ASV697,3160,0,0,0,motu334,ASV697_3160,ASV697_3160
2,3125,ASV701,3108,0,1,1,motu335,ASV701_3108,ASV701_3125
1,3099,ASV702,3099,0,0,0,motu336,ASV702_3099,ASV702_3099
1,3068,ASV703,3068,0,0,0,motu337,ASV703_3068,ASV703_3068
1,3038,ASV705,3038,0,0,0,motu338,ASV705_3038,ASV705_3038
1,2982,ASV706,2982,0,0,0,motu339,ASV706_2982,ASV706_2982
1,2950,ASV711,2950,0,0,0,motu340,ASV711_2950,ASV711_2950
3,4595,ASV712,2945,0,1,1,motu341,ASV712_2945,ASV712_4595
1,2927,ASV716,2927,0,0,0,motu342,ASV716_2927,ASV716_2927
1,2903,ASV717,2903,0,0,0,motu343,ASV717_2903,ASV717_2903
1,2850,ASV719,2850,0,0,0,motu344,ASV719_2850,ASV719_2850
1,2825,ASV722,2825,0,0,0,motu345,ASV722_2825,ASV722_2825
2,3091,ASV723,2822,0,1,1,motu346,ASV723_2822,ASV723_3091
1,2797,ASV725,2797,0,0,0,motu347,ASV725_2797,ASV725_2797
1,2763,ASV728,2763,0,0,0,motu348,ASV728_2763,ASV728_2763
1,2734,ASV731,2734,0,0,0,motu349,ASV731_2734,ASV731_2734
2,2887,ASV732,2723,0,1,1,motu350,ASV732_2723,ASV732_2887
1,2684,ASV735,2684,0,0,0,motu351,ASV735_2684,ASV735_2684
1,2646,ASV737,2646,0,0,0,motu352,ASV737_2646,ASV737_2646
2,2876,ASV738,2630,0,1,1,motu353,ASV738_2630,ASV738_2876
3,3197,ASV740,2616,0,1,1,motu354,ASV740_2616,ASV740_3197
1,2612,ASV741,2612,0,0,0,motu355,ASV741_2612,ASV741_2612
1,2610,ASV742,2610,0,0,0,motu356,ASV742_2610,ASV742_2610
2,2640,ASV743,2602,0,1,1,motu357,ASV743_2602,ASV743_2640
1,2598,ASV745,2598,0,0,0,motu358,ASV745_2598,ASV745_2598
1,2596,ASV746,2596,0,0,0,motu359,ASV746_2596,ASV746_2596
2,4560,ASV748,2589,0,1,1,motu360,ASV748_2589,ASV748_4560
1,2561,ASV750,2561,0,0,0,motu361,ASV750_2561,ASV750_2561
1,2549,ASV752,2549,0,0,0,motu362,ASV752_2549,ASV752_2549
1,2538,ASV754,2538,0,0,0,motu363,ASV754_2538,ASV754_2538
1,2535,ASV755,2535,0,0,0,motu364,ASV755_2535,ASV755_2535
1,2492,ASV758,2492,0,0,0,motu365,ASV758_2492,ASV758_2492
2,2843,ASV759,2488,0,1,1,motu366,ASV759_2488,ASV759_2843
2,3034,ASV761,2453,0,1,1,motu367,ASV761_2453,ASV761_3034
2,2537,ASV762,2447,0,1,1,motu368,ASV762_2447,ASV762_2537
1,2425,ASV763,2425,0,0,0,motu369,ASV763_2425,ASV763_2425
1,2414,ASV766,2414,0,0,0,motu370,ASV766_2414,ASV766_2414
1,2409,ASV767,2409,0,0,0,motu371,ASV767_2409,ASV767_2409
1,2403,ASV768,2403,0,0,0,motu372,ASV768_2403,ASV768_2403
1,2397,ASV769,2397,0,0,0,motu373,ASV769_2397,ASV769_2397
3,2729,ASV770,2378,0,2,2,motu374,ASV770_2378,ASV770_2729
1,2378,ASV771,2378,0,0,0,motu375,ASV771_2378,ASV771_2378
1,2376,ASV772,2376,0,0,0,motu376,ASV772_2376,ASV772_2376
1,2349,ASV774,2349,0,0,0,motu377,ASV774_2349,ASV774_2349
1,2345,ASV775,2345,0,0,0,motu378,ASV775_2345,ASV775_2345
1,2305,ASV776,2305,0,0,0,motu379,ASV776_2305,ASV776_2305
1,2277,ASV777,2277,0,0,0,motu380,ASV777_2277,ASV777_2277
1,2269,ASV778,2269,0,0,0,motu381,ASV778_2269,ASV778_2269
1,2253,ASV779,2253,0,0,0,motu382,ASV779_2253,ASV779_2253
1,2220,ASV783,2220,0,0,0,motu383,ASV783_2220,ASV783_2220
1,2203,ASV784,2203,0,0,0,motu384,ASV784_2203,ASV784_2203
1,2200,ASV785,2200,0,0,0,motu385,ASV785_2200,ASV785_2200
1,2170,ASV788,2170,0,0,0,motu386,ASV788_2170,ASV788_2170
1,2130,ASV792,2130,0,0,0,motu387,ASV792_2130,ASV792_2130
1,2111,ASV793,2111,0,0,0,motu388,ASV793_2111,ASV793_2111
3,3008,ASV794,2102,0,1,1,motu389,ASV794_2102,ASV794_3008
1,2096,ASV795,2096,0,0,0,motu390,ASV795_2096,ASV795_2096
1,2078,ASV797,2078,0,0,0,motu391,ASV797_2078,ASV797_2078
1,2076,ASV798,2076,0,0,0,motu392,ASV798_2076,ASV798_2076
1,2071,ASV799,2071,0,0,0,motu393,ASV799_2071,ASV799_2071
1,2070,ASV800,2070,0,0,0,motu394,ASV800_2070,ASV800_2070
1,2051,ASV801,2051,0,0,0,motu395,ASV801_2051,ASV801_2051
1,2036,ASV803,2036,0,0,0,motu396,ASV803_2036,ASV803_2036
2,2151,ASV804,2036,0,1,1,motu397,ASV804_2036,ASV804_2151
2,2255,ASV808,2011,0,1,1,motu398,ASV808_2011,ASV808_2255
1,2007,ASV809,2007,0,0,0,motu399,ASV809_2007,ASV809_2007
1,2000,ASV811,2000,0,0,0,motu400,ASV811_2000,ASV811_2000
1,2000,ASV812,2000,0,0,0,motu401,ASV812_2000,ASV812_2000
5,3393,ASV814,1993,0,2,2,motu402,ASV814_1993,ASV814_3393
1,1985,ASV815,1985,0,0,0,motu403,ASV815_1985,ASV815_1985
1,1972,ASV820,1972,0,0,0,motu404,ASV820_1972,ASV820_1972
1,1946,ASV823,1946,0,0,0,motu405,ASV823_1946,ASV823_1946
1,1904,ASV826,1904,0,0,0,motu406,ASV826_1904,ASV826_1904
1,1880,ASV827,1880,0,0,0,motu407,ASV827_1880,ASV827_1880
1,1871,ASV829,1871,0,0,0,motu408,ASV829_1871,ASV829_1871
1,1851,ASV833,1851,0,0,0,motu409,ASV833_1851,ASV833_1851
1,1850,ASV834,1850,0,0,0,motu410,ASV834_1850,ASV834_1850
2,1917,ASV839,1836,0,1,1,motu411,ASV839_1836,ASV839_1917
1,1834,ASV840,1834,0,0,0,motu412,ASV840_1834,ASV840_1834
1,1806,ASV841,1806,0,0,0,motu413,ASV841_1806,ASV841_1806
2,2266,ASV842,1805,0,1,1,motu414,ASV842_1805,ASV842_2266
1,1782,ASV846,1782,0,0,0,motu415,ASV846_1782,ASV846_1782
1,1765,ASV847,1765,0,0,0,motu416,ASV847_1765,ASV847_1765
1,1752,ASV849,1752,0,0,0,motu417,ASV849_1752,ASV849_1752
1,1738,ASV852,1738,0,0,0,motu418,ASV852_1738,ASV852_1738
1,1736,ASV853,1736,0,0,0,motu419,ASV853_1736,ASV853_1736
1,1732,ASV854,1732,0,0,0,motu420,ASV854_1732,ASV854_1732
1,1715,ASV856,1715,0,0,0,motu421,ASV856_1715,ASV856_1715
1,1713,ASV857,1713,0,0,0,motu422,ASV857_1713,ASV857_1713
1,1702,ASV858,1702,0,0,0,motu423,ASV858_1702,ASV858_1702
1,1695,ASV859,1695,0,0,0,motu424,ASV859_1695,ASV859_1695
1,1692,ASV860,1692,0,0,0,motu425,ASV860_1692,ASV860_1692
1,1688,ASV861,1688,0,0,0,motu426,ASV861_1688,ASV861_1688
1,1672,ASV864,1672,0,0,0,motu427,ASV864_1672,ASV864_1672
2,1726,ASV865,1668,0,1,1,motu428,ASV865_1668,ASV865_1726
1,1666,ASV866,1666,0,0,0,motu429,ASV866_1666,ASV866_1666
2,2413,ASV867,1662,0,1,1,motu430,ASV867_1662,ASV867_2413
1,1655,ASV868,1655,0,0,0,motu431,ASV868_1655,ASV868_1655
1,1643,ASV869,1643,0,0,0,motu432,ASV869_1643,ASV869_1643
1,1641,ASV870,1641,0,0,0,motu433,ASV870_1641,ASV870_1641
1,1614,ASV871,1614,0,0,0,motu434,ASV871_1614,ASV871_1614
1,1591,ASV876,1591,0,0,0,motu435,ASV876_1591,ASV876_1591
1,1589,ASV877,1589,0,0,0,motu436,ASV877_1589,ASV877_1589
1,1588,ASV878,1588,0,0,0,motu437,ASV878_1588,ASV878_1588
1,1584,ASV881,1584,0,0,0,motu438,ASV881_1584,ASV881_1584
1,1580,ASV883,1580,0,0,0,motu439,ASV883_1580,ASV883_1580
1,1560,ASV884,1560,0,0,0,motu440,ASV884_1560,ASV884_1560
1,1556,ASV885,1556,0,0,0,motu441,ASV885_1556,ASV885_1556
1,1551,ASV886,1551,0,0,0,motu442,ASV886_1551,ASV886_1551
1,1545,ASV887,1545,0,0,0,motu443,ASV887_1545,ASV887_1545
1,1522,ASV889,1522,0,0,0,motu444,ASV889_1522,ASV889_1522
1,1503,ASV891,1503,0,0,0,motu445,ASV891_1503,ASV891_1503
1,1498,ASV892,1498,0,0,0,motu446,ASV892_1498,ASV892_1498
1,1496,ASV893,1496,0,0,0,motu447,ASV893_1496,ASV893_1496
1,1495,ASV894,1495,0,0,0,motu448,ASV894_1495,ASV894_1495
1,1480,ASV895,1480,0,0,0,motu449,ASV895_1480,ASV895_1480
1,1474,ASV896,1474,0,0,0,motu450,ASV896_1474,ASV896_1474
1,1471,ASV899,1471,0,0,0,motu451,ASV899_1471,ASV899_1471
1,1449,ASV902,1449,0,0,0,motu452,ASV902_1449,ASV902_1449
1,1445,ASV903,1445,0,0,0,motu453,ASV903_1445,ASV903_1445
1,1445,ASV904,1445,0,0,0,motu454,ASV904_1445,ASV904_1445
1,1443,ASV905,1443,0,0,0,motu455,ASV905_1443,ASV905_1443
1,1432,ASV906,1432,0,0,0,motu456,ASV906_1432,ASV906_1432
1,1432,ASV907,1432,0,0,0,motu457,ASV907_1432,ASV907_1432
1,1425,ASV908,1425,0,0,0,motu458,ASV908_1425,ASV908_1425
1,1406,ASV913,1406,0,0,0,motu459,ASV913_1406,ASV913_1406
1,1403,ASV914,1403,0,0,0,motu460,ASV914_1403,ASV914_1403
1,1398,ASV916,1398,0,0,0,motu461,ASV916_1398,ASV916_1398
1,1388,ASV918,1388,0,0,0,motu462,ASV918_1388,ASV918_1388
2,1471,ASV920,1374,0,1,1,motu463,ASV920_1374,ASV920_1471
2,1366,ASV922,1348,0,1,1,motu464,ASV922_1348,ASV922_1366
1,1337,ASV923,1337,0,0,0,motu465,ASV923_1337,ASV923_1337
1,1322,ASV925,1322,0,0,0,motu466,ASV925_1322,ASV925_1322
1,1310,ASV926,1310,0,0,0,motu467,ASV926_1310,ASV926_1310
1,1281,ASV930,1281,0,0,0,motu468,ASV930_1281,ASV930_1281
1,1271,ASV933,1271,0,0,0,motu469,ASV933_1271,ASV933_1271
1,1267,ASV936,1267,0,0,0,motu470,ASV936_1267,ASV936_1267
1,1261,ASV938,1261,0,0,0,motu471,ASV938_1261,ASV938_1261
1,1258,ASV939,1258,0,0,0,motu472,ASV939_1258,ASV939_1258
2,1658,ASV941,1252,0,1,1,motu473,ASV941_1252,ASV941_1658
1,1246,ASV942,1246,0,0,0,motu474,ASV942_1246,ASV942_1246
1,1244,ASV943,1244,0,0,0,motu475,ASV943_1244,ASV943_1244
1,1239,ASV944,1239,0,0,0,motu476,ASV944_1239,ASV944_1239
1,1231,ASV946,1231,0,0,0,motu477,ASV946_1231,ASV946_1231
3,2255,ASV947,1227,0,2,2,motu478,ASV947_1227,ASV947_2255
4,2268,ASV948,1225,0,2,2,motu479,ASV948_1225,ASV948_2268
1,1213,ASV952,1213,0,0,0,motu480,ASV952_1213,ASV952_1213
1,1212,ASV953,1212,0,0,0,motu481,ASV953_1212,ASV953_1212
1,1208,ASV954,1208,0,0,0,motu482,ASV954_1208,ASV954_1208
1,1194,ASV956,1194,0,0,0,motu483,ASV956_1194,ASV956_1194
1,1188,ASV958,1188,0,0,0,motu484,ASV958_1188,ASV958_1188
1,1170,ASV961,1170,0,0,0,motu485,ASV961_1170,ASV961_1170
1,1160,ASV965,1160,0,0,0,motu486,ASV965_1160,ASV965_1160
1,1160,ASV966,1160,0,0,0,motu487,ASV966_1160,ASV966_1160
2,1293,ASV967,1158,0,1,1,motu488,ASV967_1158,ASV967_1293
1,1153,ASV968,1153,0,0,0,motu489,ASV968_1153,ASV968_1153
1,1143,ASV970,1143,0,0,0,motu490,ASV970_1143,ASV970_1143
1,1120,ASV972,1120,0,0,0,motu491,ASV972_1120,ASV972_1120
1,1117,ASV973,1117,0,0,0,motu492,ASV973_1117,ASV973_1117
1,1109,ASV974,1109,0,0,0,motu493,ASV974_1109,ASV974_1109
1,1100,ASV975,1100,0,0,0,motu494,ASV975_1100,ASV975_1100
1,1091,ASV976,1091,0,0,0,motu495,ASV976_1091,ASV976_1091
1,1089,ASV977,1089,0,0,0,motu496,ASV977_1089,ASV977_1089
1,1083,ASV979,1083,0,0,0,motu497,ASV979_1083,ASV979_1083
1,1082,ASV980,1082,0,0,0,motu498,ASV980_1082,ASV980_1082
1,1057,ASV984,1057,0,0,0,motu499,ASV984_1057,ASV984_1057
1,1041,ASV986,1041,0,0,0,motu500,ASV986_1041,ASV986_1041
1,1009,ASV993,1009,0,0,0,motu501,ASV993_1009,ASV993_1009
1,1007,ASV994,1007,0,0,0,motu502,ASV994_1007,ASV994_1007
1,1000,ASV995,1000,0,0,0,motu503,ASV995_1000,ASV995_1000
1,995,ASV997,995,0,0,0,motu504,ASV997_995,ASV997_995
1,995,ASV998,995,0,0,0,motu505,ASV998_995,ASV998_995
1,992,ASV1000,992,0,0,0,motu506,ASV1000_992,ASV1000_992
1,992,ASV999,992,0,0,0,motu507,ASV999_992,ASV999_992
1,988,ASV1001,988,0,0,0,motu508,ASV1001_988,ASV1001_988
2,1004,ASV1002,983,0,1,1,motu509,ASV1002_983,ASV1002_1004
1,983,ASV1004,983,0,0,0,motu510,ASV1004_983,ASV1004_983
1,963,ASV1008,963,0,0,0,motu511,ASV1008_963,ASV1008_963
1,962,ASV1009,962,0,0,0,motu512,ASV1009_962,ASV1009_962
1,960,ASV1010,960,0,0,0,motu513,ASV1010_960,ASV1010_960
1,954,ASV1011,954,0,0,0,motu514,ASV1011_954,ASV1011_954
3,1033,ASV1012,948,0,2,2,motu515,ASV1012_948,ASV1012_1033
1,947,ASV1014,947,0,0,0,motu516,ASV1014_947,ASV1014_947
1,946,ASV1015,946,0,0,0,motu517,ASV1015_946,ASV1015_946
1,938,ASV1016,938,0,0,0,motu518,ASV1016_938,ASV1016_938
1,930,ASV1017,930,0,0,0,motu519,ASV1017_930,ASV1017_930
1,919,ASV1021,919,0,0,0,motu520,ASV1021_919,ASV1021_919
1,916,ASV1023,916,0,0,0,motu521,ASV1023_916,ASV1023_916
2,994,ASV1024,913,0,1,1,motu522,ASV1024_913,ASV1024_994
1,911,ASV1025,911,0,0,0,motu523,ASV1025_911,ASV1025_911
1,907,ASV1026,907,0,0,0,motu524,ASV1026_907,ASV1026_907
1,904,ASV1027,904,0,0,0,motu525,ASV1027_904,ASV1027_904
2,1325,ASV1028,904,0,1,1,motu526,ASV1028_904,ASV1028_1325
3,1208,ASV1029,902,0,1,1,motu527,ASV1029_902,ASV1029_1208
1,901,ASV1030,901,0,0,0,motu528,ASV1030_901,ASV1030_901
1,898,ASV1032,898,0,0,0,motu529,ASV1032_898,ASV1032_898
1,892,ASV1033,892,0,0,0,motu530,ASV1033_892,ASV1033_892
1,888,ASV1035,888,0,0,0,motu531,ASV1035_888,ASV1035_888
1,885,ASV1036,885,0,0,0,motu532,ASV1036_885,ASV1036_885
1,885,ASV1037,885,0,0,0,motu533,ASV1037_885,ASV1037_885
1,879,ASV1038,879,0,0,0,motu534,ASV1038_879,ASV1038_879
1,879,ASV1039,879,0,0,0,motu535,ASV1039_879,ASV1039_879
1,876,ASV1040,876,0,0,0,motu536,ASV1040_876,ASV1040_876
2,937,ASV1041,876,0,1,1,motu537,ASV1041_876,ASV1041_937
1,866,ASV1042,866,0,0,0,motu538,ASV1042_866,ASV1042_866
1,864,ASV1043,864,0,0,0,motu539,ASV1043_864,ASV1043_864
1,862,ASV1044,862,0,0,0,motu540,ASV1044_862,ASV1044_862
1,858,ASV1045,858,0,0,0,motu541,ASV1045_858,ASV1045_858
1,857,ASV1046,857,0,0,0,motu542,ASV1046_857,ASV1046_857
1,848,ASV1048,848,0,0,0,motu543,ASV1048_848,ASV1048_848
1,846,ASV1049,846,0,0,0,motu544,ASV1049_846,ASV1049_846
1,844,ASV1050,844,0,0,0,motu545,ASV1050_844,ASV1050_844
1,844,ASV1051,844,0,0,0,motu546,ASV1051_844,ASV1051_844
1,840,ASV1052,840,0,0,0,motu547,ASV1052_840,ASV1052_840
1,837,ASV1053,837,0,0,0,motu548,ASV1053_837,ASV1053_837
1,836,ASV1054,836,0,0,0,motu549,ASV1054_836,ASV1054_836
1,834,ASV1055,834,0,0,0,motu550,ASV1055_834,ASV1055_834
1,823,ASV1057,823,0,0,0,motu551,ASV1057_823,ASV1057_823
2,888,ASV1059,819,0,1,1,motu552,ASV1059_819,ASV1059_888
1,818,ASV1060,818,0,0,0,motu553,ASV1060_818,ASV1060_818
1,815,ASV1062,815,0,0,0,motu554,ASV1062_815,ASV1062_815
1,812,ASV1063,812,0,0,0,motu555,ASV1063_812,ASV1063_812
1,809,ASV1065,809,0,0,0,motu556,ASV1065_809,ASV1065_809
1,808,ASV1066,808,0,0,0,motu557,ASV1066_808,ASV1066_808
1,807,ASV1067,807,0,0,0,motu558,ASV1067_807,ASV1067_807
1,803,ASV1069,803,0,0,0,motu559,ASV1069_803,ASV1069_803
1,801,ASV1071,801,0,0,0,motu560,ASV1071_801,ASV1071_801
1,798,ASV1072,798,0,0,0,motu561,ASV1072_798,ASV1072_798
1,795,ASV1073,795,0,0,0,motu562,ASV1073_795,ASV1073_795
1,795,ASV1074,795,0,0,0,motu563,ASV1074_795,ASV1074_795
1,793,ASV1075,793,0,0,0,motu564,ASV1075_793,ASV1075_793
1,792,ASV1076,792,0,0,0,motu565,ASV1076_792,ASV1076_792
1,790,ASV1077,790,0,0,0,motu566,ASV1077_790,ASV1077_790
1,788,ASV1078,788,0,0,0,motu567,ASV1078_788,ASV1078_788
1,785,ASV1079,785,0,0,0,motu568,ASV1079_785,ASV1079_785
1,785,ASV1080,785,0,0,0,motu569,ASV1080_785,ASV1080_785
1,784,ASV1081,784,0,0,0,motu570,ASV1081_784,ASV1081_784
1,783,ASV1082,783,0,0,0,motu571,ASV1082_783,ASV1082_783
1,781,ASV1084,781,0,0,0,motu572,ASV1084_781,ASV1084_781
1,779,ASV1085,779,0,0,0,motu573,ASV1085_779,ASV1085_779
1,777,ASV1086,777,0,0,0,motu574,ASV1086_777,ASV1086_777
1,775,ASV1087,775,0,0,0,motu575,ASV1087_775,ASV1087_775
1,772,ASV1089,772,0,0,0,motu576,ASV1089_772,ASV1089_772
1,764,ASV1091,764,0,0,0,motu577,ASV1091_764,ASV1091_764
1,759,ASV1093,759,0,0,0,motu578,ASV1093_759,ASV1093_759
1,757,ASV1094,757,0,0,0,motu579,ASV1094_757,ASV1094_757
1,757,ASV1095,757,0,0,0,motu580,ASV1095_757,ASV1095_757
1,757,ASV1096,757,0,0,0,motu581,ASV1096_757,ASV1096_757
2,796,ASV1098,756,0,1,1,motu582,ASV1098_756,ASV1098_796
1,752,ASV1100,752,0,0,0,motu583,ASV1100_752,ASV1100_752
1,750,ASV1103,750,0,0,0,motu584,ASV1103_750,ASV1103_750
1,750,ASV1104,750,0,0,0,motu585,ASV1104_750,ASV1104_750
1,747,ASV1105,747,0,0,0,motu586,ASV1105_747,ASV1105_747
2,758,ASV1108,736,0,1,1,motu587,ASV1108_736,ASV1108_758
1,735,ASV1110,735,0,0,0,motu588,ASV1110_735,ASV1110_735
1,717,ASV1112,717,0,0,0,motu589,ASV1112_717,ASV1112_717
2,1222,ASV1114,700,0,1,1,motu590,ASV1114_700,ASV1114_1222
1,699,ASV1115,699,0,0,0,motu591,ASV1115_699,ASV1115_699
1,697,ASV1116,697,0,0,0,motu592,ASV1116_697,ASV1116_697
4,1251,ASV1117,695,0,2,2,motu593,ASV1117_695,ASV1117_1251
3,935,ASV1119,693,0,1,1,motu594,ASV1119_693,ASV1119_935
3,1406,ASV1120,691,0,1,1,motu595,ASV1120_691,ASV1120_1406
1,690,ASV1121,690,0,0,0,motu596,ASV1121_690,ASV1121_690
1,688,ASV1122,688,0,0,0,motu597,ASV1122_688,ASV1122_688
1,688,ASV1123,688,0,0,0,motu598,ASV1123_688,ASV1123_688
2,1298,ASV1124,686,0,1,1,motu599,ASV1124_686,ASV1124_1298
2,1224,ASV1125,685,0,1,1,motu600,ASV1125_685,ASV1125_1224
1,685,ASV1126,685,0,0,0,motu601,ASV1126_685,ASV1126_685
1,683,ASV1127,683,0,0,0,motu602,ASV1127_683,ASV1127_683
1,675,ASV1128,675,0,0,0,motu603,ASV1128_675,ASV1128_675
2,824,ASV1130,674,0,1,1,motu604,ASV1130_674,ASV1130_824
1,670,ASV1131,670,0,0,0,motu605,ASV1131_670,ASV1131_670
1,669,ASV1133,669,0,0,0,motu606,ASV1133_669,ASV1133_669
1,668,ASV1134,668,0,0,0,motu607,ASV1134_668,ASV1134_668
1,668,ASV1135,668,0,0,0,motu608,ASV1135_668,ASV1135_668
1,667,ASV1136,667,0,0,0,motu609,ASV1136_667,ASV1136_667
1,666,ASV1137,666,0,0,0,motu610,ASV1137_666,ASV1137_666
3,742,ASV1138,662,0,1,1,motu611,ASV1138_662,ASV1138_742
1,659,ASV1139,659,0,0,0,motu612,ASV1139_659,ASV1139_659
1,656,ASV1140,656,0,0,0,motu613,ASV1140_656,ASV1140_656
1,649,ASV1145,649,0,0,0,motu614,ASV1145_649,ASV1145_649
1,646,ASV1147,646,0,0,0,motu615,ASV1147_646,ASV1147_646
1,644,ASV1148,644,0,0,0,motu616,ASV1148_644,ASV1148_644
1,641,ASV1149,641,0,0,0,motu617,ASV1149_641,ASV1149_641
1,639,ASV1150,639,0,0,0,motu618,ASV1150_639,ASV1150_639
1,635,ASV1152,635,0,0,0,motu619,ASV1152_635,ASV1152_635
1,634,ASV1153,634,0,0,0,motu620,ASV1153_634,ASV1153_634
1,633,ASV1154,633,0,0,0,motu621,ASV1154_633,ASV1154_633
1,631,ASV1155,631,0,0,0,motu622,ASV1155_631,ASV1155_631
1,628,ASV1158,628,0,0,0,motu623,ASV1158_628,ASV1158_628
1,616,ASV1159,616,0,0,0,motu624,ASV1159_616,ASV1159_616
1,614,ASV1162,614,0,0,0,motu625,ASV1162_614,ASV1162_614
1,612,ASV1163,612,0,0,0,motu626,ASV1163_612,ASV1163_612
1,610,ASV1165,610,0,0,0,motu627,ASV1165_610,ASV1165_610
1,607,ASV1166,607,0,0,0,motu628,ASV1166_607,ASV1166_607
1,605,ASV1168,605,0,0,0,motu629,ASV1168_605,ASV1168_605
1,604,ASV1169,604,0,0,0,motu630,ASV1169_604,ASV1169_604
1,600,ASV1170,600,0,0,0,motu631,ASV1170_600,ASV1170_600
1,598,ASV1171,598,0,0,0,motu632,ASV1171_598,ASV1171_598
1,593,ASV1172,593,0,0,0,motu633,ASV1172_593,ASV1172_593
1,592,ASV1173,592,0,0,0,motu634,ASV1173_592,ASV1173_592
1,592,ASV1174,592,0,0,0,motu635,ASV1174_592,ASV1174_592
1,586,ASV1175,586,0,0,0,motu636,ASV1175_586,ASV1175_586
1,585,ASV1176,585,0,0,0,motu637,ASV1176_585,ASV1176_585
1,583,ASV1177,583,0,0,0,motu638,ASV1177_583,ASV1177_583
1,579,ASV1180,579,0,0,0,motu639,ASV1180_579,ASV1180_579
1,577,ASV1181,577,0,0,0,motu640,ASV1181_577,ASV1181_577
3,931,ASV1182,577,0,2,2,motu641,ASV1182_577,ASV1182_931
1,574,ASV1185,574,0,0,0,motu642,ASV1185_574,ASV1185_574
1,573,ASV1187,573,0,0,0,motu643,ASV1187_573,ASV1187_573
1,570,ASV1188,570,0,0,0,motu644,ASV1188_570,ASV1188_570
1,569,ASV1189,569,0,0,0,motu645,ASV1189_569,ASV1189_569
1,566,ASV1190,566,0,0,0,motu646,ASV1190_566,ASV1190_566
1,556,ASV1192,556,0,0,0,motu647,ASV1192_556,ASV1192_556
1,556,ASV1193,556,0,0,0,motu648,ASV1193_556,ASV1193_556
1,555,ASV1194,555,0,0,0,motu649,ASV1194_555,ASV1194_555
1,553,ASV1195,553,0,0,0,motu650,ASV1195_553,ASV1195_553
1,551,ASV1197,551,0,0,0,motu651,ASV1197_551,ASV1197_551
1,549,ASV1198,549,0,0,0,motu652,ASV1198_549,ASV1198_549
1,546,ASV1200,546,0,0,0,motu653,ASV1200_546,ASV1200_546
1,545,ASV1201,545,0,0,0,motu654,ASV1201_545,ASV1201_545
1,544,ASV1202,544,0,0,0,motu655,ASV1202_544,ASV1202_544
1,544,ASV1203,544,0,0,0,motu656,ASV1203_544,ASV1203_544
1,543,ASV1204,543,0,0,0,motu657,ASV1204_543,ASV1204_543
1,542,ASV1206,542,0,0,0,motu658,ASV1206_542,ASV1206_542
1,539,ASV1209,539,0,0,0,motu659,ASV1209_539,ASV1209_539
2,875,ASV1210,538,0,1,1,motu660,ASV1210_538,ASV1210_875
1,537,ASV1211,537,0,0,0,motu661,ASV1211_537,ASV1211_537
1,535,ASV1213,535,0,0,0,motu662,ASV1213_535,ASV1213_535
1,534,ASV1214,534,0,0,0,motu663,ASV1214_534,ASV1214_534
1,533,ASV1215,533,0,0,0,motu664,ASV1215_533,ASV1215_533
1,533,ASV1216,533,0,0,0,motu665,ASV1216_533,ASV1216_533
1,532,ASV1217,532,0,0,0,motu666,ASV1217_532,ASV1217_532
1,527,ASV1218,527,0,0,0,motu667,ASV1218_527,ASV1218_527
1,526,ASV1219,526,0,0,0,motu668,ASV1219_526,ASV1219_526
1,525,ASV1220,525,0,0,0,motu669,ASV1220_525,ASV1220_525
1,523,ASV1221,523,0,0,0,motu670,ASV1221_523,ASV1221_523
1,523,ASV1222,523,0,0,0,motu671,ASV1222_523,ASV1222_523
1,521,ASV1225,521,0,0,0,motu672,ASV1225_521,ASV1225_521
1,514,ASV1228,514,0,0,0,motu673,ASV1228_514,ASV1228_514
1,511,ASV1230,511,0,0,0,motu674,ASV1230_511,ASV1230_511
1,510,ASV1232,510,0,0,0,motu675,ASV1232_510,ASV1232_510
2,568,ASV1233,507,0,1,1,motu676,ASV1233_507,ASV1233_568
1,504,ASV1236,504,0,0,0,motu677,ASV1236_504,ASV1236_504
1,501,ASV1238,501,0,0,0,motu678,ASV1238_501,ASV1238_501
1,493,ASV1240,493,0,0,0,motu679,ASV1240_493,ASV1240_493
1,493,ASV1241,493,0,0,0,motu680,ASV1241_493,ASV1241_493
1,492,ASV1242,492,0,0,0,motu681,ASV1242_492,ASV1242_492
1,491,ASV1243,491,0,0,0,motu682,ASV1243_491,ASV1243_491
1,490,ASV1244,490,0,0,0,motu683,ASV1244_490,ASV1244_490
2,594,ASV1245,489,0,1,1,motu684,ASV1245_489,ASV1245_594
2,586,ASV1247,482,0,1,1,motu685,ASV1247_482,ASV1247_586
1,480,ASV1248,480,0,0,0,motu686,ASV1248_480,ASV1248_480
1,478,ASV1249,478,0,0,0,motu687,ASV1249_478,ASV1249_478
1,476,ASV1250,476,0,0,0,motu688,ASV1250_476,ASV1250_476
1,476,ASV1251,476,0,0,0,motu689,ASV1251_476,ASV1251_476
1,474,ASV1252,474,0,0,0,motu690,ASV1252_474,ASV1252_474
1,474,ASV1253,474,0,0,0,motu691,ASV1253_474,ASV1253_474
1,467,ASV1256,467,0,0,0,motu692,ASV1256_467,ASV1256_467
1,467,ASV1257,467,0,0,0,motu693,ASV1257_467,ASV1257_467
2,488,ASV1259,462,0,1,1,motu694,ASV1259_462,ASV1259_488
1,462,ASV1260,462,0,0,0,motu695,ASV1260_462,ASV1260_462
1,460,ASV1262,460,0,0,0,motu696,ASV1262_460,ASV1262_460
1,460,ASV1263,460,0,0,0,motu697,ASV1263_460,ASV1263_460
1,458,ASV1264,458,0,0,0,motu698,ASV1264_458,ASV1264_458
1,455,ASV1265,455,0,0,0,motu699,ASV1265_455,ASV1265_455
2,777,ASV1266,454,0,1,1,motu700,ASV1266_454,ASV1266_777
1,453,ASV1267,453,0,0,0,motu701,ASV1267_453,ASV1267_453
1,451,ASV1268,451,0,0,0,motu702,ASV1268_451,ASV1268_451
1,444,ASV1270,444,0,0,0,motu703,ASV1270_444,ASV1270_444
1,442,ASV1271,442,0,0,0,motu704,ASV1271_442,ASV1271_442
1,440,ASV1273,440,0,0,0,motu705,ASV1273_440,ASV1273_440
1,440,ASV1274,440,0,0,0,motu706,ASV1274_440,ASV1274_440
1,438,ASV1275,438,0,0,0,motu707,ASV1275_438,ASV1275_438
1,436,ASV1277,436,0,0,0,motu708,ASV1277_436,ASV1277_436
1,435,ASV1279,435,0,0,0,motu709,ASV1279_435,ASV1279_435
1,434,ASV1280,434,0,0,0,motu710,ASV1280_434,ASV1280_434
1,431,ASV1282,431,0,0,0,motu711,ASV1282_431,ASV1282_431
1,431,ASV1283,431,0,0,0,motu712,ASV1283_431,ASV1283_431
1,426,ASV1287,426,0,0,0,motu713,ASV1287_426,ASV1287_426
1,424,ASV1289,424,0,0,0,motu714,ASV1289_424,ASV1289_424
1,422,ASV1290,422,0,0,0,motu715,ASV1290_422,ASV1290_422
2,652,ASV1291,422,0,1,1,motu716,ASV1291_422,ASV1291_652
1,417,ASV1294,417,0,0,0,motu717,ASV1294_417,ASV1294_417
1,416,ASV1295,416,0,0,0,motu718,ASV1295_416,ASV1295_416
1,416,ASV1296,416,0,0,0,motu719,ASV1296_416,ASV1296_416
1,416,ASV1297,416,0,0,0,motu720,ASV1297_416,ASV1297_416
1,413,ASV1298,413,0,0,0,motu721,ASV1298_413,ASV1298_413
1,413,ASV1299,413,0,0,0,motu722,ASV1299_413,ASV1299_413
1,412,ASV1300,412,0,0,0,motu723,ASV1300_412,ASV1300_412
1,410,ASV1301,410,0,0,0,motu724,ASV1301_410,ASV1301_410
1,408,ASV1302,408,0,0,0,motu725,ASV1302_408,ASV1302_408
1,402,ASV1306,402,0,0,0,motu726,ASV1306_402,ASV1306_402
1,400,ASV1307,400,0,0,0,motu727,ASV1307_400,ASV1307_400
1,399,ASV1308,399,0,0,0,motu728,ASV1308_399,ASV1308_399
1,398,ASV1309,398,0,0,0,motu729,ASV1309_398,ASV1309_398
1,398,ASV1310,398,0,0,0,motu730,ASV1310_398,ASV1310_398
1,396,ASV1311,396,0,0,0,motu731,ASV1311_396,ASV1311_396
1,390,ASV1313,390,0,0,0,motu732,ASV1313_390,ASV1313_390
1,388,ASV1314,388,0,0,0,motu733,ASV1314_388,ASV1314_388
2,706,ASV1316,387,0,1,1,motu734,ASV1316_387,ASV1316_706
1,387,ASV1317,387,0,0,0,motu735,ASV1317_387,ASV1317_387
1,384,ASV1319,384,0,0,0,motu736,ASV1319_384,ASV1319_384
1,376,ASV1322,376,0,0,0,motu737,ASV1322_376,ASV1322_376
1,372,ASV1324,372,0,0,0,motu738,ASV1324_372,ASV1324_372
1,372,ASV1325,372,0,0,0,motu739,ASV1325_372,ASV1325_372
1,372,ASV1326,372,0,0,0,motu740,ASV1326_372,ASV1326_372
1,371,ASV1327,371,0,0,0,motu741,ASV1327_371,ASV1327_371
1,370,ASV1328,370,0,0,0,motu742,ASV1328_370,ASV1328_370
1,368,ASV1329,368,0,0,0,motu743,ASV1329_368,ASV1329_368
1,368,ASV1330,368,0,0,0,motu744,ASV1330_368,ASV1330_368
1,368,ASV1331,368,0,0,0,motu745,ASV1331_368,ASV1331_368
2,444,ASV1332,367,0,1,1,motu746,ASV1332_367,ASV1332_444
1,366,ASV1333,366,0,0,0,motu747,ASV1333_366,ASV1333_366
1,364,ASV1334,364,0,0,0,motu748,ASV1334_364,ASV1334_364
1,363,ASV1335,363,0,0,0,motu749,ASV1335_363,ASV1335_363
1,363,ASV1337,363,0,0,0,motu750,ASV1337_363,ASV1337_363
1,363,ASV1338,363,0,0,0,motu751,ASV1338_363,ASV1338_363
1,362,ASV1339,362,0,0,0,motu752,ASV1339_362,ASV1339_362
1,353,ASV1345,353,0,0,0,motu753,ASV1345_353,ASV1345_353
1,353,ASV1346,353,0,0,0,motu754,ASV1346_353,ASV1346_353
1,347,ASV1349,347,0,0,0,motu755,ASV1349_347,ASV1349_347
1,347,ASV1350,347,0,0,0,motu756,ASV1350_347,ASV1350_347
1,347,ASV1351,347,0,0,0,motu757,ASV1351_347,ASV1351_347
3,435,ASV1352,346,0,1,1,motu758,ASV1352_346,ASV1352_435
1,345,ASV1353,345,0,0,0,motu759,ASV1353_345,ASV1353_345
1,345,ASV1354,345,0,0,0,motu760,ASV1354_345,ASV1354_345
1,344,ASV1355,344,0,0,0,motu761,ASV1355_344,ASV1355_344
1,343,ASV1356,343,0,0,0,motu762,ASV1356_343,ASV1356_343
1,339,ASV1358,339,0,0,0,motu763,ASV1358_339,ASV1358_339
1,336,ASV1360,336,0,0,0,motu764,ASV1360_336,ASV1360_336
1,333,ASV1362,333,0,0,0,motu765,ASV1362_333,ASV1362_333
1,333,ASV1363,333,0,0,0,motu766,ASV1363_333,ASV1363_333
1,332,ASV1364,332,0,0,0,motu767,ASV1364_332,ASV1364_332
3,586,ASV1365,331,0,2,2,motu768,ASV1365_331,ASV1365_586
1,330,ASV1366,330,0,0,0,motu769,ASV1366_330,ASV1366_330
1,330,ASV1367,330,0,0,0,motu770,ASV1367_330,ASV1367_330
1,327,ASV1368,327,0,0,0,motu771,ASV1368_327,ASV1368_327
1,326,ASV1369,326,0,0,0,motu772,ASV1369_326,ASV1369_326
1,325,ASV1371,325,0,0,0,motu773,ASV1371_325,ASV1371_325
1,325,ASV1372,325,0,0,0,motu774,ASV1372_325,ASV1372_325
1,323,ASV1374,323,0,0,0,motu775,ASV1374_323,ASV1374_323
1,323,ASV1375,323,0,0,0,motu776,ASV1375_323,ASV1375_323
1,320,ASV1377,320,0,0,0,motu777,ASV1377_320,ASV1377_320
1,320,ASV1378,320,0,0,0,motu778,ASV1378_320,ASV1378_320
1,318,ASV1380,318,0,0,0,motu779,ASV1380_318,ASV1380_318
1,317,ASV1381,317,0,0,0,motu780,ASV1381_317,ASV1381_317
1,317,ASV1382,317,0,0,0,motu781,ASV1382_317,ASV1382_317
1,316,ASV1383,316,0,0,0,motu782,ASV1383_316,ASV1383_316
1,313,ASV1384,313,0,0,0,motu783,ASV1384_313,ASV1384_313
1,313,ASV1385,313,0,0,0,motu784,ASV1385_313,ASV1385_313
2,328,ASV1386,310,0,1,1,motu785,ASV1386_310,ASV1386_328
1,308,ASV1387,308,0,0,0,motu786,ASV1387_308,ASV1387_308
1,307,ASV1388,307,0,0,0,motu787,ASV1388_307,ASV1388_307
2,325,ASV1390,304,0,1,1,motu788,ASV1390_304,ASV1390_325
1,302,ASV1391,302,0,0,0,motu789,ASV1391_302,ASV1391_302
1,302,ASV1392,302,0,0,0,motu790,ASV1392_302,ASV1392_302
1,301,ASV1394,301,0,0,0,motu791,ASV1394_301,ASV1394_301
1,301,ASV1395,301,0,0,0,motu792,ASV1395_301,ASV1395_301
1,300,ASV1397,300,0,0,0,motu793,ASV1397_300,ASV1397_300
1,297,ASV1399,297,0,0,0,motu794,ASV1399_297,ASV1399_297
1,296,ASV1400,296,0,0,0,motu795,ASV1400_296,ASV1400_296
1,295,ASV1401,295,0,0,0,motu796,ASV1401_295,ASV1401_295
1,293,ASV1402,293,0,0,0,motu797,ASV1402_293,ASV1402_293
1,293,ASV1403,293,0,0,0,motu798,ASV1403_293,ASV1403_293
1,291,ASV1404,291,0,0,0,motu799,ASV1404_291,ASV1404_291
1,290,ASV1405,290,0,0,0,motu800,ASV1405_290,ASV1405_290
1,290,ASV1406,290,0,0,0,motu801,ASV1406_290,ASV1406_290
1,288,ASV1407,288,0,0,0,motu802,ASV1407_288,ASV1407_288
2,311,ASV1408,287,0,1,1,motu803,ASV1408_287,ASV1408_311
1,287,ASV1409,287,0,0,0,motu804,ASV1409_287,ASV1409_287
1,286,ASV1410,286,0,0,0,motu805,ASV1410_286,ASV1410_286
1,284,ASV1411,284,0,0,0,motu806,ASV1411_284,ASV1411_284
1,284,ASV1412,284,0,0,0,motu807,ASV1412_284,ASV1412_284
1,281,ASV1413,281,0,0,0,motu808,ASV1413_281,ASV1413_281
1,281,ASV1415,281,0,0,0,motu809,ASV1415_281,ASV1415_281
55,5238,ASV1416,280,0,5,5,motu810,ASV1416_280,ASV1416_5238
2,542,ASV1418,277,0,1,1,motu811,ASV1418_277,ASV1418_542
1,277,ASV1419,277,0,0,0,motu812,ASV1419_277,ASV1419_277
2,550,ASV1420,276,0,1,1,motu813,ASV1420_276,ASV1420_550
1,272,ASV1424,272,0,0,0,motu814,ASV1424_272,ASV1424_272
1,269,ASV1426,269,0,0,0,motu815,ASV1426_269,ASV1426_269
1,269,ASV1428,269,0,0,0,motu816,ASV1428_269,ASV1428_269
1,269,ASV1429,269,0,0,0,motu817,ASV1429_269,ASV1429_269
1,268,ASV1430,268,0,0,0,motu818,ASV1430_268,ASV1430_268
1,266,ASV1432,266,0,0,0,motu819,ASV1432_266,ASV1432_266
1,266,ASV1435,266,0,0,0,motu820,ASV1435_266,ASV1435_266
1,264,ASV1437,264,0,0,0,motu821,ASV1437_264,ASV1437_264
1,264,ASV1439,264,0,0,0,motu822,ASV1439_264,ASV1439_264
3,464,ASV1440,262,0,1,1,motu823,ASV1440_262,ASV1440_464
1,262,ASV1441,262,0,0,0,motu824,ASV1441_262,ASV1441_262
1,261,ASV1442,261,0,0,0,motu825,ASV1442_261,ASV1442_261
1,260,ASV1443,260,0,0,0,motu826,ASV1443_260,ASV1443_260
1,259,ASV1444,259,0,0,0,motu827,ASV1444_259,ASV1444_259
1,258,ASV1445,258,0,0,0,motu828,ASV1445_258,ASV1445_258
1,251,ASV1447,251,0,0,0,motu829,ASV1447_251,ASV1447_251
1,251,ASV1448,251,0,0,0,motu830,ASV1448_251,ASV1448_251
1,250,ASV1449,250,0,0,0,motu831,ASV1449_250,ASV1449_250
1,249,ASV1451,249,0,0,0,motu832,ASV1451_249,ASV1451_249
1,248,ASV1452,248,0,0,0,motu833,ASV1452_248,ASV1452_248
1,246,ASV1455,246,0,0,0,motu834,ASV1455_246,ASV1455_246
1,244,ASV1457,244,0,0,0,motu835,ASV1457_244,ASV1457_244
1,241,ASV1459,241,0,0,0,motu836,ASV1459_241,ASV1459_241
1,239,ASV1460,239,0,0,0,motu837,ASV1460_239,ASV1460_239
2,404,ASV1461,238,0,1,1,motu838,ASV1461_238,ASV1461_404
1,238,ASV1464,238,0,0,0,motu839,ASV1464_238,ASV1464_238
1,237,ASV1465,237,0,0,0,motu840,ASV1465_237,ASV1465_237
1,237,ASV1467,237,0,0,0,motu841,ASV1467_237,ASV1467_237
1,236,ASV1468,236,0,0,0,motu842,ASV1468_236,ASV1468_236
1,234,ASV1469,234,0,0,0,motu843,ASV1469_234,ASV1469_234
1,232,ASV1471,232,0,0,0,motu844,ASV1471_232,ASV1471_232
1,231,ASV1473,231,0,0,0,motu845,ASV1473_231,ASV1473_231
1,230,ASV1475,230,0,0,0,motu846,ASV1475_230,ASV1475_230
1,229,ASV1476,229,0,0,0,motu847,ASV1476_229,ASV1476_229
1,227,ASV1478,227,0,0,0,motu848,ASV1478_227,ASV1478_227
1,227,ASV1479,227,0,0,0,motu849,ASV1479_227,ASV1479_227
1,226,ASV1480,226,0,0,0,motu850,ASV1480_226,ASV1480_226
1,226,ASV1481,226,0,0,0,motu851,ASV1481_226,ASV1481_226
1,224,ASV1482,224,0,0,0,motu852,ASV1482_224,ASV1482_224
2,243,ASV1485,224,0,1,1,motu853,ASV1485_224,ASV1485_243
1,223,ASV1486,223,0,0,0,motu854,ASV1486_223,ASV1486_223
1,223,ASV1488,223,0,0,0,motu855,ASV1488_223,ASV1488_223
1,222,ASV1489,222,0,0,0,motu856,ASV1489_222,ASV1489_222
1,218,ASV1490,218,0,0,0,motu857,ASV1490_218,ASV1490_218
1,217,ASV1491,217,0,0,0,motu858,ASV1491_217,ASV1491_217
1,217,ASV1492,217,0,0,0,motu859,ASV1492_217,ASV1492_217
1,217,ASV1493,217,0,0,0,motu860,ASV1493_217,ASV1493_217
1,216,ASV1495,216,0,0,0,motu861,ASV1495_216,ASV1495_216
1,214,ASV1496,214,0,0,0,motu862,ASV1496_214,ASV1496_214
1,214,ASV1498,214,0,0,0,motu863,ASV1498_214,ASV1498_214
1,213,ASV1499,213,0,0,0,motu864,ASV1499_213,ASV1499_213
1,212,ASV1500,212,0,0,0,motu865,ASV1500_212,ASV1500_212
1,210,ASV1501,210,0,0,0,motu866,ASV1501_210,ASV1501_210
1,210,ASV1502,210,0,0,0,motu867,ASV1502_210,ASV1502_210
1,210,ASV1503,210,0,0,0,motu868,ASV1503_210,ASV1503_210
1,210,ASV1504,210,0,0,0,motu869,ASV1504_210,ASV1504_210
1,209,ASV1505,209,0,0,0,motu870,ASV1505_209,ASV1505_209
1,209,ASV1506,209,0,0,0,motu871,ASV1506_209,ASV1506_209
1,208,ASV1507,208,0,0,0,motu872,ASV1507_208,ASV1507_208
1,207,ASV1508,207,0,0,0,motu873,ASV1508_207,ASV1508_207
1,207,ASV1509,207,0,0,0,motu874,ASV1509_207,ASV1509_207
1,207,ASV1510,207,0,0,0,motu875,ASV1510_207,ASV1510_207
1,207,ASV1511,207,0,0,0,motu876,ASV1511_207,ASV1511_207
1,203,ASV1514,203,0,0,0,motu877,ASV1514_203,ASV1514_203
1,203,ASV1515,203,0,0,0,motu878,ASV1515_203,ASV1515_203
1,202,ASV1517,202,0,0,0,motu879,ASV1517_202,ASV1517_202
1,201,ASV1518,201,0,0,0,motu880,ASV1518_201,ASV1518_201
1,200,ASV1519,200,0,0,0,motu881,ASV1519_200,ASV1519_200
1,200,ASV1520,200,0,0,0,motu882,ASV1520_200,ASV1520_200
1,198,ASV1521,198,0,0,0,motu883,ASV1521_198,ASV1521_198
1,198,ASV1522,198,0,0,0,motu884,ASV1522_198,ASV1522_198
1,197,ASV1523,197,0,0,0,motu885,ASV1523_197,ASV1523_197
1,195,ASV1524,195,0,0,0,motu886,ASV1524_195,ASV1524_195
1,195,ASV1525,195,0,0,0,motu887,ASV1525_195,ASV1525_195
1,195,ASV1526,195,0,0,0,motu888,ASV1526_195,ASV1526_195
1,193,ASV1527,193,0,0,0,motu889,ASV1527_193,ASV1527_193
1,191,ASV1528,191,0,0,0,motu890,ASV1528_191,ASV1528_191
2,193,ASV1530,190,0,1,1,motu891,ASV1530_190,ASV1530_193
1,189,ASV1531,189,0,0,0,motu892,ASV1531_189,ASV1531_189
1,189,ASV1532,189,0,0,0,motu893,ASV1532_189,ASV1532_189
1,188,ASV1533,188,0,0,0,motu894,ASV1533_188,ASV1533_188
1,186,ASV1535,186,0,0,0,motu895,ASV1535_186,ASV1535_186
1,186,ASV1536,186,0,0,0,motu896,ASV1536_186,ASV1536_186
1,184,ASV1537,184,0,0,0,motu897,ASV1537_184,ASV1537_184
1,184,ASV1538,184,0,0,0,motu898,ASV1538_184,ASV1538_184
1,183,ASV1539,183,0,0,0,motu899,ASV1539_183,ASV1539_183
1,182,ASV1540,182,0,0,0,motu900,ASV1540_182,ASV1540_182
2,257,ASV1541,182,0,1,1,motu901,ASV1541_182,ASV1541_257
1,182,ASV1542,182,0,0,0,motu902,ASV1542_182,ASV1542_182
1,180,ASV1543,180,0,0,0,motu903,ASV1543_180,ASV1543_180
1,179,ASV1544,179,0,0,0,motu904,ASV1544_179,ASV1544_179
1,178,ASV1545,178,0,0,0,motu905,ASV1545_178,ASV1545_178
1,178,ASV1546,178,0,0,0,motu906,ASV1546_178,ASV1546_178
1,176,ASV1547,176,0,0,0,motu907,ASV1547_176,ASV1547_176
1,175,ASV1550,175,0,0,0,motu908,ASV1550_175,ASV1550_175
1,175,ASV1552,175,0,0,0,motu909,ASV1552_175,ASV1552_175
2,221,ASV1553,174,0,1,1,motu910,ASV1553_174,ASV1553_221
1,173,ASV1554,173,0,0,0,motu911,ASV1554_173,ASV1554_173
1,172,ASV1555,172,0,0,0,motu912,ASV1555_172,ASV1555_172
1,172,ASV1556,172,0,0,0,motu913,ASV1556_172,ASV1556_172
1,172,ASV1557,172,0,0,0,motu914,ASV1557_172,ASV1557_172
1,171,ASV1558,171,0,0,0,motu915,ASV1558_171,ASV1558_171
1,170,ASV1562,170,0,0,0,motu916,ASV1562_170,ASV1562_170
2,298,ASV1563,170,0,1,1,motu917,ASV1563_170,ASV1563_298
2,176,ASV1564,168,0,1,1,motu918,ASV1564_168,ASV1564_176
1,167,ASV1565,167,0,0,0,motu919,ASV1565_167,ASV1565_167
1,167,ASV1566,167,0,0,0,motu920,ASV1566_167,ASV1566_167
1,166,ASV1568,166,0,0,0,motu921,ASV1568_166,ASV1568_166
2,262,ASV1572,163,0,1,1,motu922,ASV1572_163,ASV1572_262
1,162,ASV1573,162,0,0,0,motu923,ASV1573_162,ASV1573_162
1,162,ASV1574,162,0,0,0,motu924,ASV1574_162,ASV1574_162
1,161,ASV1575,161,0,0,0,motu925,ASV1575_161,ASV1575_161
1,161,ASV1576,161,0,0,0,motu926,ASV1576_161,ASV1576_161
1,160,ASV1577,160,0,0,0,motu927,ASV1577_160,ASV1577_160
1,160,ASV1578,160,0,0,0,motu928,ASV1578_160,ASV1578_160
1,159,ASV1580,159,0,0,0,motu929,ASV1580_159,ASV1580_159
1,158,ASV1582,158,0,0,0,motu930,ASV1582_158,ASV1582_158
1,156,ASV1584,156,0,0,0,motu931,ASV1584_156,ASV1584_156
1,155,ASV1585,155,0,0,0,motu932,ASV1585_155,ASV1585_155
1,154,ASV1586,154,0,0,0,motu933,ASV1586_154,ASV1586_154
1,153,ASV1587,153,0,0,0,motu934,ASV1587_153,ASV1587_153
1,152,ASV1588,152,0,0,0,motu935,ASV1588_152,ASV1588_152
1,152,ASV1589,152,0,0,0,motu936,ASV1589_152,ASV1589_152
1,149,ASV1591,149,0,0,0,motu937,ASV1591_149,ASV1591_149
1,148,ASV1592,148,0,0,0,motu938,ASV1592_148,ASV1592_148
1,147,ASV1594,147,0,0,0,motu939,ASV1594_147,ASV1594_147
2,159,ASV1595,146,0,1,1,motu940,ASV1595_146,ASV1595_159
1,146,ASV1596,146,0,0,0,motu941,ASV1596_146,ASV1596_146
1,145,ASV1597,145,0,0,0,motu942,ASV1597_145,ASV1597_145
1,145,ASV1598,145,0,0,0,motu943,ASV1598_145,ASV1598_145
1,145,ASV1599,145,0,0,0,motu944,ASV1599_145,ASV1599_145
1,144,ASV1600,144,0,0,0,motu945,ASV1600_144,ASV1600_144
1,144,ASV1601,144,0,0,0,motu946,ASV1601_144,ASV1601_144
1,141,ASV1604,141,0,0,0,motu947,ASV1604_141,ASV1604_141
1,140,ASV1607,140,0,0,0,motu948,ASV1607_140,ASV1607_140
1,139,ASV1609,139,0,0,0,motu949,ASV1609_139,ASV1609_139
1,139,ASV1610,139,0,0,0,motu950,ASV1610_139,ASV1610_139
1,138,ASV1611,138,0,0,0,motu951,ASV1611_138,ASV1611_138
1,138,ASV1612,138,0,0,0,motu952,ASV1612_138,ASV1612_138
1,137,ASV1614,137,0,0,0,motu953,ASV1614_137,ASV1614_137
1,136,ASV1616,136,0,0,0,motu954,ASV1616_136,ASV1616_136
1,135,ASV1617,135,0,0,0,motu955,ASV1617_135,ASV1617_135
1,135,ASV1618,135,0,0,0,motu956,ASV1618_135,ASV1618_135
1,135,ASV1619,135,0,0,0,motu957,ASV1619_135,ASV1619_135
1,134,ASV1622,134,0,0,0,motu958,ASV1622_134,ASV1622_134
1,133,ASV1623,133,0,0,0,motu959,ASV1623_133,ASV1623_133
1,133,ASV1624,133,0,0,0,motu960,ASV1624_133,ASV1624_133
1,132,ASV1625,132,0,0,0,motu961,ASV1625_132,ASV1625_132
1,132,ASV1626,132,0,0,0,motu962,ASV1626_132,ASV1626_132
1,132,ASV1627,132,0,0,0,motu963,ASV1627_132,ASV1627_132
1,131,ASV1629,131,0,0,0,motu964,ASV1629_131,ASV1629_131
1,131,ASV1630,131,0,0,0,motu965,ASV1630_131,ASV1630_131
1,130,ASV1631,130,0,0,0,motu966,ASV1631_130,ASV1631_130
1,130,ASV1632,130,0,0,0,motu967,ASV1632_130,ASV1632_130
1,129,ASV1633,129,0,0,0,motu968,ASV1633_129,ASV1633_129
1,129,ASV1635,129,0,0,0,motu969,ASV1635_129,ASV1635_129
1,129,ASV1637,129,0,0,0,motu970,ASV1637_129,ASV1637_129
1,129,ASV1638,129,0,0,0,motu971,ASV1638_129,ASV1638_129
1,128,ASV1639,128,0,0,0,motu972,ASV1639_128,ASV1639_128
2,141,ASV1640,128,0,1,1,motu973,ASV1640_128,ASV1640_141
1,128,ASV1642,128,0,0,0,motu974,ASV1642_128,ASV1642_128
1,128,ASV1643,128,0,0,0,motu975,ASV1643_128,ASV1643_128
1,127,ASV1644,127,0,0,0,motu976,ASV1644_127,ASV1644_127
1,126,ASV1645,126,0,0,0,motu977,ASV1645_126,ASV1645_126
1,126,ASV1647,126,0,0,0,motu978,ASV1647_126,ASV1647_126
1,126,ASV1648,126,0,0,0,motu979,ASV1648_126,ASV1648_126
1,124,ASV1650,124,0,0,0,motu980,ASV1650_124,ASV1650_124
1,123,ASV1651,123,0,0,0,motu981,ASV1651_123,ASV1651_123
1,122,ASV1652,122,0,0,0,motu982,ASV1652_122,ASV1652_122
1,121,ASV1653,121,0,0,0,motu983,ASV1653_121,ASV1653_121
1,120,ASV1654,120,0,0,0,motu984,ASV1654_120,ASV1654_120
1,118,ASV1657,118,0,0,0,motu985,ASV1657_118,ASV1657_118
1,118,ASV1658,118,0,0,0,motu986,ASV1658_118,ASV1658_118
1,118,ASV1659,118,0,0,0,motu987,ASV1659_118,ASV1659_118
1,117,ASV1660,117,0,0,0,motu988,ASV1660_117,ASV1660_117
1,117,ASV1661,117,0,0,0,motu989,ASV1661_117,ASV1661_117
1,117,ASV1662,117,0,0,0,motu990,ASV1662_117,ASV1662_117
1,117,ASV1663,117,0,0,0,motu991,ASV1663_117,ASV1663_117
1,116,ASV1664,116,0,0,0,motu992,ASV1664_116,ASV1664_116
1,116,ASV1665,116,0,0,0,motu993,ASV1665_116,ASV1665_116
1,115,ASV1667,115,0,0,0,motu994,ASV1667_115,ASV1667_115
1,115,ASV1668,115,0,0,0,motu995,ASV1668_115,ASV1668_115
1,115,ASV1669,115,0,0,0,motu996,ASV1669_115,ASV1669_115
1,114,ASV1670,114,0,0,0,motu997,ASV1670_114,ASV1670_114
1,114,ASV1672,114,0,0,0,motu998,ASV1672_114,ASV1672_114
1,114,ASV1674,114,0,0,0,motu999,ASV1674_114,ASV1674_114
2,172,ASV1675,113,0,1,1,motu1000,ASV1675_113,ASV1675_172
1,112,ASV1677,112,0,0,0,motu1001,ASV1677_112,ASV1677_112
1,112,ASV1678,112,0,0,0,motu1002,ASV1678_112,ASV1678_112
1,112,ASV1679,112,0,0,0,motu1003,ASV1679_112,ASV1679_112
1,111,ASV1680,111,0,0,0,motu1004,ASV1680_111,ASV1680_111
1,111,ASV1681,111,0,0,0,motu1005,ASV1681_111,ASV1681_111
1,110,ASV1682,110,0,0,0,motu1006,ASV1682_110,ASV1682_110
1,110,ASV1683,110,0,0,0,motu1007,ASV1683_110,ASV1683_110
1,109,ASV1685,109,0,0,0,motu1008,ASV1685_109,ASV1685_109
1,108,ASV1686,108,0,0,0,motu1009,ASV1686_108,ASV1686_108
1,108,ASV1687,108,0,0,0,motu1010,ASV1687_108,ASV1687_108
1,108,ASV1688,108,0,0,0,motu1011,ASV1688_108,ASV1688_108
1,107,ASV1689,107,0,0,0,motu1012,ASV1689_107,ASV1689_107
1,106,ASV1691,106,0,0,0,motu1013,ASV1691_106,ASV1691_106
1,105,ASV1693,105,0,0,0,motu1014,ASV1693_105,ASV1693_105
1,105,ASV1695,105,0,0,0,motu1015,ASV1695_105,ASV1695_105
1,105,ASV1696,105,0,0,0,motu1016,ASV1696_105,ASV1696_105
1,104,ASV1697,104,0,0,0,motu1017,ASV1697_104,ASV1697_104
1,104,ASV1699,104,0,0,0,motu1018,ASV1699_104,ASV1699_104
1,104,ASV1700,104,0,0,0,motu1019,ASV1700_104,ASV1700_104
1,104,ASV1701,104,0,0,0,motu1020,ASV1701_104,ASV1701_104
1,103,ASV1702,103,0,0,0,motu1021,ASV1702_103,ASV1702_103
1,103,ASV1704,103,0,0,0,motu1022,ASV1704_103,ASV1704_103
2,166,ASV1705,102,0,1,1,motu1023,ASV1705_102,ASV1705_166
1,102,ASV1706,102,0,0,0,motu1024,ASV1706_102,ASV1706_102
1,102,ASV1707,102,0,0,0,motu1025,ASV1707_102,ASV1707_102
1,100,ASV1709,100,0,0,0,motu1026,ASV1709_100,ASV1709_100
1,100,ASV1710,100,0,0,0,motu1027,ASV1710_100,ASV1710_100
1,100,ASV1711,100,0,0,0,motu1028,ASV1711_100,ASV1711_100
1,99,ASV1713,99,0,0,0,motu1029,ASV1713_99,ASV1713_99
1,99,ASV1714,99,0,0,0,motu1030,ASV1714_99,ASV1714_99
1,99,ASV1715,99,0,0,0,motu1031,ASV1715_99,ASV1715_99
1,99,ASV1716,99,0,0,0,motu1032,ASV1716_99,ASV1716_99
1,99,ASV1717,99,0,0,0,motu1033,ASV1717_99,ASV1717_99
1,98,ASV1719,98,0,0,0,motu1034,ASV1719_98,ASV1719_98
1,97,ASV1722,97,0,0,0,motu1035,ASV1722_97,ASV1722_97
1,97,ASV1723,97,0,0,0,motu1036,ASV1723_97,ASV1723_97
1,97,ASV1724,97,0,0,0,motu1037,ASV1724_97,ASV1724_97
1,97,ASV1725,97,0,0,0,motu1038,ASV1725_97,ASV1725_97
1,96,ASV1726,96,0,0,0,motu1039,ASV1726_96,ASV1726_96
2,116,ASV1727,96,0,1,1,motu1040,ASV1727_96,ASV1727_116
1,94,ASV1728,94,0,0,0,motu1041,ASV1728_94,ASV1728_94
1,94,ASV1729,94,0,0,0,motu1042,ASV1729_94,ASV1729_94
2,159,ASV1731,93,0,1,1,motu1043,ASV1731_93,ASV1731_159
1,93,ASV1732,93,0,0,0,motu1044,ASV1732_93,ASV1732_93
1,93,ASV1733,93,0,0,0,motu1045,ASV1733_93,ASV1733_93
1,93,ASV1734,93,0,0,0,motu1046,ASV1734_93,ASV1734_93
1,93,ASV1735,93,0,0,0,motu1047,ASV1735_93,ASV1735_93
1,93,ASV1736,93,0,0,0,motu1048,ASV1736_93,ASV1736_93
1,90,ASV1738,90,0,0,0,motu1049,ASV1738_90,ASV1738_90
1,90,ASV1741,90,0,0,0,motu1050,ASV1741_90,ASV1741_90
1,89,ASV1743,89,0,0,0,motu1051,ASV1743_89,ASV1743_89
1,89,ASV1744,89,0,0,0,motu1052,ASV1744_89,ASV1744_89
1,89,ASV1745,89,0,0,0,motu1053,ASV1745_89,ASV1745_89
1,89,ASV1746,89,0,0,0,motu1054,ASV1746_89,ASV1746_89
1,88,ASV1747,88,0,0,0,motu1055,ASV1747_88,ASV1747_88
1,86,ASV1748,86,0,0,0,motu1056,ASV1748_86,ASV1748_86
1,85,ASV1751,85,0,0,0,motu1057,ASV1751_85,ASV1751_85
1,85,ASV1752,85,0,0,0,motu1058,ASV1752_85,ASV1752_85
1,84,ASV1754,84,0,0,0,motu1059,ASV1754_84,ASV1754_84
1,84,ASV1755,84,0,0,0,motu1060,ASV1755_84,ASV1755_84
1,83,ASV1757,83,0,0,0,motu1061,ASV1757_83,ASV1757_83
1,83,ASV1758,83,0,0,0,motu1062,ASV1758_83,ASV1758_83
1,82,ASV1760,82,0,0,0,motu1063,ASV1760_82,ASV1760_82
1,82,ASV1761,82,0,0,0,motu1064,ASV1761_82,ASV1761_82
1,81,ASV1763,81,0,0,0,motu1065,ASV1763_81,ASV1763_81
1,81,ASV1765,81,0,0,0,motu1066,ASV1765_81,ASV1765_81
1,81,ASV1766,81,0,0,0,motu1067,ASV1766_81,ASV1766_81
2,141,ASV1768,80,0,1,1,motu1068,ASV1768_80,ASV1768_141
1,80,ASV1769,80,0,0,0,motu1069,ASV1769_80,ASV1769_80
1,80,ASV1770,80,0,0,0,motu1070,ASV1770_80,ASV1770_80
1,79,ASV1772,79,0,0,0,motu1071,ASV1772_79,ASV1772_79
1,79,ASV1773,79,0,0,0,motu1072,ASV1773_79,ASV1773_79
1,79,ASV1774,79,0,0,0,motu1073,ASV1774_79,ASV1774_79
1,78,ASV1775,78,0,0,0,motu1074,ASV1775_78,ASV1775_78
1,77,ASV1778,77,0,0,0,motu1075,ASV1778_77,ASV1778_77
1,77,ASV1779,77,0,0,0,motu1076,ASV1779_77,ASV1779_77
1,77,ASV1780,77,0,0,0,motu1077,ASV1780_77,ASV1780_77
1,77,ASV1782,77,0,0,0,motu1078,ASV1782_77,ASV1782_77
1,76,ASV1784,76,0,0,0,motu1079,ASV1784_76,ASV1784_76
1,76,ASV1785,76,0,0,0,motu1080,ASV1785_76,ASV1785_76
1,76,ASV1786,76,0,0,0,motu1081,ASV1786_76,ASV1786_76
1,76,ASV1787,76,0,0,0,motu1082,ASV1787_76,ASV1787_76
1,75,ASV1789,75,0,0,0,motu1083,ASV1789_75,ASV1789_75
1,75,ASV1791,75,0,0,0,motu1084,ASV1791_75,ASV1791_75
1,75,ASV1792,75,0,0,0,motu1085,ASV1792_75,ASV1792_75
1,74,ASV1793,74,0,0,0,motu1086,ASV1793_74,ASV1793_74
1,74,ASV1794,74,0,0,0,motu1087,ASV1794_74,ASV1794_74
1,74,ASV1795,74,0,0,0,motu1088,ASV1795_74,ASV1795_74
1,74,ASV1796,74,0,0,0,motu1089,ASV1796_74,ASV1796_74
1,73,ASV1797,73,0,0,0,motu1090,ASV1797_73,ASV1797_73
1,73,ASV1798,73,0,0,0,motu1091,ASV1798_73,ASV1798_73
1,72,ASV1801,72,0,0,0,motu1092,ASV1801_72,ASV1801_72
1,72,ASV1802,72,0,0,0,motu1093,ASV1802_72,ASV1802_72
1,72,ASV1803,72,0,0,0,motu1094,ASV1803_72,ASV1803_72
1,72,ASV1804,72,0,0,0,motu1095,ASV1804_72,ASV1804_72
1,72,ASV1805,72,0,0,0,motu1096,ASV1805_72,ASV1805_72
1,71,ASV1807,71,0,0,0,motu1097,ASV1807_71,ASV1807_71
1,70,ASV1808,70,0,0,0,motu1098,ASV1808_70,ASV1808_70
1,70,ASV1809,70,0,0,0,motu1099,ASV1809_70,ASV1809_70
1,70,ASV1810,70,0,0,0,motu1100,ASV1810_70,ASV1810_70
1,70,ASV1811,70,0,0,0,motu1101,ASV1811_70,ASV1811_70
1,70,ASV1812,70,0,0,0,motu1102,ASV1812_70,ASV1812_70
1,70,ASV1813,70,0,0,0,motu1103,ASV1813_70,ASV1813_70
1,69,ASV1816,69,0,0,0,motu1104,ASV1816_69,ASV1816_69
1,69,ASV1817,69,0,0,0,motu1105,ASV1817_69,ASV1817_69
1,69,ASV1820,69,0,0,0,motu1106,ASV1820_69,ASV1820_69
1,68,ASV1822,68,0,0,0,motu1107,ASV1822_68,ASV1822_68
1,67,ASV1823,67,0,0,0,motu1108,ASV1823_67,ASV1823_67
2,109,ASV1824,67,0,1,1,motu1109,ASV1824_67,ASV1824_109
1,67,ASV1825,67,0,0,0,motu1110,ASV1825_67,ASV1825_67
1,66,ASV1829,66,0,0,0,motu1111,ASV1829_66,ASV1829_66
1,66,ASV1831,66,0,0,0,motu1112,ASV1831_66,ASV1831_66
1,65,ASV1834,65,0,0,0,motu1113,ASV1834_65,ASV1834_65
1,65,ASV1836,65,0,0,0,motu1114,ASV1836_65,ASV1836_65
2,86,ASV1837,65,0,1,1,motu1115,ASV1837_65,ASV1837_86
1,64,ASV1839,64,0,0,0,motu1116,ASV1839_64,ASV1839_64
1,63,ASV1842,63,0,0,0,motu1117,ASV1842_63,ASV1842_63
1,63,ASV1843,63,0,0,0,motu1118,ASV1843_63,ASV1843_63
1,63,ASV1844,63,0,0,0,motu1119,ASV1844_63,ASV1844_63
1,63,ASV1845,63,0,0,0,motu1120,ASV1845_63,ASV1845_63
1,62,ASV1846,62,0,0,0,motu1121,ASV1846_62,ASV1846_62
1,61,ASV1850,61,0,0,0,motu1122,ASV1850_61,ASV1850_61
2,111,ASV1851,61,0,1,1,motu1123,ASV1851_61,ASV1851_111
1,61,ASV1852,61,0,0,0,motu1124,ASV1852_61,ASV1852_61
1,61,ASV1855,61,0,0,0,motu1125,ASV1855_61,ASV1855_61
1,60,ASV1857,60,0,0,0,motu1126,ASV1857_60,ASV1857_60
1,60,ASV1858,60,0,0,0,motu1127,ASV1858_60,ASV1858_60
1,59,ASV1861,59,0,0,0,motu1128,ASV1861_59,ASV1861_59
1,58,ASV1864,58,0,0,0,motu1129,ASV1864_58,ASV1864_58
1,58,ASV1866,58,0,0,0,motu1130,ASV1866_58,ASV1866_58
1,58,ASV1867,58,0,0,0,motu1131,ASV1867_58,ASV1867_58
1,57,ASV1869,57,0,0,0,motu1132,ASV1869_57,ASV1869_57
1,57,ASV1870,57,0,0,0,motu1133,ASV1870_57,ASV1870_57
1,57,ASV1871,57,0,0,0,motu1134,ASV1871_57,ASV1871_57
1,57,ASV1872,57,0,0,0,motu1135,ASV1872_57,ASV1872_57
1,57,ASV1873,57,0,0,0,motu1136,ASV1873_57,ASV1873_57
1,57,ASV1874,57,0,0,0,motu1137,ASV1874_57,ASV1874_57
1,57,ASV1876,57,0,0,0,motu1138,ASV1876_57,ASV1876_57
1,56,ASV1879,56,0,0,0,motu1139,ASV1879_56,ASV1879_56
1,56,ASV1880,56,0,0,0,motu1140,ASV1880_56,ASV1880_56
1,56,ASV1881,56,0,0,0,motu1141,ASV1881_56,ASV1881_56
1,56,ASV1882,56,0,0,0,motu1142,ASV1882_56,ASV1882_56
1,55,ASV1883,55,0,0,0,motu1143,ASV1883_55,ASV1883_55
1,55,ASV1884,55,0,0,0,motu1144,ASV1884_55,ASV1884_55
1,55,ASV1885,55,0,0,0,motu1145,ASV1885_55,ASV1885_55
1,54,ASV1887,54,0,0,0,motu1146,ASV1887_54,ASV1887_54
1,54,ASV1888,54,0,0,0,motu1147,ASV1888_54,ASV1888_54
1,54,ASV1889,54,0,0,0,motu1148,ASV1889_54,ASV1889_54
1,54,ASV1890,54,0,0,0,motu1149,ASV1890_54,ASV1890_54
1,53,ASV1891,53,0,0,0,motu1150,ASV1891_53,ASV1891_53
1,53,ASV1892,53,0,0,0,motu1151,ASV1892_53,ASV1892_53
1,53,ASV1893,53,0,0,0,motu1152,ASV1893_53,ASV1893_53
1,53,ASV1894,53,0,0,0,motu1153,ASV1894_53,ASV1894_53
1,53,ASV1895,53,0,0,0,motu1154,ASV1895_53,ASV1895_53
1,53,ASV1896,53,0,0,0,motu1155,ASV1896_53,ASV1896_53
1,53,ASV1897,53,0,0,0,motu1156,ASV1897_53,ASV1897_53
1,53,ASV1898,53,0,0,0,motu1157,ASV1898_53,ASV1898_53
1,53,ASV1900,53,0,0,0,motu1158,ASV1900_53,ASV1900_53
1,53,ASV1901,53,0,0,0,motu1159,ASV1901_53,ASV1901_53
1,52,ASV1905,52,0,0,0,motu1160,ASV1905_52,ASV1905_52
2,93,ASV1907,51,0,1,1,motu1161,ASV1907_51,ASV1907_93
1,51,ASV1908,51,0,0,0,motu1162,ASV1908_51,ASV1908_51
1,51,ASV1909,51,0,0,0,motu1163,ASV1909_51,ASV1909_51
1,51,ASV1910,51,0,0,0,motu1164,ASV1910_51,ASV1910_51
1,50,ASV1912,50,0,0,0,motu1165,ASV1912_50,ASV1912_50
1,50,ASV1914,50,0,0,0,motu1166,ASV1914_50,ASV1914_50
1,50,ASV1915,50,0,0,0,motu1167,ASV1915_50,ASV1915_50
1,49,ASV1916,49,0,0,0,motu1168,ASV1916_49,ASV1916_49
1,49,ASV1917,49,0,0,0,motu1169,ASV1917_49,ASV1917_49
1,49,ASV1918,49,0,0,0,motu1170,ASV1918_49,ASV1918_49
1,48,ASV1920,48,0,0,0,motu1171,ASV1920_48,ASV1920_48
1,48,ASV1921,48,0,0,0,motu1172,ASV1921_48,ASV1921_48
1,48,ASV1922,48,0,0,0,motu1173,ASV1922_48,ASV1922_48
1,48,ASV1923,48,0,0,0,motu1174,ASV1923_48,ASV1923_48
1,48,ASV1924,48,0,0,0,motu1175,ASV1924_48,ASV1924_48
1,47,ASV1925,47,0,0,0,motu1176,ASV1925_47,ASV1925_47
1,47,ASV1926,47,0,0,0,motu1177,ASV1926_47,ASV1926_47
1,46,ASV1928,46,0,0,0,motu1178,ASV1928_46,ASV1928_46
1,46,ASV1929,46,0,0,0,motu1179,ASV1929_46,ASV1929_46
1,45,ASV1930,45,0,0,0,motu1180,ASV1930_45,ASV1930_45
1,44,ASV1931,44,0,0,0,motu1181,ASV1931_44,ASV1931_44
1,44,ASV1933,44,0,0,0,motu1182,ASV1933_44,ASV1933_44
1,43,ASV1934,43,0,0,0,motu1183,ASV1934_43,ASV1934_43
1,43,ASV1935,43,0,0,0,motu1184,ASV1935_43,ASV1935_43
1,43,ASV1936,43,0,0,0,motu1185,ASV1936_43,ASV1936_43
1,43,ASV1937,43,0,0,0,motu1186,ASV1937_43,ASV1937_43
1,43,ASV1938,43,0,0,0,motu1187,ASV1938_43,ASV1938_43
1,43,ASV1939,43,0,0,0,motu1188,ASV1939_43,ASV1939_43
1,42,ASV1941,42,0,0,0,motu1189,ASV1941_42,ASV1941_42
1,42,ASV1942,42,0,0,0,motu1190,ASV1942_42,ASV1942_42
1,42,ASV1944,42,0,0,0,motu1191,ASV1944_42,ASV1944_42
1,42,ASV1945,42,0,0,0,motu1192,ASV1945_42,ASV1945_42
1,41,ASV1946,41,0,0,0,motu1193,ASV1946_41,ASV1946_41
1,40,ASV1950,40,0,0,0,motu1194,ASV1950_40,ASV1950_40
1,40,ASV1951,40,0,0,0,motu1195,ASV1951_40,ASV1951_40
1,40,ASV1952,40,0,0,0,motu1196,ASV1952_40,ASV1952_40
1,40,ASV1953,40,0,0,0,motu1197,ASV1953_40,ASV1953_40
1,40,ASV1954,40,0,0,0,motu1198,ASV1954_40,ASV1954_40
1,40,ASV1955,40,0,0,0,motu1199,ASV1955_40,ASV1955_40
1,40,ASV1956,40,0,0,0,motu1200,ASV1956_40,ASV1956_40
1,39,ASV1958,39,0,0,0,motu1201,ASV1958_39,ASV1958_39
1,39,ASV1959,39,0,0,0,motu1202,ASV1959_39,ASV1959_39
1,39,ASV1960,39,0,0,0,motu1203,ASV1960_39,ASV1960_39
1,39,ASV1961,39,0,0,0,motu1204,ASV1961_39,ASV1961_39
1,38,ASV1963,38,0,0,0,motu1205,ASV1963_38,ASV1963_38
1,38,ASV1964,38,0,0,0,motu1206,ASV1964_38,ASV1964_38
1,38,ASV1965,38,0,0,0,motu1207,ASV1965_38,ASV1965_38
1,38,ASV1966,38,0,0,0,motu1208,ASV1966_38,ASV1966_38
1,38,ASV1967,38,0,0,0,motu1209,ASV1967_38,ASV1967_38
1,38,ASV1968,38,0,0,0,motu1210,ASV1968_38,ASV1968_38
1,37,ASV1970,37,0,0,0,motu1211,ASV1970_37,ASV1970_37
1,37,ASV1971,37,0,0,0,motu1212,ASV1971_37,ASV1971_37
1,37,ASV1972,37,0,0,0,motu1213,ASV1972_37,ASV1972_37
1,37,ASV1973,37,0,0,0,motu1214,ASV1973_37,ASV1973_37
1,36,ASV1974,36,0,0,0,motu1215,ASV1974_36,ASV1974_36
1,36,ASV1975,36,0,0,0,motu1216,ASV1975_36,ASV1975_36
1,36,ASV1976,36,0,0,0,motu1217,ASV1976_36,ASV1976_36
1,36,ASV1977,36,0,0,0,motu1218,ASV1977_36,ASV1977_36
1,36,ASV1978,36,0,0,0,motu1219,ASV1978_36,ASV1978_36
1,35,ASV1979,35,0,0,0,motu1220,ASV1979_35,ASV1979_35
1,35,ASV1980,35,0,0,0,motu1221,ASV1980_35,ASV1980_35
1,35,ASV1981,35,0,0,0,motu1222,ASV1981_35,ASV1981_35
1,35,ASV1982,35,0,0,0,motu1223,ASV1982_35,ASV1982_35
1,35,ASV1983,35,0,0,0,motu1224,ASV1983_35,ASV1983_35
1,35,ASV1984,35,0,0,0,motu1225,ASV1984_35,ASV1984_35
1,34,ASV1985,34,0,0,0,motu1226,ASV1985_34,ASV1985_34
1,34,ASV1986,34,0,0,0,motu1227,ASV1986_34,ASV1986_34
1,34,ASV1987,34,0,0,0,motu1228,ASV1987_34,ASV1987_34
1,34,ASV1988,34,0,0,0,motu1229,ASV1988_34,ASV1988_34
1,34,ASV1989,34,0,0,0,motu1230,ASV1989_34,ASV1989_34
1,34,ASV1990,34,0,0,0,motu1231,ASV1990_34,ASV1990_34
1,34,ASV1991,34,0,0,0,motu1232,ASV1991_34,ASV1991_34
1,33,ASV1992,33,0,0,0,motu1233,ASV1992_33,ASV1992_33
2,54,ASV1993,33,0,1,1,motu1234,ASV1993_33,ASV1993_54
1,33,ASV1994,33,0,0,0,motu1235,ASV1994_33,ASV1994_33
1,33,ASV1995,33,0,0,0,motu1236,ASV1995_33,ASV1995_33
1,33,ASV1996,33,0,0,0,motu1237,ASV1996_33,ASV1996_33
1,32,ASV1998,32,0,0,0,motu1238,ASV1998_32,ASV1998_32
1,32,ASV1999,32,0,0,0,motu1239,ASV1999_32,ASV1999_32
1,32,ASV2000,32,0,0,0,motu1240,ASV2000_32,ASV2000_32
1,32,ASV2001,32,0,0,0,motu1241,ASV2001_32,ASV2001_32
1,32,ASV2003,32,0,0,0,motu1242,ASV2003_32,ASV2003_32
1,32,ASV2004,32,0,0,0,motu1243,ASV2004_32,ASV2004_32
1,32,ASV2005,32,0,0,0,motu1244,ASV2005_32,ASV2005_32
1,32,ASV2006,32,0,0,0,motu1245,ASV2006_32,ASV2006_32
1,31,ASV2007,31,0,0,0,motu1246,ASV2007_31,ASV2007_31
1,31,ASV2008,31,0,0,0,motu1247,ASV2008_31,ASV2008_31
1,31,ASV2010,31,0,0,0,motu1248,ASV2010_31,ASV2010_31
1,31,ASV2011,31,0,0,0,motu1249,ASV2011_31,ASV2011_31
1,31,ASV2012,31,0,0,0,motu1250,ASV2012_31,ASV2012_31
1,30,ASV2013,30,0,0,0,motu1251,ASV2013_30,ASV2013_30
1,30,ASV2014,30,0,0,0,motu1252,ASV2014_30,ASV2014_30
1,30,ASV2015,30,0,0,0,motu1253,ASV2015_30,ASV2015_30
1,30,ASV2016,30,0,0,0,motu1254,ASV2016_30,ASV2016_30
1,29,ASV2017,29,0,0,0,motu1255,ASV2017_29,ASV2017_29
1,29,ASV2018,29,0,0,0,motu1256,ASV2018_29,ASV2018_29
1,29,ASV2019,29,0,0,0,motu1257,ASV2019_29,ASV2019_29
1,28,ASV2020,28,0,0,0,motu1258,ASV2020_28,ASV2020_28
1,28,ASV2021,28,0,0,0,motu1259,ASV2021_28,ASV2021_28
1,28,ASV2022,28,0,0,0,motu1260,ASV2022_28,ASV2022_28
1,28,ASV2023,28,0,0,0,motu1261,ASV2023_28,ASV2023_28
1,28,ASV2024,28,0,0,0,motu1262,ASV2024_28,ASV2024_28
1,28,ASV2025,28,0,0,0,motu1263,ASV2025_28,ASV2025_28
1,28,ASV2026,28,0,0,0,motu1264,ASV2026_28,ASV2026_28
1,28,ASV2027,28,0,0,0,motu1265,ASV2027_28,ASV2027_28
1,28,ASV2028,28,0,0,0,motu1266,ASV2028_28,ASV2028_28
1,27,ASV2029,27,0,0,0,motu1267,ASV2029_27,ASV2029_27
1,27,ASV2030,27,0,0,0,motu1268,ASV2030_27,ASV2030_27
1,27,ASV2031,27,0,0,0,motu1269,ASV2031_27,ASV2031_27
1,27,ASV2032,27,0,0,0,motu1270,ASV2032_27,ASV2032_27
1,27,ASV2033,27,0,0,0,motu1271,ASV2033_27,ASV2033_27
1,27,ASV2035,27,0,0,0,motu1272,ASV2035_27,ASV2035_27
1,27,ASV2036,27,0,0,0,motu1273,ASV2036_27,ASV2036_27
1,27,ASV2037,27,0,0,0,motu1274,ASV2037_27,ASV2037_27
1,27,ASV2038,27,0,0,0,motu1275,ASV2038_27,ASV2038_27
1,27,ASV2040,27,0,0,0,motu1276,ASV2040_27,ASV2040_27
1,26,ASV2041,26,0,0,0,motu1277,ASV2041_26,ASV2041_26
1,26,ASV2042,26,0,0,0,motu1278,ASV2042_26,ASV2042_26
1,26,ASV2043,26,0,0,0,motu1279,ASV2043_26,ASV2043_26
1,26,ASV2044,26,0,0,0,motu1280,ASV2044_26,ASV2044_26
1,26,ASV2045,26,0,0,0,motu1281,ASV2045_26,ASV2045_26
1,26,ASV2046,26,0,0,0,motu1282,ASV2046_26,ASV2046_26
1,26,ASV2048,26,0,0,0,motu1283,ASV2048_26,ASV2048_26
1,26,ASV2049,26,0,0,0,motu1284,ASV2049_26,ASV2049_26
1,26,ASV2050,26,0,0,0,motu1285,ASV2050_26,ASV2050_26
1,26,ASV2051,26,0,0,0,motu1286,ASV2051_26,ASV2051_26
1,26,ASV2052,26,0,0,0,motu1287,ASV2052_26,ASV2052_26
1,26,ASV2053,26,0,0,0,motu1288,ASV2053_26,ASV2053_26
1,25,ASV2054,25,0,0,0,motu1289,ASV2054_25,ASV2054_25
1,25,ASV2055,25,0,0,0,motu1290,ASV2055_25,ASV2055_25
1,25,ASV2056,25,0,0,0,motu1291,ASV2056_25,ASV2056_25
1,25,ASV2057,25,0,0,0,motu1292,ASV2057_25,ASV2057_25
1,25,ASV2058,25,0,0,0,motu1293,ASV2058_25,ASV2058_25
1,25,ASV2059,25,0,0,0,motu1294,ASV2059_25,ASV2059_25
1,25,ASV2060,25,0,0,0,motu1295,ASV2060_25,ASV2060_25
1,25,ASV2061,25,0,0,0,motu1296,ASV2061_25,ASV2061_25
1,24,ASV2062,24,0,0,0,motu1297,ASV2062_24,ASV2062_24
1,24,ASV2064,24,0,0,0,motu1298,ASV2064_24,ASV2064_24
1,24,ASV2065,24,0,0,0,motu1299,ASV2065_24,ASV2065_24
1,24,ASV2066,24,0,0,0,motu1300,ASV2066_24,ASV2066_24
1,24,ASV2067,24,0,0,0,motu1301,ASV2067_24,ASV2067_24
1,24,ASV2068,24,0,0,0,motu1302,ASV2068_24,ASV2068_24
1,24,ASV2069,24,0,0,0,motu1303,ASV2069_24,ASV2069_24
1,23,ASV2070,23,0,0,0,motu1304,ASV2070_23,ASV2070_23
1,23,ASV2071,23,0,0,0,motu1305,ASV2071_23,ASV2071_23
1,23,ASV2072,23,0,0,0,motu1306,ASV2072_23,ASV2072_23
1,23,ASV2073,23,0,0,0,motu1307,ASV2073_23,ASV2073_23
1,23,ASV2074,23,0,0,0,motu1308,ASV2074_23,ASV2074_23
1,22,ASV2075,22,0,0,0,motu1309,ASV2075_22,ASV2075_22
1,22,ASV2076,22,0,0,0,motu1310,ASV2076_22,ASV2076_22
1,22,ASV2077,22,0,0,0,motu1311,ASV2077_22,ASV2077_22
1,22,ASV2078,22,0,0,0,motu1312,ASV2078_22,ASV2078_22
1,22,ASV2079,22,0,0,0,motu1313,ASV2079_22,ASV2079_22
1,22,ASV2080,22,0,0,0,motu1314,ASV2080_22,ASV2080_22
1,22,ASV2081,22,0,0,0,motu1315,ASV2081_22,ASV2081_22
1,22,ASV2082,22,0,0,0,motu1316,ASV2082_22,ASV2082_22
1,21,ASV2085,21,0,0,0,motu1317,ASV2085_21,ASV2085_21
1,21,ASV2086,21,0,0,0,motu1318,ASV2086_21,ASV2086_21
1,21,ASV2087,21,0,0,0,motu1319,ASV2087_21,ASV2087_21
1,21,ASV2089,21,0,0,0,motu1320,ASV2089_21,ASV2089_21
1,21,ASV2090,21,0,0,0,motu1321,ASV2090_21,ASV2090_21
1,21,ASV2091,21,0,0,0,motu1322,ASV2091_21,ASV2091_21
1,21,ASV2092,21,0,0,0,motu1323,ASV2092_21,ASV2092_21
1,21,ASV2095,21,0,0,0,motu1324,ASV2095_21,ASV2095_21
1,20,ASV2096,20,0,0,0,motu1325,ASV2096_20,ASV2096_20
1,20,ASV2097,20,0,0,0,motu1326,ASV2097_20,ASV2097_20
1,20,ASV2098,20,0,0,0,motu1327,ASV2098_20,ASV2098_20
1,20,ASV2099,20,0,0,0,motu1328,ASV2099_20,ASV2099_20
1,20,ASV2100,20,0,0,0,motu1329,ASV2100_20,ASV2100_20
1,20,ASV2101,20,0,0,0,motu1330,ASV2101_20,ASV2101_20
1,20,ASV2103,20,0,0,0,motu1331,ASV2103_20,ASV2103_20
1,19,ASV2104,19,0,0,0,motu1332,ASV2104_19,ASV2104_19
1,19,ASV2105,19,0,0,0,motu1333,ASV2105_19,ASV2105_19
1,19,ASV2106,19,0,0,0,motu1334,ASV2106_19,ASV2106_19
1,19,ASV2108,19,0,0,0,motu1335,ASV2108_19,ASV2108_19
1,19,ASV2109,19,0,0,0,motu1336,ASV2109_19,ASV2109_19
1,19,ASV2110,19,0,0,0,motu1337,ASV2110_19,ASV2110_19
1,19,ASV2111,19,0,0,0,motu1338,ASV2111_19,ASV2111_19
1,19,ASV2112,19,0,0,0,motu1339,ASV2112_19,ASV2112_19
1,19,ASV2113,19,0,0,0,motu1340,ASV2113_19,ASV2113_19
1,19,ASV2114,19,0,0,0,motu1341,ASV2114_19,ASV2114_19
1,19,ASV2115,19,0,0,0,motu1342,ASV2115_19,ASV2115_19
1,19,ASV2116,19,0,0,0,motu1343,ASV2116_19,ASV2116_19
1,18,ASV2118,18,0,0,0,motu1344,ASV2118_18,ASV2118_18
1,18,ASV2122,18,0,0,0,motu1345,ASV2122_18,ASV2122_18
1,18,ASV2124,18,0,0,0,motu1346,ASV2124_18,ASV2124_18
1,18,ASV2125,18,0,0,0,motu1347,ASV2125_18,ASV2125_18
1,18,ASV2126,18,0,0,0,motu1348,ASV2126_18,ASV2126_18
1,18,ASV2127,18,0,0,0,motu1349,ASV2127_18,ASV2127_18
1,17,ASV2128,17,0,0,0,motu1350,ASV2128_17,ASV2128_17
1,17,ASV2129,17,0,0,0,motu1351,ASV2129_17,ASV2129_17
1,17,ASV2130,17,0,0,0,motu1352,ASV2130_17,ASV2130_17
1,17,ASV2131,17,0,0,0,motu1353,ASV2131_17,ASV2131_17
1,17,ASV2133,17,0,0,0,motu1354,ASV2133_17,ASV2133_17
1,17,ASV2134,17,0,0,0,motu1355,ASV2134_17,ASV2134_17
1,17,ASV2135,17,0,0,0,motu1356,ASV2135_17,ASV2135_17
1,17,ASV2136,17,0,0,0,motu1357,ASV2136_17,ASV2136_17
1,17,ASV2137,17,0,0,0,motu1358,ASV2137_17,ASV2137_17
1,17,ASV2138,17,0,0,0,motu1359,ASV2138_17,ASV2138_17
1,17,ASV2139,17,0,0,0,motu1360,ASV2139_17,ASV2139_17
1,16,ASV2140,16,0,0,0,motu1361,ASV2140_16,ASV2140_16
1,16,ASV2141,16,0,0,0,motu1362,ASV2141_16,ASV2141_16
1,16,ASV2143,16,0,0,0,motu1363,ASV2143_16,ASV2143_16
1,16,ASV2144,16,0,0,0,motu1364,ASV2144_16,ASV2144_16
1,16,ASV2145,16,0,0,0,motu1365,ASV2145_16,ASV2145_16
1,16,ASV2146,16,0,0,0,motu1366,ASV2146_16,ASV2146_16
1,16,ASV2147,16,0,0,0,motu1367,ASV2147_16,ASV2147_16
1,16,ASV2148,16,0,0,0,motu1368,ASV2148_16,ASV2148_16
1,16,ASV2149,16,0,0,0,motu1369,ASV2149_16,ASV2149_16
1,16,ASV2150,16,0,0,0,motu1370,ASV2150_16,ASV2150_16
1,16,ASV2151,16,0,0,0,motu1371,ASV2151_16,ASV2151_16
1,16,ASV2152,16,0,0,0,motu1372,ASV2152_16,ASV2152_16
1,16,ASV2153,16,0,0,0,motu1373,ASV2153_16,ASV2153_16
1,16,ASV2154,16,0,0,0,motu1374,ASV2154_16,ASV2154_16
1,16,ASV2155,16,0,0,0,motu1375,ASV2155_16,ASV2155_16
1,15,ASV2157,15,0,0,0,motu1376,ASV2157_15,ASV2157_15
1,15,ASV2158,15,0,0,0,motu1377,ASV2158_15,ASV2158_15
1,15,ASV2159,15,0,0,0,motu1378,ASV2159_15,ASV2159_15
1,14,ASV2160,14,0,0,0,motu1379,ASV2160_14,ASV2160_14
1,14,ASV2161,14,0,0,0,motu1380,ASV2161_14,ASV2161_14
1,14,ASV2162,14,0,0,0,motu1381,ASV2162_14,ASV2162_14
1,14,ASV2163,14,0,0,0,motu1382,ASV2163_14,ASV2163_14
1,14,ASV2166,14,0,0,0,motu1383,ASV2166_14,ASV2166_14
1,14,ASV2167,14,0,0,0,motu1384,ASV2167_14,ASV2167_14
1,13,ASV2170,13,0,0,0,motu1385,ASV2170_13,ASV2170_13
1,13,ASV2172,13,0,0,0,motu1386,ASV2172_13,ASV2172_13
1,13,ASV2173,13,0,0,0,motu1387,ASV2173_13,ASV2173_13
1,13,ASV2174,13,0,0,0,motu1388,ASV2174_13,ASV2174_13
1,13,ASV2175,13,0,0,0,motu1389,ASV2175_13,ASV2175_13
1,13,ASV2176,13,0,0,0,motu1390,ASV2176_13,ASV2176_13
1,13,ASV2177,13,0,0,0,motu1391,ASV2177_13,ASV2177_13
1,13,ASV2178,13,0,0,0,motu1392,ASV2178_13,ASV2178_13
1,13,ASV2179,13,0,0,0,motu1393,ASV2179_13,ASV2179_13
1,12,ASV2180,12,0,0,0,motu1394,ASV2180_12,ASV2180_12
1,12,ASV2181,12,0,0,0,motu1395,ASV2181_12,ASV2181_12
1,12,ASV2182,12,0,0,0,motu1396,ASV2182_12,ASV2182_12
1,12,ASV2183,12,0,0,0,motu1397,ASV2183_12,ASV2183_12
1,12,ASV2184,12,0,0,0,motu1398,ASV2184_12,ASV2184_12
1,12,ASV2185,12,0,0,0,motu1399,ASV2185_12,ASV2185_12
1,12,ASV2186,12,0,0,0,motu1400,ASV2186_12,ASV2186_12
1,12,ASV2187,12,0,0,0,motu1401,ASV2187_12,ASV2187_12
1,12,ASV2188,12,0,0,0,motu1402,ASV2188_12,ASV2188_12
1,12,ASV2189,12,0,0,0,motu1403,ASV2189_12,ASV2189_12
1,12,ASV2190,12,0,0,0,motu1404,ASV2190_12,ASV2190_12
1,12,ASV2191,12,0,0,0,motu1405,ASV2191_12,ASV2191_12
1,12,ASV2192,12,0,0,0,motu1406,ASV2192_12,ASV2192_12
1,12,ASV2193,12,0,0,0,motu1407,ASV2193_12,ASV2193_12
1,12,ASV2194,12,0,0,0,motu1408,ASV2194_12,ASV2194_12
1,12,ASV2195,12,0,0,0,motu1409,ASV2195_12,ASV2195_12
1,12,ASV2196,12,0,0,0,motu1410,ASV2196_12,ASV2196_12
1,12,ASV2197,12,0,0,0,motu1411,ASV2197_12,ASV2197_12
1,12,ASV2198,12,0,0,0,motu1412,ASV2198_12,ASV2198_12
1,12,ASV2199,12,0,0,0,motu1413,ASV2199_12,ASV2199_12
1,12,ASV2200,12,0,0,0,motu1414,ASV2200_12,ASV2200_12
1,12,ASV2201,12,0,0,0,motu1415,ASV2201_12,ASV2201_12
1,12,ASV2202,12,0,0,0,motu1416,ASV2202_12,ASV2202_12
1,11,ASV2204,11,0,0,0,motu1417,ASV2204_11,ASV2204_11
1,11,ASV2205,11,0,0,0,motu1418,ASV2205_11,ASV2205_11
1,11,ASV2207,11,0,0,0,motu1419,ASV2207_11,ASV2207_11
1,11,ASV2208,11,0,0,0,motu1420,ASV2208_11,ASV2208_11
1,11,ASV2209,11,0,0,0,motu1421,ASV2209_11,ASV2209_11
1,11,ASV2210,11,0,0,0,motu1422,ASV2210_11,ASV2210_11
1,11,ASV2211,11,0,0,0,motu1423,ASV2211_11,ASV2211_11
1,11,ASV2212,11,0,0,0,motu1424,ASV2212_11,ASV2212_11
1,11,ASV2213,11,0,0,0,motu1425,ASV2213_11,ASV2213_11
1,11,ASV2214,11,0,0,0,motu1426,ASV2214_11,ASV2214_11
1,11,ASV2215,11,0,0,0,motu1427,ASV2215_11,ASV2215_11
1,11,ASV2216,11,0,0,0,motu1428,ASV2216_11,ASV2216_11
1,11,ASV2217,11,0,0,0,motu1429,ASV2217_11,ASV2217_11
1,11,ASV2218,11,0,0,0,motu1430,ASV2218_11,ASV2218_11
1,11,ASV2219,11,0,0,0,motu1431,ASV2219_11,ASV2219_11
1,11,ASV2222,11,0,0,0,motu1432,ASV2222_11,ASV2222_11
1,10,ASV2223,10,0,0,0,motu1433,ASV2223_10,ASV2223_10
1,10,ASV2224,10,0,0,0,motu1434,ASV2224_10,ASV2224_10
1,10,ASV2225,10,0,0,0,motu1435,ASV2225_10,ASV2225_10
1,10,ASV2226,10,0,0,0,motu1436,ASV2226_10,ASV2226_10
1,10,ASV2227,10,0,0,0,motu1437,ASV2227_10,ASV2227_10
1,10,ASV2228,10,0,0,0,motu1438,ASV2228_10,ASV2228_10
1,10,ASV2229,10,0,0,0,motu1439,ASV2229_10,ASV2229_10
1,10,ASV2230,10,0,0,0,motu1440,ASV2230_10,ASV2230_10
1,10,ASV2231,10,0,0,0,motu1441,ASV2231_10,ASV2231_10
1,10,ASV2232,10,0,0,0,motu1442,ASV2232_10,ASV2232_10
1,10,ASV2233,10,0,0,0,motu1443,ASV2233_10,ASV2233_10
1,10,ASV2234,10,0,0,0,motu1444,ASV2234_10,ASV2234_10
1,9,ASV2235,9,0,0,0,motu1445,ASV2235_9,ASV2235_9
1,9,ASV2236,9,0,0,0,motu1446,ASV2236_9,ASV2236_9
1,9,ASV2237,9,0,0,0,motu1447,ASV2237_9,ASV2237_9
1,9,ASV2238,9,0,0,0,motu1448,ASV2238_9,ASV2238_9
1,9,ASV2239,9,0,0,0,motu1449,ASV2239_9,ASV2239_9
1,9,ASV2240,9,0,0,0,motu1450,ASV2240_9,ASV2240_9
1,9,ASV2241,9,0,0,0,motu1451,ASV2241_9,ASV2241_9
1,9,ASV2242,9,0,0,0,motu1452,ASV2242_9,ASV2242_9
1,9,ASV2243,9,0,0,0,motu1453,ASV2243_9,ASV2243_9
1,9,ASV2244,9,0,0,0,motu1454,ASV2244_9,ASV2244_9
1,9,ASV2246,9,0,0,0,motu1455,ASV2246_9,ASV2246_9
1,9,ASV2247,9,0,0,0,motu1456,ASV2247_9,ASV2247_9
1,9,ASV2248,9,0,0,0,motu1457,ASV2248_9,ASV2248_9
1,9,ASV2249,9,0,0,0,motu1458,ASV2249_9,ASV2249_9
1,9,ASV2250,9,0,0,0,motu1459,ASV2250_9,ASV2250_9
1,9,ASV2251,9,0,0,0,motu1460,ASV2251_9,ASV2251_9
1,9,ASV2252,9,0,0,0,motu1461,ASV2252_9,ASV2252_9
1,9,ASV2253,9,0,0,0,motu1462,ASV2253_9,ASV2253_9
1,9,ASV2254,9,0,0,0,motu1463,ASV2254_9,ASV2254_9
1,9,ASV2255,9,0,0,0,motu1464,ASV2255_9,ASV2255_9
1,9,ASV2256,9,0,0,0,motu1465,ASV2256_9,ASV2256_9
1,9,ASV2257,9,0,0,0,motu1466,ASV2257_9,ASV2257_9
1,9,ASV2258,9,0,0,0,motu1467,ASV2258_9,ASV2258_9
1,8,ASV2259,8,0,0,0,motu1468,ASV2259_8,ASV2259_8
1,8,ASV2260,8,0,0,0,motu1469,ASV2260_8,ASV2260_8
1,8,ASV2262,8,0,0,0,motu1470,ASV2262_8,ASV2262_8
1,8,ASV2263,8,0,0,0,motu1471,ASV2263_8,ASV2263_8
1,8,ASV2264,8,0,0,0,motu1472,ASV2264_8,ASV2264_8
1,8,ASV2265,8,0,0,0,motu1473,ASV2265_8,ASV2265_8
1,8,ASV2266,8,0,0,0,motu1474,ASV2266_8,ASV2266_8
1,8,ASV2268,8,0,0,0,motu1475,ASV2268_8,ASV2268_8
1,8,ASV2269,8,0,0,0,motu1476,ASV2269_8,ASV2269_8
1,8,ASV2270,8,0,0,0,motu1477,ASV2270_8,ASV2270_8
1,8,ASV2271,8,0,0,0,motu1478,ASV2271_8,ASV2271_8
1,8,ASV2272,8,0,0,0,motu1479,ASV2272_8,ASV2272_8
1,8,ASV2273,8,0,0,0,motu1480,ASV2273_8,ASV2273_8
1,8,ASV2274,8,0,0,0,motu1481,ASV2274_8,ASV2274_8
1,8,ASV2275,8,0,0,0,motu1482,ASV2275_8,ASV2275_8
1,8,ASV2276,8,0,0,0,motu1483,ASV2276_8,ASV2276_8
1,7,ASV2277,7,0,0,0,motu1484,ASV2277_7,ASV2277_7
1,7,ASV2278,7,0,0,0,motu1485,ASV2278_7,ASV2278_7
1,7,ASV2279,7,0,0,0,motu1486,ASV2279_7,ASV2279_7
1,7,ASV2280,7,0,0,0,motu1487,ASV2280_7,ASV2280_7
1,7,ASV2281,7,0,0,0,motu1488,ASV2281_7,ASV2281_7
1,7,ASV2282,7,0,0,0,motu1489,ASV2282_7,ASV2282_7
1,7,ASV2283,7,0,0,0,motu1490,ASV2283_7,ASV2283_7
1,7,ASV2284,7,0,0,0,motu1491,ASV2284_7,ASV2284_7
1,7,ASV2285,7,0,0,0,motu1492,ASV2285_7,ASV2285_7
1,7,ASV2286,7,0,0,0,motu1493,ASV2286_7,ASV2286_7
1,7,ASV2287,7,0,0,0,motu1494,ASV2287_7,ASV2287_7
1,7,ASV2288,7,0,0,0,motu1495,ASV2288_7,ASV2288_7
1,7,ASV2289,7,0,0,0,motu1496,ASV2289_7,ASV2289_7
1,7,ASV2290,7,0,0,0,motu1497,ASV2290_7,ASV2290_7
1,7,ASV2291,7,0,0,0,motu1498,ASV2291_7,ASV2291_7
1,7,ASV2292,7,0,0,0,motu1499,ASV2292_7,ASV2292_7
1,7,ASV2293,7,0,0,0,motu1500,ASV2293_7,ASV2293_7
1,7,ASV2294,7,0,0,0,motu1501,ASV2294_7,ASV2294_7
1,7,ASV2295,7,0,0,0,motu1502,ASV2295_7,ASV2295_7
1,7,ASV2296,7,0,0,0,motu1503,ASV2296_7,ASV2296_7
1,7,ASV2297,7,0,0,0,motu1504,ASV2297_7,ASV2297_7
1,7,ASV2298,7,0,0,0,motu1505,ASV2298_7,ASV2298_7
1,7,ASV2299,7,0,0,0,motu1506,ASV2299_7,ASV2299_7
1,7,ASV2300,7,0,0,0,motu1507,ASV2300_7,ASV2300_7
1,6,ASV2302,6,0,0,0,motu1508,ASV2302_6,ASV2302_6
1,6,ASV2303,6,0,0,0,motu1509,ASV2303_6,ASV2303_6
1,6,ASV2304,6,0,0,0,motu1510,ASV2304_6,ASV2304_6
1,6,ASV2305,6,0,0,0,motu1511,ASV2305_6,ASV2305_6
1,6,ASV2306,6,0,0,0,motu1512,ASV2306_6,ASV2306_6
1,6,ASV2307,6,0,0,0,motu1513,ASV2307_6,ASV2307_6
1,6,ASV2308,6,0,0,0,motu1514,ASV2308_6,ASV2308_6
1,6,ASV2309,6,0,0,0,motu1515,ASV2309_6,ASV2309_6
1,6,ASV2310,6,0,0,0,motu1516,ASV2310_6,ASV2310_6
1,6,ASV2311,6,0,0,0,motu1517,ASV2311_6,ASV2311_6
1,6,ASV2312,6,0,0,0,motu1518,ASV2312_6,ASV2312_6
1,6,ASV2313,6,0,0,0,motu1519,ASV2313_6,ASV2313_6
1,6,ASV2314,6,0,0,0,motu1520,ASV2314_6,ASV2314_6
1,6,ASV2315,6,0,0,0,motu1521,ASV2315_6,ASV2315_6
1,6,ASV2316,6,0,0,0,motu1522,ASV2316_6,ASV2316_6
1,6,ASV2317,6,0,0,0,motu1523,ASV2317_6,ASV2317_6
1,6,ASV2318,6,0,0,0,motu1524,ASV2318_6,ASV2318_6
1,6,ASV2319,6,0,0,0,motu1525,ASV2319_6,ASV2319_6
1,6,ASV2320,6,0,0,0,motu1526,ASV2320_6,ASV2320_6
1,6,ASV2321,6,0,0,0,motu1527,ASV2321_6,ASV2321_6
1,6,ASV2322,6,0,0,0,motu1528,ASV2322_6,ASV2322_6
1,6,ASV2323,6,0,0,0,motu1529,ASV2323_6,ASV2323_6
1,6,ASV2324,6,0,0,0,motu1530,ASV2324_6,ASV2324_6
1,6,ASV2325,6,0,0,0,motu1531,ASV2325_6,ASV2325_6
1,5,ASV2326,5,0,0,0,motu1532,ASV2326_5,ASV2326_5
1,5,ASV2327,5,0,0,0,motu1533,ASV2327_5,ASV2327_5
1,5,ASV2329,5,0,0,0,motu1534,ASV2329_5,ASV2329_5
1,5,ASV2330,5,0,0,0,motu1535,ASV2330_5,ASV2330_5
1,5,ASV2331,5,0,0,0,motu1536,ASV2331_5,ASV2331_5
1,5,ASV2332,5,0,0,0,motu1537,ASV2332_5,ASV2332_5
1,5,ASV2333,5,0,0,0,motu1538,ASV2333_5,ASV2333_5
1,5,ASV2334,5,0,0,0,motu1539,ASV2334_5,ASV2334_5
1,5,ASV2335,5,0,0,0,motu1540,ASV2335_5,ASV2335_5
1,5,ASV2336,5,0,0,0,motu1541,ASV2336_5,ASV2336_5
1,5,ASV2337,5,0,0,0,motu1542,ASV2337_5,ASV2337_5
1,5,ASV2338,5,0,0,0,motu1543,ASV2338_5,ASV2338_5
1,5,ASV2339,5,0,0,0,motu1544,ASV2339_5,ASV2339_5
1,5,ASV2340,5,0,0,0,motu1545,ASV2340_5,ASV2340_5
1,5,ASV2341,5,0,0,0,motu1546,ASV2341_5,ASV2341_5
1,5,ASV2342,5,0,0,0,motu1547,ASV2342_5,ASV2342_5
1,5,ASV2343,5,0,0,0,motu1548,ASV2343_5,ASV2343_5
1,5,ASV2344,5,0,0,0,motu1549,ASV2344_5,ASV2344_5
1,5,ASV2345,5,0,0,0,motu1550,ASV2345_5,ASV2345_5
1,5,ASV2346,5,0,0,0,motu1551,ASV2346_5,ASV2346_5
1,5,ASV2347,5,0,0,0,motu1552,ASV2347_5,ASV2347_5
1,5,ASV2348,5,0,0,0,motu1553,ASV2348_5,ASV2348_5
1,5,ASV2349,5,0,0,0,motu1554,ASV2349_5,ASV2349_5
1,4,ASV2350,4,0,0,0,motu1555,ASV2350_4,ASV2350_4
1,4,ASV2351,4,0,0,0,motu1556,ASV2351_4,ASV2351_4
1,4,ASV2352,4,0,0,0,motu1557,ASV2352_4,ASV2352_4
1,4,ASV2353,4,0,0,0,motu1558,ASV2353_4,ASV2353_4
1,4,ASV2354,4,0,0,0,motu1559,ASV2354_4,ASV2354_4
1,4,ASV2355,4,0,0,0,motu1560,ASV2355_4,ASV2355_4
1,4,ASV2356,4,0,0,0,motu1561,ASV2356_4,ASV2356_4
1,4,ASV2357,4,0,0,0,motu1562,ASV2357_4,ASV2357_4
1,4,ASV2358,4,0,0,0,motu1563,ASV2358_4,ASV2358_4
1,4,ASV2359,4,0,0,0,motu1564,ASV2359_4,ASV2359_4
1,4,ASV2360,4,0,0,0,motu1565,ASV2360_4,ASV2360_4
1,4,ASV2361,4,0,0,0,motu1566,ASV2361_4,ASV2361_4
1,4,ASV2362,4,0,0,0,motu1567,ASV2362_4,ASV2362_4
1,4,ASV2363,4,0,0,0,motu1568,ASV2363_4,ASV2363_4
1,4,ASV2364,4,0,0,0,motu1569,ASV2364_4,ASV2364_4
1,4,ASV2365,4,0,0,0,motu1570,ASV2365_4,ASV2365_4
1,4,ASV2366,4,0,0,0,motu1571,ASV2366_4,ASV2366_4
1,4,ASV2367,4,0,0,0,motu1572,ASV2367_4,ASV2367_4
1,4,ASV2368,4,0,0,0,motu1573,ASV2368_4,ASV2368_4
1,4,ASV2369,4,0,0,0,motu1574,ASV2369_4,ASV2369_4
1,4,ASV2370,4,0,0,0,motu1575,ASV2370_4,ASV2370_4
1,4,ASV2371,4,0,0,0,motu1576,ASV2371_4,ASV2371_4
1,4,ASV2372,4,0,0,0,motu1577,ASV2372_4,ASV2372_4
1,4,ASV2373,4,0,0,0,motu1578,ASV2373_4,ASV2373_4
1,4,ASV2374,4,0,0,0,motu1579,ASV2374_4,ASV2374_4
1,4,ASV2375,4,0,0,0,motu1580,ASV2375_4,ASV2375_4
1,4,ASV2376,4,0,0,0,motu1581,ASV2376_4,ASV2376_4
1,4,ASV2377,4,0,0,0,motu1582,ASV2377_4,ASV2377_4
1,4,ASV2378,4,0,0,0,motu1583,ASV2378_4,ASV2378_4
1,4,ASV2379,4,0,0,0,motu1584,ASV2379_4,ASV2379_4
1,4,ASV2380,4,0,0,0,motu1585,ASV2380_4,ASV2380_4
1,4,ASV2381,4,0,0,0,motu1586,ASV2381_4,ASV2381_4
1,3,ASV2382,3,0,0,0,motu1587,ASV2382_3,ASV2382_3
1,3,ASV2383,3,0,0,0,motu1588,ASV2383_3,ASV2383_3
1,3,ASV2384,3,0,0,0,motu1589,ASV2384_3,ASV2384_3
1,3,ASV2386,3,0,0,0,motu1590,ASV2386_3,ASV2386_3
1,3,ASV2387,3,0,0,0,motu1591,ASV2387_3,ASV2387_3
1,3,ASV2388,3,0,0,0,motu1592,ASV2388_3,ASV2388_3
1,3,ASV2389,3,0,0,0,motu1593,ASV2389_3,ASV2389_3
1,3,ASV2390,3,0,0,0,motu1594,ASV2390_3,ASV2390_3
1,3,ASV2391,3,0,0,0,motu1595,ASV2391_3,ASV2391_3
1,3,ASV2392,3,0,0,0,motu1596,ASV2392_3,ASV2392_3
1,3,ASV2393,3,0,0,0,motu1597,ASV2393_3,ASV2393_3
1,3,ASV2394,3,0,0,0,motu1598,ASV2394_3,ASV2394_3
1,3,ASV2395,3,0,0,0,motu1599,ASV2395_3,ASV2395_3
1,3,ASV2396,3,0,0,0,motu1600,ASV2396_3,ASV2396_3
1,3,ASV2397,3,0,0,0,motu1601,ASV2397_3,ASV2397_3
1,3,ASV2398,3,0,0,0,motu1602,ASV2398_3,ASV2398_3
1,3,ASV2399,3,0,0,0,motu1603,ASV2399_3,ASV2399_3
1,3,ASV2400,3,0,0,0,motu1604,ASV2400_3,ASV2400_3
1,3,ASV2401,3,0,0,0,motu1605,ASV2401_3,ASV2401_3
1,3,ASV2402,3,0,0,0,motu1606,ASV2402_3,ASV2402_3
1,3,ASV2403,3,0,0,0,motu1607,ASV2403_3,ASV2403_3
1,3,ASV2404,3,0,0,0,motu1608,ASV2404_3,ASV2404_3
1,3,ASV2405,3,0,0,0,motu1609,ASV2405_3,ASV2405_3
1,3,ASV2406,3,0,0,0,motu1610,ASV2406_3,ASV2406_3
1,3,ASV2407,3,0,0,0,motu1611,ASV2407_3,ASV2407_3
1,3,ASV2408,3,0,0,0,motu1612,ASV2408_3,ASV2408_3
1,3,ASV2409,3,0,0,0,motu1613,ASV2409_3,ASV2409_3
1,3,ASV2410,3,0,0,0,motu1614,ASV2410_3,ASV2410_3
1,3,ASV2411,3,0,0,0,motu1615,ASV2411_3,ASV2411_3
1,3,ASV2412,3,0,0,0,motu1616,ASV2412_3,ASV2412_3
1,3,ASV2413,3,0,0,0,motu1617,ASV2413_3,ASV2413_3
1,3,ASV2414,3,0,0,0,motu1618,ASV2414_3,ASV2414_3
1,3,ASV2415,3,0,0,0,motu1619,ASV2415_3,ASV2415_3
1,3,ASV2416,3,0,0,0,motu1620,ASV2416_3,ASV2416_3
1,3,ASV2417,3,0,0,0,motu1621,ASV2417_3,ASV2417_3
1,3,ASV2418,3,0,0,0,motu1622,ASV2418_3,ASV2418_3
1,3,ASV2419,3,0,0,0,motu1623,ASV2419_3,ASV2419_3
1,3,ASV2420,3,0,0,0,motu1624,ASV2420_3,ASV2420_3
1,3,ASV2421,3,0,0,0,motu1625,ASV2421_3,ASV2421_3
1,3,ASV2422,3,0,0,0,motu1626,ASV2422_3,ASV2422_3
1,3,ASV2423,3,0,0,0,motu1627,ASV2423_3,ASV2423_3
1,3,ASV2425,3,0,0,0,motu1628,ASV2425_3,ASV2425_3
1,2,ASV2426,2,0,0,0,motu1629,ASV2426_2,ASV2426_2
1,2,ASV2428,2,0,0,0,motu1630,ASV2428_2,ASV2428_2
1,2,ASV2429,2,0,0,0,motu1631,ASV2429_2,ASV2429_2
1,2,ASV2430,2,0,0,0,motu1632,ASV2430_2,ASV2430_2
1,2,ASV2431,2,0,0,0,motu1633,ASV2431_2,ASV2431_2
1,2,ASV2432,2,0,0,0,motu1634,ASV2432_2,ASV2432_2
1,2,ASV2433,2,0,0,0,motu1635,ASV2433_2,ASV2433_2
1,2,ASV2434,2,0,0,0,motu1636,ASV2434_2,ASV2434_2
1,2,ASV2435,2,0,0,0,motu1637,ASV2435_2,ASV2435_2
1,2,ASV2436,2,0,0,0,motu1638,ASV2436_2,ASV2436_2
1,2,ASV2437,2,0,0,0,motu1639,ASV2437_2,ASV2437_2
1,2,ASV2438,2,0,0,0,motu1640,ASV2438_2,ASV2438_2
1,2,ASV2439,2,0,0,0,motu1641,ASV2439_2,ASV2439_2
1,2,ASV2440,2,0,0,0,motu1642,ASV2440_2,ASV2440_2
1,2,ASV2441,2,0,0,0,motu1643,ASV2441_2,ASV2441_2
1,2,ASV2442,2,0,0,0,motu1644,ASV2442_2,ASV2442_2
1,2,ASV2443,2,0,0,0,motu1645,ASV2443_2,ASV2443_2
1,2,ASV2444,2,0,0,0,motu1646,ASV2444_2,ASV2444_2
1,2,ASV2445,2,0,0,0,motu1647,ASV2445_2,ASV2445_2
1,2,ASV2446,2,0,0,0,motu1648,ASV2446_2,ASV2446_2
1,2,ASV2447,2,0,0,0,motu1649,ASV2447_2,ASV2447_2
1,2,ASV2448,2,0,0,0,motu1650,ASV2448_2,ASV2448_2
1,2,ASV2449,2,0,0,0,motu1651,ASV2449_2,ASV2449_2
1,2,ASV2450,2,0,0,0,motu1652,ASV2450_2,ASV2450_2
1,2,ASV2451,2,0,0,0,motu1653,ASV2451_2,ASV2451_2
1,2,ASV2452,2,0,0,0,motu1654,ASV2452_2,ASV2452_2
1,2,ASV2453,2,0,0,0,motu1655,ASV2453_2,ASV2453_2
1,2,ASV2454,2,0,0,0,motu1656,ASV2454_2,ASV2454_2
1,2,ASV2455,2,0,0,0,motu1657,ASV2455_2,ASV2455_2
1,2,ASV2456,2,0,0,0,motu1658,ASV2456_2,ASV2456_2
1,2,ASV2457,2,0,0,0,motu1659,ASV2457_2,ASV2457_2
1,2,ASV2458,2,0,0,0,motu1660,ASV2458_2,ASV2458_2
1,2,ASV2459,2,0,0,0,motu1661,ASV2459_2,ASV2459_2
1,2,ASV2460,2,0,0,0,motu1662,ASV2460_2,ASV2460_2
1,2,ASV2461,2,0,0,0,motu1663,ASV2461_2,ASV2461_2
1,2,ASV2462,2,0,0,0,motu1664,ASV2462_2,ASV2462_2
1,2,ASV2463,2,0,0,0,motu1665,ASV2463_2,ASV2463_2
1,2,ASV2464,2,0,0,0,motu1666,ASV2464_2,ASV2464_2
1,2,ASV2465,2,0,0,0,motu1667,ASV2465_2,ASV2465_2
1,2,ASV2466,2,0,0,0,motu1668,ASV2466_2,ASV2466_2
1,2,ASV2467,2,0,0,0,motu1669,ASV2467_2,ASV2467_2
1,2,ASV2468,2,0,0,0,motu1670,ASV2468_2,ASV2468_2
1,2,ASV2469,2,0,0,0,motu1671,ASV2469_2,ASV2469_2
1,2,ASV2470,2,0,0,0,motu1672,ASV2470_2,ASV2470_2
1,2,ASV2471,2,0,0,0,motu1673,ASV2471_2,ASV2471_2
1,2,ASV2472,2,0,0,0,motu1674,ASV2472_2,ASV2472_2
1,2,ASV2473,2,0,0,0,motu1675,ASV2473_2,ASV2473_2
1,1,ASV2474,1,1,0,0,motu1676,ASV2474_1,ASV2474_1
1,1,ASV2475,1,1,0,0,motu1677,ASV2475_1,ASV2475_1
1,1,ASV2476,1,1,0,0,motu1678,ASV2476_1,ASV2476_1
1,1,ASV2477,1,1,0,0,motu1679,ASV2477_1,ASV2477_1
1,1,ASV2478,1,1,0,0,motu1680,ASV2478_1,ASV2478_1
1,1,ASV2479,1,1,0,0,motu1681,ASV2479_1,ASV2479_1
1,1,ASV2480,1,1,0,0,motu1682,ASV2480_1,ASV2480_1
1,1,ASV2481,1,1,0,0,motu1683,ASV2481_1,ASV2481_1
1,1,ASV2482,1,1,0,0,motu1684,ASV2482_1,ASV2482_1
