seed_asv,motu,asv,asv_reads
ASV1,motu1,ASV1,39878181
ASV1,motu1,ASV89,264760
ASV1,motu1,ASV134,131521
ASV1,motu1,ASV166,82299
ASV1,motu1,ASV188,67399
ASV1,motu1,ASV192,63938
ASV1,motu1,ASV204,57195
ASV1,motu1,ASV219,49916
ASV1,motu1,ASV222,47180
ASV1,motu1,ASV224,46803
ASV1,motu1,ASV246,36772
ASV1,motu1,ASV254,32137
ASV1,motu1,ASV275,25296
ASV1,motu1,ASV277,24437
ASV1,motu1,ASV287,22784
ASV1,motu1,ASV326,14641
ASV1,motu1,ASV338,13850
ASV1,motu1,ASV382,10200
ASV1,motu1,ASV385,9875
ASV1,motu1,ASV393,9240
ASV1,motu1,ASV433,7735
ASV1,motu1,ASV440,7538
ASV1,motu1,ASV442,7363
ASV1,motu1,ASV465,6229
ASV1,motu1,ASV470,5902
ASV1,motu1,ASV502,4924
ASV1,motu1,ASV509,4718
ASV1,motu1,ASV518,4522
ASV1,motu1,ASV553,3820
ASV1,motu1,ASV560,3710
ASV1,motu1,ASV592,3179
ASV1,motu1,ASV608,2942
ASV1,motu1,ASV612,2877
ASV1,motu1,ASV613,2874
ASV1,motu1,ASV625,2709
ASV1,motu1,ASV651,2512
ASV1,motu1,ASV653,2499
ASV1,motu1,ASV675,2240
ASV1,motu1,ASV680,2185
ASV1,motu1,ASV694,2033
ASV1,motu1,ASV695,2033
ASV1,motu1,ASV723,1844
ASV1,motu1,ASV740,1728
ASV1,motu1,ASV754,1619
ASV1,motu1,ASV782,1462
ASV1,motu1,ASV857,1073
ASV1,motu1,ASV865,1017
ASV1,motu1,ASV877,970
ASV1,motu1,ASV1063,536
ASV1,motu1,ASV1078,512
ASV1,motu1,ASV1102,472
ASV1,motu1,ASV1147,404
ASV1,motu1,ASV1,40984605
ASV2,motu2,ASV2,16489113
ASV2,motu2,ASV6,7810370
ASV2,motu2,ASV86,270309
ASV2,motu2,ASV235,40265
ASV2,motu2,ASV249,34318
ASV2,motu2,ASV256,31775
ASV2,motu2,ASV271,27497
ASV2,motu2,ASV307,18058
ASV2,motu2,ASV313,17079
ASV2,motu2,ASV315,16270
ASV2,motu2,ASV395,9146
ASV2,motu2,ASV477,5688
ASV2,motu2,ASV498,5048
ASV2,motu2,ASV510,4692
ASV2,motu2,ASV516,4553
ASV2,motu2,ASV531,4155
ASV2,motu2,ASV566,3580
ASV2,motu2,ASV607,2942
ASV2,motu2,ASV619,2774
ASV2,motu2,ASV626,2696
ASV2,motu2,ASV638,2601
ASV2,motu2,ASV758,1600
ASV2,motu2,ASV778,1472
ASV2,motu2,ASV861,1052
ASV2,motu2,ASV888,924
ASV2,motu2,ASV55,533116
ASV2,motu2,ASV152,95342
ASV2,motu2,ASV296,19833
ASV2,motu2,ASV344,13132
ASV2,motu2,ASV462,6298
ASV2,motu2,ASV581,3355
ASV2,motu2,ASV602,2972
ASV2,motu2,ASV652,2503
ASV2,motu2,ASV735,1746
ASV2,motu2,ASV765,1580
ASV2,motu2,ASV831,1200
ASV2,motu2,ASV836,1174
ASV2,motu2,ASV863,1037
ASV2,motu2,ASV1083,507
ASV2,motu2,ASV1299,238
ASV2,motu2,ASV2,25492010
ASV3,motu3,ASV3,10599320
ASV3,motu3,ASV180,72409
ASV3,motu3,ASV212,52577
ASV3,motu3,ASV272,27208
ASV3,motu3,ASV371,10888
ASV3,motu3,ASV604,2968
ASV3,motu3,ASV925,820
ASV3,motu3,ASV969,721
ASV3,motu3,ASV3,10766911
ASV4,motu4,ASV4,8177421
ASV4,motu4,ASV22,1379153
ASV4,motu4,ASV140,117681
ASV4,motu4,ASV173,75870
ASV4,motu4,ASV242,37168
ASV4,motu4,ASV257,30858
ASV4,motu4,ASV317,16028
ASV4,motu4,ASV323,14803
ASV4,motu4,ASV348,12820
ASV4,motu4,ASV351,12383
ASV4,motu4,ASV391,9372
ASV4,motu4,ASV487,5493
ASV4,motu4,ASV793,1410
ASV4,motu4,ASV1002,648
ASV4,motu4,ASV1031,580
ASV4,motu4,ASV1052,544
ASV4,motu4,ASV1085,504
ASV4,motu4,ASV1162,380
ASV4,motu4,ASV1164,376
ASV4,motu4,ASV175,75191
ASV4,motu4,ASV209,55047
ASV4,motu4,ASV262,29576
ASV4,motu4,ASV431,7848
ASV4,motu4,ASV499,5014
ASV4,motu4,ASV512,4648
ASV4,motu4,ASV526,4311
ASV4,motu4,ASV538,4025
ASV4,motu4,ASV562,3672
ASV4,motu4,ASV583,3319
ASV4,motu4,ASV835,1181
ASV4,motu4,ASV1130,426
ASV4,motu4,ASV1157,388
ASV4,motu4,ASV4,10088138
ASV5,motu5,ASV5,8142635
ASV5,motu5,ASV253,32726
ASV5,motu5,ASV306,18247
ASV5,motu5,ASV324,14669
ASV5,motu5,ASV363,11811
ASV5,motu5,ASV365,11631
ASV5,motu5,ASV417,8463
ASV5,motu5,ASV429,7983
ASV5,motu5,ASV552,3830
ASV5,motu5,ASV584,3315
ASV5,motu5,ASV790,1422
ASV5,motu5,ASV1007,636
ASV5,motu5,ASV1132,425
ASV5,motu5,ASV5,8257793
ASV7,motu6,ASV7,6628415
ASV7,motu6,ASV247,35859
ASV7,motu6,ASV273,25757
ASV7,motu6,ASV274,25459
ASV7,motu6,ASV292,21327
ASV7,motu6,ASV320,15395
ASV7,motu6,ASV339,13820
ASV7,motu6,ASV376,10631
ASV7,motu6,ASV412,8609
ASV7,motu6,ASV423,8144
ASV7,motu6,ASV426,8047
ASV7,motu6,ASV656,2468
ASV7,motu6,ASV899,898
ASV7,motu6,ASV1019,607
ASV7,motu6,ASV1185,356
ASV7,motu6,ASV1319,224
ASV7,motu6,ASV7,6806016
ASV8,motu7,ASV8,5460531
ASV8,motu7,ASV42,762335
ASV8,motu7,ASV8,6222866
ASV9,motu8,ASV9,5021428
ASV9,motu8,ASV18,1820514
ASV9,motu8,ASV179,72576
ASV9,motu8,ASV187,67423
ASV9,motu8,ASV283,23447
ASV9,motu8,ASV284,23190
ASV9,motu8,ASV299,19379
ASV9,motu8,ASV337,13883
ASV9,motu8,ASV420,8301
ASV9,motu8,ASV480,5667
ASV9,motu8,ASV546,3929
ASV9,motu8,ASV660,2417
ASV9,motu8,ASV696,2014
ASV9,motu8,ASV718,1867
ASV9,motu8,ASV802,1371
ASV9,motu8,ASV952,763
ASV9,motu8,ASV975,694
ASV9,motu8,ASV989,670
ASV9,motu8,ASV1129,429
ASV9,motu8,ASV1166,374
ASV9,motu8,ASV73,399401
ASV9,motu8,ASV281,23804
ASV9,motu8,ASV302,19082
ASV9,motu8,ASV463,6281
ASV9,motu8,ASV603,2970
ASV9,motu8,ASV702,1993
ASV9,motu8,ASV716,1879
ASV9,motu8,ASV730,1785
ASV9,motu8,ASV783,1459
ASV9,motu8,ASV213,51726
ASV9,motu8,ASV9,7600716
ASV10,motu9,ASV10,4635097
ASV10,motu9,ASV34,889005
ASV10,motu9,ASV151,95508
ASV10,motu9,ASV174,75322
ASV10,motu9,ASV311,17453
ASV10,motu9,ASV478,5685
ASV10,motu9,ASV594,3169
ASV10,motu9,ASV155,93519
ASV10,motu9,ASV410,8649
ASV10,motu9,ASV10,5823407
ASV11,motu10,ASV11,4036102
ASV11,motu10,ASV120,169001
ASV11,motu10,ASV200,59293
ASV11,motu10,ASV380,10435
ASV11,motu10,ASV443,7235
ASV11,motu10,ASV511,4668
ASV11,motu10,ASV563,3644
ASV11,motu10,ASV11,4290378
ASV12,motu11,ASV12,3165502
ASV12,motu11,ASV96,242799
ASV12,motu11,ASV185,69735
ASV12,motu11,ASV269,28119
ASV12,motu11,ASV707,1977
ASV12,motu11,ASV12,3508132
ASV13,motu12,ASV13,2979857
ASV13,motu12,ASV31,1025585
ASV13,motu12,ASV646,2549
ASV13,motu12,ASV648,2538
ASV13,motu12,ASV1433,144
ASV13,motu12,ASV13,4010673
ASV14,motu13,ASV14,2630476
ASV14,motu13,ASV710,1953
ASV14,motu13,ASV14,2632429
ASV15,motu14,ASV15,2609188
ASV15,motu14,ASV746,1678
ASV15,motu14,ASV762,1588
ASV15,motu14,ASV902,891
ASV15,motu14,ASV1236,298
ASV15,motu14,ASV1290,247
ASV15,motu14,ASV15,2613890
ASV16,motu15,ASV16,2105810
ASV16,motu15,ASV854,1086
ASV16,motu15,ASV16,2106896
ASV17,motu16,ASV17,1974942
ASV17,motu16,ASV159,88388
ASV17,motu16,ASV199,59526
ASV17,motu16,ASV206,56133
ASV17,motu16,ASV495,5117
ASV17,motu16,ASV17,2184106
ASV19,motu17,ASV19,1678967
ASV19,motu17,ASV108,210411
ASV19,motu17,ASV812,1273
ASV19,motu17,ASV1160,384
ASV19,motu17,ASV220,47704
ASV19,motu17,ASV364,11771
ASV19,motu17,ASV402,8865
ASV19,motu17,ASV724,1839
ASV19,motu17,ASV840,1161
ASV19,motu17,ASV962,751
ASV19,motu17,ASV19,1963126
ASV20,motu18,ASV20,1637511
ASV20,motu18,ASV40,800230
ASV20,motu18,ASV163,84632
ASV20,motu18,ASV225,45660
ASV20,motu18,ASV424,8133
ASV20,motu18,ASV458,6507
ASV20,motu18,ASV515,4592
ASV20,motu18,ASV757,1605
ASV20,motu18,ASV801,1372
ASV20,motu18,ASV808,1306
ASV20,motu18,ASV923,832
ASV20,motu18,ASV1046,551
ASV20,motu18,ASV1189,349
ASV20,motu18,ASV1232,302
ASV20,motu18,ASV270,27721
ASV20,motu18,ASV301,19274
ASV20,motu18,ASV396,9143
ASV20,motu18,ASV437,7574
ASV20,motu18,ASV464,6264
ASV20,motu18,ASV599,3042
ASV20,motu18,ASV676,2236
ASV20,motu18,ASV713,1913
ASV20,motu18,ASV729,1803
ASV20,motu18,ASV889,921
ASV20,motu18,ASV20,2673473
ASV21,motu19,ASV21,1476930
ASV21,motu19,ASV68,444781
ASV21,motu19,ASV827,1221
ASV21,motu19,ASV859,1061
ASV21,motu19,ASV1145,406
ASV21,motu19,ASV2010,9
ASV21,motu19,ASV394,9162
ASV21,motu19,ASV756,1607
ASV21,motu19,ASV21,1935177
ASV23,motu20,ASV23,1341453
ASV23,motu20,ASV374,10784
ASV23,motu20,ASV23,1352237
ASV24,motu21,ASV24,1340853
ASV24,motu21,ASV1313,228
ASV24,motu21,ASV24,1341081
ASV25,motu22,ASV25,1256142
ASV25,motu22,ASV112,186088
ASV25,motu22,ASV517,4524
ASV25,motu22,ASV401,9022
ASV25,motu22,ASV25,1455776
ASV26,motu23,ASV26,1222759
ASV27,motu24,ASV27,1208948
ASV27,motu24,ASV76,338708
ASV27,motu24,ASV770,1534
ASV27,motu24,ASV27,1549190
ASV28,motu25,ASV28,1185337
ASV28,motu25,ASV38,854649
ASV28,motu25,ASV362,11835
ASV28,motu25,ASV481,5666
ASV28,motu25,ASV28,2057487
ASV29,motu26,ASV29,1121529
ASV29,motu26,ASV45,683494
ASV29,motu26,ASV53,550705
ASV29,motu26,ASV763,1584
ASV29,motu26,ASV838,1165
ASV29,motu26,ASV1123,436
ASV29,motu26,ASV1179,363
ASV29,motu26,ASV1252,281
ASV29,motu26,ASV51,635123
ASV29,motu26,ASV146,108712
ASV29,motu26,ASV493,5193
ASV29,motu26,ASV506,4783
ASV29,motu26,ASV29,3113368
ASV30,motu27,ASV30,1031781
ASV30,motu27,ASV104,226896
ASV30,motu27,ASV165,84004
ASV30,motu27,ASV178,73202
ASV30,motu27,ASV407,8755
ASV30,motu27,ASV30,1424638
ASV32,motu28,ASV32,1002003
ASV32,motu28,ASV169,80697
ASV32,motu28,ASV32,1082700
ASV33,motu29,ASV33,964003
ASV33,motu29,ASV92,255049
ASV33,motu29,ASV245,36863
ASV33,motu29,ASV1215,320
ASV33,motu29,ASV243,37167
ASV33,motu29,ASV33,1293402
ASV35,motu30,ASV35,877846
ASV35,motu30,ASV115,173995
ASV35,motu30,ASV128,152370
ASV35,motu30,ASV392,9364
ASV35,motu30,ASV35,1213575
ASV36,motu31,ASV36,873718
ASV36,motu31,ASV83,283294
ASV36,motu31,ASV379,10445
ASV36,motu31,ASV615,2835
ASV36,motu31,ASV719,1866
ASV36,motu31,ASV473,5846
ASV36,motu31,ASV823,1239
ASV36,motu31,ASV1510,109
ASV36,motu31,ASV1977,11
ASV36,motu31,ASV36,1179363
ASV37,motu32,ASV37,861192
ASV37,motu32,ASV80,297503
ASV37,motu32,ASV453,6719
ASV37,motu32,ASV37,1165414
ASV39,motu33,ASV39,814599
ASV39,motu33,ASV106,214359
ASV39,motu33,ASV352,12379
ASV39,motu33,ASV355,12142
ASV39,motu33,ASV468,5998
ASV39,motu33,ASV479,5683
ASV39,motu33,ASV575,3447
ASV39,motu33,ASV404,8791
ASV39,motu33,ASV698,2003
ASV39,motu33,ASV39,1079401
ASV41,motu34,ASV41,788930
ASV41,motu34,ASV207,55788
ASV41,motu34,ASV797,1390
ASV41,motu34,ASV41,846108
ASV43,motu35,ASV43,755535
ASV44,motu36,ASV44,741671
ASV44,motu36,ASV47,667220
ASV44,motu36,ASV81,287730
ASV44,motu36,ASV100,231078
ASV44,motu36,ASV107,213860
ASV44,motu36,ASV318,16015
ASV44,motu36,ASV44,2157574
ASV46,motu37,ASV46,681237
ASV46,motu37,ASV238,38649
ASV46,motu37,ASV264,29192
ASV46,motu37,ASV46,749078
ASV48,motu38,ASV48,656386
ASV48,motu38,ASV101,230616
ASV48,motu38,ASV578,3409
ASV48,motu38,ASV1103,468
ASV48,motu38,ASV48,890879
ASV49,motu39,ASV49,652895
ASV50,motu40,ASV50,643252
ASV50,motu40,ASV85,271551
ASV50,motu40,ASV609,2938
ASV50,motu40,ASV233,40405
ASV50,motu40,ASV50,958146
ASV52,motu41,ASV52,550840
ASV52,motu41,ASV282,23462
ASV52,motu41,ASV52,574302
ASV54,motu42,ASV54,547125
ASV54,motu42,ASV99,231198
ASV54,motu42,ASV448,6959
ASV54,motu42,ASV419,8357
ASV54,motu42,ASV476,5702
ASV54,motu42,ASV54,799341
ASV56,motu43,ASV56,525891
ASV56,motu43,ASV64,463709
ASV56,motu43,ASV620,2771
ASV56,motu43,ASV56,992371
ASV57,motu44,ASV57,524231
ASV57,motu44,ASV205,57100
ASV57,motu44,ASV223,46853
ASV57,motu44,ASV57,628184
ASV58,motu45,ASV58,514332
ASV58,motu45,ASV214,51460
ASV58,motu45,ASV58,565792
ASV59,motu46,ASV59,509930
ASV59,motu46,ASV69,439669
ASV59,motu46,ASV201,58726
ASV59,motu46,ASV864,1035
ASV59,motu46,ASV93,249017
ASV59,motu46,ASV59,1258377
ASV60,motu47,ASV60,503517
ASV60,motu47,ASV91,256485
ASV60,motu47,ASV259,30408
ASV60,motu47,ASV60,790410
ASV61,motu48,ASV61,495702
ASV61,motu48,ASV110,206863
ASV61,motu48,ASV116,172990
ASV61,motu48,ASV113,183511
ASV61,motu48,ASV999,652
ASV61,motu48,ASV839,1164
ASV61,motu48,ASV61,1060882
ASV62,motu49,ASV62,484871
ASV63,motu50,ASV63,483350
ASV65,motu51,ASV65,448486
ASV66,motu52,ASV66,446164
ASV66,motu52,ASV118,169494
ASV66,motu52,ASV66,615658
ASV67,motu53,ASV67,445112
ASV67,motu53,ASV627,2686
ASV67,motu53,ASV67,447798
ASV70,motu54,ASV70,430852
ASV70,motu54,ASV291,21355
ASV70,motu54,ASV70,452207
ASV71,motu55,ASV71,430623
ASV72,motu56,ASV72,413491
ASV72,motu56,ASV780,1471
ASV72,motu56,ASV1198,342
ASV72,motu56,ASV72,415304
ASV74,motu57,ASV74,384576
ASV75,motu58,ASV75,350507
ASV77,motu59,ASV77,303693
ASV77,motu59,ASV141,117004
ASV77,motu59,ASV194,63049
ASV77,motu59,ASV176,74880
ASV77,motu59,ASV799,1375
ASV77,motu59,ASV77,560001
ASV78,motu60,ASV78,300668
ASV78,motu60,ASV632,2630
ASV78,motu60,ASV78,303298
ASV79,motu61,ASV79,300077
ASV82,motu62,ASV82,286673
ASV82,motu62,ASV2093,2
ASV82,motu62,ASV82,286675
ASV84,motu63,ASV84,280602
ASV84,motu63,ASV280,23887
ASV84,motu63,ASV84,304489
ASV87,motu64,ASV87,268403
ASV87,motu64,ASV127,152585
ASV87,motu64,ASV1544,98
ASV87,motu64,ASV1760,41
ASV87,motu64,ASV196,61178
ASV87,motu64,ASV731,1784
ASV87,motu64,ASV998,653
ASV87,motu64,ASV1318,224
ASV87,motu64,ASV1076,518
ASV87,motu64,ASV1476,126
ASV87,motu64,ASV87,485610
ASV88,motu65,ASV88,266964
ASV88,motu65,ASV147,107888
ASV88,motu65,ASV88,374852
ASV90,motu66,ASV90,263907
ASV90,motu66,ASV642,2593
ASV90,motu66,ASV1298,238
ASV90,motu66,ASV90,266738
ASV94,motu67,ASV94,247675
ASV94,motu67,ASV190,65155
ASV94,motu67,ASV359,12048
ASV94,motu67,ASV94,324878
ASV95,motu68,ASV95,246949
ASV95,motu68,ASV322,15031
ASV95,motu68,ASV95,261980
ASV97,motu69,ASV97,239586
ASV97,motu69,ASV226,45327
ASV97,motu69,ASV97,284913
ASV98,motu70,ASV98,235016
ASV102,motu71,ASV102,229617
ASV102,motu71,ASV279,23924
ASV102,motu71,ASV102,253541
ASV103,motu72,ASV103,227212
ASV103,motu72,ASV144,114127
ASV103,motu72,ASV705,1983
ASV103,motu72,ASV103,343322
ASV105,motu73,ASV105,220463
ASV109,motu74,ASV109,209181
ASV109,motu74,ASV400,9026
ASV109,motu74,ASV109,218207
ASV111,motu75,ASV111,192865
ASV111,motu75,ASV170,80205
ASV111,motu75,ASV244,36957
ASV111,motu75,ASV111,310027
ASV114,motu76,ASV114,177200
ASV114,motu76,ASV251,34085
ASV114,motu76,ASV114,211285
ASV117,motu77,ASV117,170367
ASV117,motu77,ASV123,161371
ASV117,motu77,ASV117,331738
ASV119,motu78,ASV119,169323
ASV121,motu79,ASV121,167890
ASV121,motu79,ASV532,4144
ASV121,motu79,ASV121,172034
ASV122,motu80,ASV122,167521
ASV122,motu80,ASV232,40472
ASV122,motu80,ASV791,1420
ASV122,motu80,ASV561,3675
ASV122,motu80,ASV122,213088
ASV124,motu81,ASV124,158801
ASV124,motu81,ASV186,68545
ASV124,motu81,ASV267,28537
ASV124,motu81,ASV124,255883
ASV125,motu82,ASV125,156113
ASV126,motu83,ASV126,155585
ASV129,motu84,ASV129,151021
ASV130,motu85,ASV130,144180
ASV131,motu86,ASV131,142963
ASV131,motu86,ASV421,8290
ASV131,motu86,ASV131,151253
ASV132,motu87,ASV132,136245
ASV132,motu87,ASV135,124698
ASV132,motu87,ASV230,43293
ASV132,motu87,ASV290,21396
ASV132,motu87,ASV360,12031
ASV132,motu87,ASV132,337663
ASV133,motu88,ASV133,135329
ASV133,motu88,ASV171,80158
ASV133,motu88,ASV133,215487
ASV136,motu89,ASV136,122307
ASV137,motu90,ASV137,121674
ASV137,motu90,ASV154,94041
ASV137,motu90,ASV137,215715
ASV138,motu91,ASV138,119636
ASV139,motu92,ASV139,118291
ASV142,motu93,ASV142,116339
ASV142,motu93,ASV494,5158
ASV142,motu93,ASV142,121497
ASV143,motu94,ASV143,114978
ASV145,motu95,ASV145,108904
ASV148,motu96,ASV148,101979
ASV149,motu97,ASV149,97297
ASV149,motu97,ASV215,51282
ASV149,motu97,ASV1945,14
ASV149,motu97,ASV1946,14
ASV149,motu97,ASV149,148607
ASV150,motu98,ASV150,95738
ASV150,motu98,ASV682,2144
ASV150,motu98,ASV150,97882
ASV153,motu99,ASV153,95327
ASV156,motu100,ASV156,91320
ASV157,motu101,ASV157,91215
ASV157,motu101,ASV167,80910
ASV157,motu101,ASV304,18632
ASV157,motu101,ASV157,190757
ASV158,motu102,ASV158,90951
ASV158,motu102,ASV210,54372
ASV158,motu102,ASV1088,494
ASV158,motu102,ASV158,145817
ASV160,motu103,ASV160,87086
ASV161,motu104,ASV161,86381
ASV161,motu104,ASV957,757
ASV161,motu104,ASV161,87138
ASV162,motu105,ASV162,85973
ASV164,motu106,ASV164,84080
ASV168,motu107,ASV168,80732
ASV168,motu107,ASV258,30824
ASV168,motu107,ASV593,3177
ASV168,motu107,ASV168,114733
ASV172,motu108,ASV172,80017
ASV172,motu108,ASV227,44579
ASV172,motu108,ASV239,37972
ASV172,motu108,ASV172,162568
ASV177,motu109,ASV177,73849
ASV181,motu110,ASV181,71615
ASV182,motu111,ASV182,70551
ASV182,motu111,ASV933,806
ASV182,motu111,ASV1928,16
ASV182,motu111,ASV182,71373
ASV183,motu112,ASV183,70277
ASV184,motu113,ASV184,69865
ASV189,motu114,ASV189,67232
ASV191,motu115,ASV191,65023
ASV193,motu116,ASV193,63769
ASV193,motu116,ASV2058,5
ASV193,motu116,ASV193,63774
ASV195,motu117,ASV195,62642
ASV195,motu117,ASV216,51170
ASV195,motu117,ASV492,5202
ASV195,motu117,ASV195,119014
ASV197,motu118,ASV197,60631
ASV198,motu119,ASV198,59701
ASV202,motu120,ASV202,57785
ASV203,motu121,ASV203,57206
ASV203,motu121,ASV432,7769
ASV203,motu121,ASV203,64975
ASV208,motu122,ASV208,55510
ASV211,motu123,ASV211,53947
ASV217,motu124,ASV217,50918
ASV218,motu125,ASV218,50375
ASV218,motu125,ASV252,33506
ASV218,motu125,ASV218,83881
ASV221,motu126,ASV221,47686
ASV221,motu126,ASV229,43441
ASV221,motu126,ASV221,91127
ASV228,motu127,ASV228,43879
ASV231,motu128,ASV231,41666
ASV231,motu128,ASV276,25063
ASV231,motu128,ASV231,66729
ASV234,motu129,ASV234,40268
ASV236,motu130,ASV236,39423
ASV236,motu130,ASV543,3967
ASV236,motu130,ASV236,43390
ASV237,motu131,ASV237,38892
ASV240,motu132,ASV240,37885
ASV240,motu132,ASV1811,31
ASV240,motu132,ASV240,37916
ASV241,motu133,ASV241,37674
ASV241,motu133,ASV1000,652
ASV241,motu133,ASV241,38326
ASV248,motu134,ASV248,35092
ASV250,motu135,ASV250,34245
ASV255,motu136,ASV255,32019
ASV260,motu137,ASV260,29845
ASV261,motu138,ASV261,29772
ASV263,motu139,ASV263,29497
ASV265,motu140,ASV265,29140
ASV265,motu140,ASV488,5476
ASV265,motu140,ASV265,34616
ASV266,motu141,ASV266,28977
ASV268,motu142,ASV268,28514
ASV278,motu143,ASV278,24414
ASV278,motu143,ASV629,2675
ASV278,motu143,ASV833,1192
ASV278,motu143,ASV278,28281
ASV285,motu144,ASV285,23134
ASV285,motu144,ASV706,1979
ASV285,motu144,ASV811,1275
ASV285,motu144,ASV1049,549
ASV285,motu144,ASV1271,266
ASV285,motu144,ASV1402,165
ASV285,motu144,ASV1529,103
ASV285,motu144,ASV285,27471
ASV286,motu145,ASV286,22930
ASV286,motu145,ASV1467,129
ASV286,motu145,ASV1563,90
ASV286,motu145,ASV1937,16
ASV286,motu145,ASV286,23165
ASV288,motu146,ASV288,22754
ASV289,motu147,ASV289,21619
ASV293,motu148,ASV293,21103
ASV294,motu149,ASV294,20168
ASV295,motu150,ASV295,20128
ASV295,motu150,ASV1479,125
ASV295,motu150,ASV295,20253
ASV297,motu151,ASV297,19632
ASV298,motu152,ASV298,19517
ASV298,motu152,ASV325,14666
ASV298,motu152,ASV298,34183
ASV300,motu153,ASV300,19360
ASV303,motu154,ASV303,18738
ASV303,motu154,ASV321,15174
ASV303,motu154,ASV303,33912
ASV305,motu155,ASV305,18337
ASV308,motu156,ASV308,17728
ASV308,motu156,ASV1835,27
ASV308,motu156,ASV308,17755
ASV309,motu157,ASV309,17636
ASV310,motu158,ASV310,17596
ASV310,motu158,ASV1651,66
ASV310,motu158,ASV310,17662
ASV312,motu159,ASV312,17133
ASV314,motu160,ASV314,16980
ASV316,motu161,ASV316,16231
ASV319,motu162,ASV319,15433
ASV327,motu163,ASV327,14614
ASV328,motu164,ASV328,14550
ASV329,motu165,ASV329,14488
ASV330,motu166,ASV330,14487
ASV330,motu166,ASV456,6594
ASV330,motu166,ASV330,21081
ASV331,motu167,ASV331,14393
ASV332,motu168,ASV332,14340
ASV333,motu169,ASV333,14243
ASV334,motu170,ASV334,14212
ASV335,motu171,ASV335,14010
ASV336,motu172,ASV336,13976
ASV340,motu173,ASV340,13711
ASV341,motu174,ASV341,13461
ASV341,motu174,ASV457,6521
ASV341,motu174,ASV722,1845
ASV341,motu174,ASV1452,134
ASV341,motu174,ASV1802,33
ASV341,motu174,ASV1988,11
ASV341,motu174,ASV341,22005
ASV342,motu175,ASV342,13379
ASV343,motu176,ASV343,13305
ASV345,motu177,ASV345,13093
ASV346,motu178,ASV346,13023
ASV346,motu178,ASV688,2091
ASV346,motu178,ASV346,15114
ASV347,motu179,ASV347,12986
ASV349,motu180,ASV349,12647
ASV349,motu180,ASV1163,377
ASV349,motu180,ASV1287,250
ASV349,motu180,ASV1385,175
ASV349,motu180,ASV1437,140
ASV349,motu180,ASV349,13589
ASV350,motu181,ASV350,12575
ASV353,motu182,ASV353,12249
ASV354,motu183,ASV354,12203
ASV354,motu183,ASV537,4027
ASV354,motu183,ASV1412,159
ASV354,motu183,ASV354,16389
ASV356,motu184,ASV356,12100
ASV357,motu185,ASV357,12095
ASV357,motu185,ASV622,2760
ASV357,motu185,ASV1058,540
ASV357,motu185,ASV1283,255
ASV357,motu185,ASV357,15650
ASV358,motu186,ASV358,12055
ASV361,motu187,ASV361,11968
ASV366,motu188,ASV366,11511
ASV367,motu189,ASV367,11466
ASV368,motu190,ASV368,11117
ASV368,motu190,ASV446,7072
ASV368,motu190,ASV368,18189
ASV369,motu191,ASV369,11056
ASV370,motu192,ASV370,10975
ASV372,motu193,ASV372,10800
ASV373,motu194,ASV373,10787
ASV375,motu195,ASV375,10740
ASV377,motu196,ASV377,10597
ASV378,motu197,ASV378,10573
ASV378,motu197,ASV1035,576
ASV378,motu197,ASV2041,7
ASV378,motu197,ASV378,11156
ASV381,motu198,ASV381,10333
ASV383,motu199,ASV383,9986
ASV384,motu200,ASV384,9888
ASV386,motu201,ASV386,9872
ASV387,motu202,ASV387,9557
ASV388,motu203,ASV388,9530
ASV389,motu204,ASV389,9511
ASV390,motu205,ASV390,9377
ASV390,motu205,ASV1465,129
ASV390,motu205,ASV390,9506
ASV397,motu206,ASV397,9115
ASV397,motu206,ASV548,3896
ASV397,motu206,ASV397,13011
ASV398,motu207,ASV398,9085
ASV399,motu208,ASV399,9054
ASV403,motu209,ASV403,8855
ASV405,motu210,ASV405,8774
ASV406,motu211,ASV406,8772
ASV408,motu212,ASV408,8708
ASV409,motu213,ASV409,8668
ASV411,motu214,ASV411,8644
ASV411,motu214,ASV1444,138
ASV411,motu214,ASV1838,27
ASV411,motu214,ASV411,8809
ASV413,motu215,ASV413,8542
ASV414,motu216,ASV414,8498
ASV414,motu216,ASV809,1294
ASV414,motu216,ASV414,9792
ASV415,motu217,ASV415,8469
ASV416,motu218,ASV416,8467
ASV418,motu219,ASV418,8418
ASV422,motu220,ASV422,8187
ASV425,motu221,ASV425,8054
ASV427,motu222,ASV427,8043
ASV428,motu223,ASV428,8007
ASV430,motu224,ASV430,7888
ASV434,motu225,ASV434,7703
ASV434,motu225,ASV683,2143
ASV434,motu225,ASV1056,542
ASV434,motu225,ASV434,10388
ASV435,motu226,ASV435,7659
ASV436,motu227,ASV436,7596
ASV436,motu227,ASV1154,395
ASV436,motu227,ASV1306,232
ASV436,motu227,ASV436,8223
ASV438,motu228,ASV438,7569
ASV438,motu228,ASV866,1011
ASV438,motu228,ASV438,8580
ASV439,motu229,ASV439,7546
ASV441,motu230,ASV441,7510
ASV444,motu231,ASV444,7172
ASV445,motu232,ASV445,7110
ASV447,motu233,ASV447,7026
ASV449,motu234,ASV449,6912
ASV450,motu235,ASV450,6801
ASV450,motu235,ASV814,1271
ASV450,motu235,ASV450,8072
ASV451,motu236,ASV451,6800
ASV452,motu237,ASV452,6779
ASV454,motu238,ASV454,6670
ASV455,motu239,ASV455,6651
ASV455,motu239,ASV496,5059
ASV455,motu239,ASV528,4269
ASV455,motu239,ASV887,925
ASV455,motu239,ASV455,16904
ASV459,motu240,ASV459,6470
ASV460,motu241,ASV460,6422
ASV461,motu242,ASV461,6359
ASV466,motu243,ASV466,6194
ASV467,motu244,ASV467,6059
ASV469,motu245,ASV469,5984
ASV471,motu246,ASV471,5899
ASV472,motu247,ASV472,5855
ASV472,motu247,ASV1368,187
ASV472,motu247,ASV472,6042
ASV474,motu248,ASV474,5776
ASV475,motu249,ASV475,5738
ASV475,motu249,ASV1980,11
ASV475,motu249,ASV475,5749
ASV482,motu250,ASV482,5659
ASV482,motu250,ASV818,1253
ASV482,motu250,ASV2090,3
ASV482,motu250,ASV1202,334
ASV482,motu250,ASV482,7249
ASV483,motu251,ASV483,5645
ASV484,motu252,ASV484,5632
ASV484,motu252,ASV2024,8
ASV484,motu252,ASV484,5640
ASV485,motu253,ASV485,5519
ASV485,motu253,ASV500,4968
ASV485,motu253,ASV485,10487
ASV486,motu254,ASV486,5495
ASV489,motu255,ASV489,5358
ASV490,motu256,ASV490,5353
ASV491,motu257,ASV491,5232
ASV497,motu258,ASV497,5054
ASV501,motu259,ASV501,4937
ASV503,motu260,ASV503,4883
ASV504,motu261,ASV504,4858
ASV505,motu262,ASV505,4802
ASV507,motu263,ASV507,4775
ASV508,motu264,ASV508,4746
ASV513,motu265,ASV513,4638
ASV514,motu266,ASV514,4607
ASV519,motu267,ASV519,4505
ASV520,motu268,ASV520,4499
ASV521,motu269,ASV521,4496
ASV522,motu270,ASV522,4487
ASV522,motu270,ASV1436,141
ASV522,motu270,ASV1693,57
ASV522,motu270,ASV522,4685
ASV523,motu271,ASV523,4414
ASV524,motu272,ASV524,4409
ASV524,motu272,ASV1275,264
ASV524,motu272,ASV1948,14
ASV524,motu272,ASV524,4687
ASV525,motu273,ASV525,4331
ASV527,motu274,ASV527,4295
ASV529,motu275,ASV529,4223
ASV530,motu276,ASV530,4196
ASV530,motu276,ASV876,983
ASV530,motu276,ASV530,5179
ASV533,motu277,ASV533,4140
ASV533,motu277,ASV1486,119
ASV533,motu277,ASV533,4259
ASV534,motu278,ASV534,4089
ASV534,motu278,ASV1106,464
ASV534,motu278,ASV534,4553
ASV535,motu279,ASV535,4076
ASV536,motu280,ASV536,4034
ASV539,motu281,ASV539,4019
ASV540,motu282,ASV540,4000
ASV540,motu282,ASV1642,69
ASV540,motu282,ASV540,4069
ASV541,motu283,ASV541,3978
ASV541,motu283,ASV736,1739
ASV541,motu283,ASV792,1410
ASV541,motu283,ASV541,7127
ASV542,motu284,ASV542,3970
ASV544,motu285,ASV544,3963
ASV545,motu286,ASV545,3961
ASV547,motu287,ASV547,3927
ASV549,motu288,ASV549,3856
ASV550,motu289,ASV550,3843
ASV551,motu290,ASV551,3842
ASV554,motu291,ASV554,3788
ASV555,motu292,ASV555,3783
ASV556,motu293,ASV556,3764
ASV557,motu294,ASV557,3760
ASV557,motu294,ASV1128,430
ASV557,motu294,ASV1268,267
ASV557,motu294,ASV557,4457
ASV558,motu295,ASV558,3743
ASV558,motu295,ASV1080,511
ASV558,motu295,ASV1576,85
ASV558,motu295,ASV558,4339
ASV559,motu296,ASV559,3729
ASV564,motu297,ASV564,3622
ASV564,motu297,ASV668,2369
ASV564,motu297,ASV1228,305
ASV564,motu297,ASV1258,276
ASV564,motu297,ASV564,6572
ASV565,motu298,ASV565,3613
ASV567,motu299,ASV567,3575
ASV568,motu300,ASV568,3566
ASV569,motu301,ASV569,3558
ASV570,motu302,ASV570,3535
ASV571,motu303,ASV571,3504
ASV572,motu304,ASV572,3454
ASV572,motu304,ASV1913,18
ASV572,motu304,ASV572,3472
ASV573,motu305,ASV573,3448
ASV574,motu306,ASV574,3447
ASV576,motu307,ASV576,3437
ASV577,motu308,ASV577,3418
ASV579,motu309,ASV579,3378
ASV580,motu310,ASV580,3357
ASV582,motu311,ASV582,3322
ASV582,motu311,ASV1780,38
ASV582,motu311,ASV582,3360
ASV585,motu312,ASV585,3304
ASV586,motu313,ASV586,3273
ASV587,motu314,ASV587,3252
ASV588,motu315,ASV588,3247
ASV589,motu316,ASV589,3246
ASV590,motu317,ASV590,3231
ASV591,motu318,ASV591,3228
ASV595,motu319,ASV595,3160
ASV596,motu320,ASV596,3108
ASV596,motu320,ASV1920,17
ASV596,motu320,ASV596,3125
ASV597,motu321,ASV597,3099
ASV598,motu322,ASV598,3068
ASV600,motu323,ASV600,3038
ASV601,motu324,ASV601,2982
ASV605,motu325,ASV605,2950
ASV606,motu326,ASV606,2945
ASV606,motu326,ASV847,1127
ASV606,motu326,ASV1073,523
ASV606,motu326,ASV606,4595
ASV610,motu327,ASV610,2927
ASV611,motu328,ASV611,2903
ASV614,motu329,ASV614,2850
ASV616,motu330,ASV616,2825
ASV617,motu331,ASV617,2822
ASV617,motu331,ASV1264,269
ASV617,motu331,ASV617,3091
ASV618,motu332,ASV618,2797
ASV621,motu333,ASV621,2763
ASV623,motu334,ASV623,2734
ASV624,motu335,ASV624,2723
ASV624,motu335,ASV1404,164
ASV624,motu335,ASV624,2887
ASV628,motu336,ASV628,2684
ASV630,motu337,ASV630,2646
ASV631,motu338,ASV631,2630
ASV631,motu338,ASV1291,246
ASV631,motu338,ASV631,2876
ASV633,motu339,ASV633,2620
ASV634,motu340,ASV634,2616
ASV634,motu340,ASV1184,358
ASV634,motu340,ASV1322,223
ASV634,motu340,ASV634,3197
ASV635,motu341,ASV635,2612
ASV636,motu342,ASV636,2610
ASV637,motu343,ASV637,2602
ASV637,motu343,ASV1774,38
ASV637,motu343,ASV637,2640
ASV639,motu344,ASV639,2600
ASV640,motu345,ASV640,2598
ASV641,motu346,ASV641,2596
ASV643,motu347,ASV643,2589
ASV643,motu347,ASV709,1971
ASV643,motu347,ASV643,4560
ASV644,motu348,ASV644,2571
ASV645,motu349,ASV645,2561
ASV647,motu350,ASV647,2549
ASV649,motu351,ASV649,2538
ASV650,motu352,ASV650,2535
ASV654,motu353,ASV654,2492
ASV655,motu354,ASV655,2488
ASV655,motu354,ASV1186,355
ASV655,motu354,ASV655,2843
ASV657,motu355,ASV657,2453
ASV657,motu355,ASV1030,581
ASV657,motu355,ASV657,3034
ASV658,motu356,ASV658,2447
ASV658,motu356,ASV1564,90
ASV658,motu356,ASV658,2537
ASV659,motu357,ASV659,2425
ASV661,motu358,ASV661,2414
ASV662,motu359,ASV662,2409
ASV663,motu360,ASV663,2403
ASV664,motu361,ASV664,2397
ASV665,motu362,ASV665,2378
ASV665,motu362,ASV1382,176
ASV665,motu362,ASV1383,175
ASV665,motu362,ASV665,2729
ASV666,motu363,ASV666,2378
ASV667,motu364,ASV667,2376
ASV669,motu365,ASV669,2349
ASV670,motu366,ASV670,2345
ASV671,motu367,ASV671,2305
ASV672,motu368,ASV672,2277
ASV673,motu369,ASV673,2269
ASV674,motu370,ASV674,2253
ASV677,motu371,ASV677,2220
ASV678,motu372,ASV678,2203
ASV679,motu373,ASV679,2200
ASV681,motu374,ASV681,2170
ASV684,motu375,ASV684,2130
ASV685,motu376,ASV685,2111
ASV686,motu377,ASV686,2102
ASV686,motu377,ASV967,735
ASV686,motu377,ASV1393,171
ASV686,motu377,ASV686,3008
ASV687,motu378,ASV687,2096
ASV689,motu379,ASV689,2076
ASV690,motu380,ASV690,2070
ASV691,motu381,ASV691,2051
ASV692,motu382,ASV692,2036
ASV693,motu383,ASV693,2036
ASV693,motu383,ASV1495,115
ASV693,motu383,ASV693,2151
ASV697,motu384,ASV697,2011
ASV697,motu384,ASV1293,244
ASV697,motu384,ASV697,2255
ASV699,motu385,ASV699,2000
ASV700,motu386,ASV700,2000
ASV701,motu387,ASV701,1997
ASV703,motu388,ASV703,1993
ASV703,motu388,ASV1037,574
ASV703,motu388,ASV1116,446
ASV703,motu388,ASV1500,114
ASV703,motu388,ASV1270,266
ASV703,motu388,ASV703,3393
ASV704,motu389,ASV704,1985
ASV708,motu390,ASV708,1972
ASV711,motu391,ASV711,1946
ASV712,motu392,ASV712,1944
ASV714,motu393,ASV714,1904
ASV715,motu394,ASV715,1880
ASV717,motu395,ASV717,1871
ASV720,motu396,ASV720,1851
ASV721,motu397,ASV721,1850
ASV725,motu398,ASV725,1836
ASV725,motu398,ASV1589,81
ASV725,motu398,ASV725,1917
ASV726,motu399,ASV726,1834
ASV727,motu400,ASV727,1806
ASV728,motu401,ASV728,1805
ASV728,motu401,ASV1109,461
ASV728,motu401,ASV728,2266
ASV732,motu402,ASV732,1782
ASV733,motu403,ASV733,1765
ASV734,motu404,ASV734,1752
ASV737,motu405,ASV737,1738
ASV738,motu406,ASV738,1736
ASV739,motu407,ASV739,1732
ASV741,motu408,ASV741,1715
ASV742,motu409,ASV742,1702
ASV743,motu410,ASV743,1695
ASV744,motu411,ASV744,1692
ASV745,motu412,ASV745,1688
ASV747,motu413,ASV747,1672
ASV748,motu414,ASV748,1668
ASV748,motu414,ASV1685,58
ASV748,motu414,ASV748,1726
ASV749,motu415,ASV749,1666
ASV750,motu416,ASV750,1662
ASV750,motu416,ASV961,751
ASV750,motu416,ASV750,2413
ASV751,motu417,ASV751,1655
ASV752,motu418,ASV752,1643
ASV753,motu419,ASV753,1641
ASV755,motu420,ASV755,1614
ASV759,motu421,ASV759,1591
ASV760,motu422,ASV760,1589
ASV761,motu423,ASV761,1588
ASV764,motu424,ASV764,1584
ASV766,motu425,ASV766,1580
ASV767,motu426,ASV767,1560
ASV768,motu427,ASV768,1556
ASV769,motu428,ASV769,1545
ASV771,motu429,ASV771,1522
ASV772,motu430,ASV772,1503
ASV773,motu431,ASV773,1498
ASV774,motu432,ASV774,1496
ASV775,motu433,ASV775,1495
ASV776,motu434,ASV776,1480
ASV777,motu435,ASV777,1474
ASV779,motu436,ASV779,1471
ASV781,motu437,ASV781,1471
ASV784,motu438,ASV784,1445
ASV785,motu439,ASV785,1445
ASV786,motu440,ASV786,1443
ASV787,motu441,ASV787,1432
ASV788,motu442,ASV788,1432
ASV789,motu443,ASV789,1425
ASV794,motu444,ASV794,1406
ASV795,motu445,ASV795,1403
ASV796,motu446,ASV796,1398
ASV798,motu447,ASV798,1388
ASV800,motu448,ASV800,1374
ASV800,motu448,ASV1547,97
ASV800,motu448,ASV800,1471
ASV803,motu449,ASV803,1348
ASV803,motu449,ASV1910,18
ASV803,motu449,ASV803,1366
ASV804,motu450,ASV804,1337
ASV805,motu451,ASV805,1332
ASV806,motu452,ASV806,1322
ASV807,motu453,ASV807,1310
ASV810,motu454,ASV810,1281
ASV813,motu455,ASV813,1271
ASV815,motu456,ASV815,1267
ASV816,motu457,ASV816,1261
ASV817,motu458,ASV817,1258
ASV819,motu459,ASV819,1252
ASV819,motu459,ASV1146,406
ASV819,motu459,ASV819,1658
ASV820,motu460,ASV820,1246
ASV821,motu461,ASV821,1244
ASV822,motu462,ASV822,1239
ASV824,motu463,ASV824,1231
ASV825,motu464,ASV825,1227
ASV825,motu464,ASV959,753
ASV825,motu464,ASV1259,275
ASV825,motu464,ASV825,2255
ASV826,motu465,ASV826,1225
ASV826,motu465,ASV1012,630
ASV826,motu465,ASV1183,360
ASV826,motu465,ASV1715,53
ASV826,motu465,ASV826,2268
ASV828,motu466,ASV828,1213
ASV829,motu467,ASV829,1212
ASV830,motu468,ASV830,1208
ASV832,motu469,ASV832,1194
ASV834,motu470,ASV834,1188
ASV837,motu471,ASV837,1170
ASV841,motu472,ASV841,1160
ASV842,motu473,ASV842,1160
ASV843,motu474,ASV843,1158
ASV843,motu474,ASV1451,135
ASV843,motu474,ASV843,1293
ASV844,motu475,ASV844,1153
ASV845,motu476,ASV845,1153
ASV846,motu477,ASV846,1143
ASV848,motu478,ASV848,1120
ASV849,motu479,ASV849,1117
ASV850,motu480,ASV850,1109
ASV851,motu481,ASV851,1100
ASV852,motu482,ASV852,1091
ASV853,motu483,ASV853,1089
ASV855,motu484,ASV855,1083
ASV856,motu485,ASV856,1082
ASV858,motu486,ASV858,1067
ASV860,motu487,ASV860,1057
ASV862,motu488,ASV862,1041
ASV867,motu489,ASV867,1009
ASV868,motu490,ASV868,1007
ASV869,motu491,ASV869,995
ASV870,motu492,ASV870,995
ASV871,motu493,ASV871,992
ASV872,motu494,ASV872,992
ASV873,motu495,ASV873,988
ASV874,motu496,ASV874,983
ASV874,motu496,ASV1882,21
ASV874,motu496,ASV874,1004
ASV875,motu497,ASV875,983
ASV878,motu498,ASV878,963
ASV879,motu499,ASV879,962
ASV880,motu500,ASV880,960
ASV881,motu501,ASV881,954
ASV882,motu502,ASV882,948
ASV882,motu502,ASV1647,67
ASV882,motu502,ASV1911,18
ASV882,motu502,ASV882,1033
ASV883,motu503,ASV883,947
ASV884,motu504,ASV884,946
ASV885,motu505,ASV885,938
ASV886,motu506,ASV886,930
ASV890,motu507,ASV890,919
ASV891,motu508,ASV891,916
ASV892,motu509,ASV892,913
ASV892,motu509,ASV1587,81
ASV892,motu509,ASV892,994
ASV893,motu510,ASV893,911
ASV894,motu511,ASV894,907
ASV895,motu512,ASV895,904
ASV896,motu513,ASV896,904
ASV896,motu513,ASV1135,421
ASV896,motu513,ASV896,1325
ASV897,motu514,ASV897,902
ASV897,motu514,ASV1302,237
ASV897,motu514,ASV1640,69
ASV897,motu514,ASV897,1208
ASV898,motu515,ASV898,901
ASV900,motu516,ASV900,898
ASV901,motu517,ASV901,892
ASV903,motu518,ASV903,888
ASV904,motu519,ASV904,885
ASV905,motu520,ASV905,885
ASV906,motu521,ASV906,879
ASV907,motu522,ASV907,879
ASV908,motu523,ASV908,876
ASV909,motu524,ASV909,876
ASV909,motu524,ASV1673,61
ASV909,motu524,ASV909,937
ASV910,motu525,ASV910,866
ASV911,motu526,ASV911,864
ASV912,motu527,ASV912,862
ASV913,motu528,ASV913,858
ASV914,motu529,ASV914,857
ASV915,motu530,ASV915,848
ASV916,motu531,ASV916,846
ASV917,motu532,ASV917,844
ASV918,motu533,ASV918,844
ASV919,motu534,ASV919,840
ASV920,motu535,ASV920,837
ASV921,motu536,ASV921,836
ASV922,motu537,ASV922,834
ASV924,motu538,ASV924,823
ASV926,motu539,ASV926,819
ASV926,motu539,ASV1639,69
ASV926,motu539,ASV926,888
ASV927,motu540,ASV927,818
ASV928,motu541,ASV928,815
ASV929,motu542,ASV929,812
ASV930,motu543,ASV930,809
ASV931,motu544,ASV931,808
ASV932,motu545,ASV932,807
ASV934,motu546,ASV934,803
ASV935,motu547,ASV935,801
ASV936,motu548,ASV936,798
ASV937,motu549,ASV937,795
ASV938,motu550,ASV938,795
ASV939,motu551,ASV939,793
ASV940,motu552,ASV940,792
ASV941,motu553,ASV941,788
ASV942,motu554,ASV942,785
ASV943,motu555,ASV943,785
ASV944,motu556,ASV944,784
ASV945,motu557,ASV945,783
ASV946,motu558,ASV946,781
ASV947,motu559,ASV947,779
ASV948,motu560,ASV948,777
ASV949,motu561,ASV949,775
ASV950,motu562,ASV950,772
ASV951,motu563,ASV951,764
ASV953,motu564,ASV953,759
ASV954,motu565,ASV954,757
ASV955,motu566,ASV955,757
ASV956,motu567,ASV956,757
ASV958,motu568,ASV958,756
ASV958,motu568,ASV1769,40
ASV958,motu568,ASV958,796
ASV960,motu569,ASV960,752
ASV963,motu570,ASV963,750
ASV964,motu571,ASV964,750
ASV965,motu572,ASV965,747
ASV966,motu573,ASV966,736
ASV966,motu573,ASV1877,22
ASV966,motu573,ASV966,758
ASV968,motu574,ASV968,735
ASV970,motu575,ASV970,717
ASV971,motu576,ASV971,700
ASV971,motu576,ASV1074,522
ASV971,motu576,ASV971,1222
ASV972,motu577,ASV972,699
ASV973,motu578,ASV973,697
ASV974,motu579,ASV974,695
ASV974,motu579,ASV1347,206
ASV974,motu579,ASV1351,202
ASV974,motu579,ASV1425,148
ASV974,motu579,ASV974,1251
ASV976,motu580,ASV976,693
ASV976,motu580,ASV1308,231
ASV976,motu580,ASV1987,11
ASV976,motu580,ASV976,935
ASV977,motu581,ASV977,691
ASV977,motu581,ASV986,674
ASV977,motu581,ASV1761,41
ASV977,motu581,ASV977,1406
ASV978,motu582,ASV978,690
ASV979,motu583,ASV979,688
ASV980,motu584,ASV980,688
ASV981,motu585,ASV981,686
ASV981,motu585,ASV1017,612
ASV981,motu585,ASV981,1298
ASV982,motu586,ASV982,685
ASV982,motu586,ASV1059,539
ASV982,motu586,ASV982,1224
ASV983,motu587,ASV983,685
ASV984,motu588,ASV984,683
ASV985,motu589,ASV985,675
ASV987,motu590,ASV987,674
ASV987,motu590,ASV1422,150
ASV987,motu590,ASV987,824
ASV988,motu591,ASV988,670
ASV990,motu592,ASV990,669
ASV991,motu593,ASV991,668
ASV992,motu594,ASV992,668
ASV993,motu595,ASV993,667
ASV994,motu596,ASV994,666
ASV995,motu597,ASV995,662
ASV995,motu597,ASV1674,61
ASV995,motu597,ASV1900,19
ASV995,motu597,ASV995,742
ASV996,motu598,ASV996,659
ASV997,motu599,ASV997,656
ASV1001,motu600,ASV1001,649
ASV1003,motu601,ASV1003,646
ASV1004,motu602,ASV1004,644
ASV1005,motu603,ASV1005,641
ASV1006,motu604,ASV1006,639
ASV1008,motu605,ASV1008,635
ASV1009,motu606,ASV1009,634
ASV1010,motu607,ASV1010,633
ASV1011,motu608,ASV1011,631
ASV1013,motu609,ASV1013,628
ASV1014,motu610,ASV1014,616
ASV1015,motu611,ASV1015,614
ASV1016,motu612,ASV1016,612
ASV1018,motu613,ASV1018,610
ASV1020,motu614,ASV1020,605
ASV1021,motu615,ASV1021,604
ASV1022,motu616,ASV1022,600
ASV1023,motu617,ASV1023,598
ASV1024,motu618,ASV1024,593
ASV1025,motu619,ASV1025,592
ASV1026,motu620,ASV1026,592
ASV1027,motu621,ASV1027,586
ASV1028,motu622,ASV1028,585
ASV1029,motu623,ASV1029,583
ASV1032,motu624,ASV1032,579
ASV1033,motu625,ASV1033,577
ASV1034,motu626,ASV1034,577
ASV1034,motu626,ASV1332,214
ASV1034,motu626,ASV1439,140
ASV1034,motu626,ASV1034,931
ASV1036,motu627,ASV1036,574
ASV1038,motu628,ASV1038,573
ASV1039,motu629,ASV1039,570
ASV1040,motu630,ASV1040,569
ASV1041,motu631,ASV1041,566
ASV1042,motu632,ASV1042,556
ASV1043,motu633,ASV1043,556
ASV1044,motu634,ASV1044,555
ASV1045,motu635,ASV1045,553
ASV1047,motu636,ASV1047,551
ASV1048,motu637,ASV1048,549
ASV1050,motu638,ASV1050,546
ASV1051,motu639,ASV1051,545
ASV1053,motu640,ASV1053,544
ASV1054,motu641,ASV1054,544
ASV1055,motu642,ASV1055,543
ASV1057,motu643,ASV1057,542
ASV1060,motu644,ASV1060,539
ASV1061,motu645,ASV1061,538
ASV1061,motu645,ASV1200,337
ASV1061,motu645,ASV1061,875
ASV1062,motu646,ASV1062,537
ASV1064,motu647,ASV1064,535
ASV1065,motu648,ASV1065,534
ASV1066,motu649,ASV1066,533
ASV1067,motu650,ASV1067,533
ASV1068,motu651,ASV1068,532
ASV1069,motu652,ASV1069,527
ASV1070,motu653,ASV1070,526
ASV1071,motu654,ASV1071,525
ASV1072,motu655,ASV1072,523
ASV1075,motu656,ASV1075,521
ASV1077,motu657,ASV1077,514
ASV1079,motu658,ASV1079,511
ASV1081,motu659,ASV1081,510
ASV1082,motu660,ASV1082,507
ASV1082,motu660,ASV1676,61
ASV1082,motu660,ASV1082,568
ASV1084,motu661,ASV1084,504
ASV1086,motu662,ASV1086,503
ASV1087,motu663,ASV1087,501
ASV1089,motu664,ASV1089,493
ASV1090,motu665,ASV1090,493
ASV1091,motu666,ASV1091,492
ASV1092,motu667,ASV1092,491
ASV1093,motu668,ASV1093,490
ASV1094,motu669,ASV1094,489
ASV1094,motu669,ASV1520,105
ASV1094,motu669,ASV1094,594
ASV1095,motu670,ASV1095,482
ASV1095,motu670,ASV1524,104
ASV1095,motu670,ASV1095,586
ASV1096,motu671,ASV1096,480
ASV1097,motu672,ASV1097,478
ASV1098,motu673,ASV1098,476
ASV1099,motu674,ASV1099,476
ASV1100,motu675,ASV1100,474
ASV1101,motu676,ASV1101,474
ASV1104,motu677,ASV1104,467
ASV1105,motu678,ASV1105,467
ASV1107,motu679,ASV1107,462
ASV1107,motu679,ASV1846,26
ASV1107,motu679,ASV1107,488
ASV1108,motu680,ASV1108,462
ASV1110,motu681,ASV1110,460
ASV1111,motu682,ASV1111,460
ASV1112,motu683,ASV1112,458
ASV1113,motu684,ASV1113,455
ASV1114,motu685,ASV1114,454
ASV1114,motu685,ASV1212,323
ASV1114,motu685,ASV1114,777
ASV1115,motu686,ASV1115,453
ASV1117,motu687,ASV1117,444
ASV1118,motu688,ASV1118,442
ASV1119,motu689,ASV1119,440
ASV1120,motu690,ASV1120,440
ASV1121,motu691,ASV1121,438
ASV1122,motu692,ASV1122,436
ASV1124,motu693,ASV1124,435
ASV1125,motu694,ASV1125,434
ASV1126,motu695,ASV1126,431
ASV1127,motu696,ASV1127,431
ASV1131,motu697,ASV1131,426
ASV1133,motu698,ASV1133,424
ASV1134,motu699,ASV1134,422
ASV1134,motu699,ASV1310,230
ASV1134,motu699,ASV1134,652
ASV1136,motu700,ASV1136,417
ASV1137,motu701,ASV1137,416
ASV1138,motu702,ASV1138,416
ASV1139,motu703,ASV1139,416
ASV1140,motu704,ASV1140,413
ASV1141,motu705,ASV1141,413
ASV1142,motu706,ASV1142,412
ASV1143,motu707,ASV1143,410
ASV1144,motu708,ASV1144,408
ASV1148,motu709,ASV1148,402
ASV1149,motu710,ASV1149,400
ASV1150,motu711,ASV1150,399
ASV1151,motu712,ASV1151,398
ASV1152,motu713,ASV1152,398
ASV1153,motu714,ASV1153,396
ASV1155,motu715,ASV1155,390
ASV1156,motu716,ASV1156,388
ASV1158,motu717,ASV1158,387
ASV1158,motu717,ASV1218,319
ASV1158,motu717,ASV1158,706
ASV1159,motu718,ASV1159,387
ASV1161,motu719,ASV1161,384
ASV1165,motu720,ASV1165,376
ASV1167,motu721,ASV1167,372
ASV1168,motu722,ASV1168,372
ASV1169,motu723,ASV1169,372
ASV1170,motu724,ASV1170,371
ASV1171,motu725,ASV1171,370
ASV1172,motu726,ASV1172,368
ASV1173,motu727,ASV1173,368
ASV1174,motu728,ASV1174,368
ASV1175,motu729,ASV1175,367
ASV1175,motu729,ASV1603,77
ASV1175,motu729,ASV1175,444
ASV1176,motu730,ASV1176,366
ASV1177,motu731,ASV1177,364
ASV1178,motu732,ASV1178,363
ASV1180,motu733,ASV1180,363
ASV1181,motu734,ASV1181,363
ASV1182,motu735,ASV1182,362
ASV1187,motu736,ASV1187,353
ASV1188,motu737,ASV1188,353
ASV1190,motu738,ASV1190,347
ASV1191,motu739,ASV1191,347
ASV1192,motu740,ASV1192,347
ASV1193,motu741,ASV1193,346
ASV1193,motu741,ASV1695,57
ASV1193,motu741,ASV1807,32
ASV1193,motu741,ASV1193,435
ASV1194,motu742,ASV1194,345
ASV1195,motu743,ASV1195,345
ASV1196,motu744,ASV1196,344
ASV1197,motu745,ASV1197,343
ASV1199,motu746,ASV1199,339
ASV1201,motu747,ASV1201,336
ASV1203,motu748,ASV1203,333
ASV1204,motu749,ASV1204,333
ASV1205,motu750,ASV1205,332
ASV1206,motu751,ASV1206,330
ASV1207,motu752,ASV1207,330
ASV1208,motu753,ASV1208,327
ASV1209,motu754,ASV1209,326
ASV1210,motu755,ASV1210,325
ASV1211,motu756,ASV1211,325
ASV1213,motu757,ASV1213,323
ASV1214,motu758,ASV1214,323
ASV1216,motu759,ASV1216,320
ASV1217,motu760,ASV1217,320
ASV1219,motu761,ASV1219,318
ASV1220,motu762,ASV1220,317
ASV1221,motu763,ASV1221,317
ASV1222,motu764,ASV1222,316
ASV1223,motu765,ASV1223,313
ASV1224,motu766,ASV1224,313
ASV1225,motu767,ASV1225,310
ASV1225,motu767,ASV1909,18
ASV1225,motu767,ASV1225,328
ASV1226,motu768,ASV1226,308
ASV1227,motu769,ASV1227,307
ASV1229,motu770,ASV1229,304
ASV1229,motu770,ASV1878,21
ASV1229,motu770,ASV1229,325
ASV1230,motu771,ASV1230,302
ASV1231,motu772,ASV1231,302
ASV1233,motu773,ASV1233,301
ASV1234,motu774,ASV1234,301
ASV1235,motu775,ASV1235,300
ASV1237,motu776,ASV1237,297
ASV1238,motu777,ASV1238,296
ASV1239,motu778,ASV1239,295
ASV1240,motu779,ASV1240,293
ASV1241,motu780,ASV1241,293
ASV1242,motu781,ASV1242,291
ASV1243,motu782,ASV1243,290
ASV1244,motu783,ASV1244,290
ASV1245,motu784,ASV1245,288
ASV1246,motu785,ASV1246,287
ASV1246,motu785,ASV1859,24
ASV1246,motu785,ASV1246,311
ASV1247,motu786,ASV1247,287
ASV1248,motu787,ASV1248,286
ASV1249,motu788,ASV1249,284
ASV1250,motu789,ASV1250,284
ASV1251,motu790,ASV1251,281
ASV1253,motu791,ASV1253,281
ASV1254,motu792,ASV1254,280
ASV1254,motu792,ASV1262,269
ASV1254,motu792,ASV1329,216
ASV1254,motu792,ASV1348,205
ASV1254,motu792,ASV1403,164
ASV1254,motu792,ASV1434,143
ASV1254,motu792,ASV1503,112
ASV1254,motu792,ASV1572,85
ASV1254,motu792,ASV1394,170
ASV1254,motu792,ASV1395,170
ASV1254,motu792,ASV1415,157
ASV1254,motu792,ASV1459,131
ASV1254,motu792,ASV1485,119
ASV1254,motu792,ASV1546,97
ASV1254,motu792,ASV1556,93
ASV1254,motu792,ASV1562,91
ASV1254,motu792,ASV1585,81
ASV1254,motu792,ASV1598,77
ASV1254,motu792,ASV1599,77
ASV1254,motu792,ASV1627,71
ASV1254,motu792,ASV1668,61
ASV1254,motu792,ASV1446,136
ASV1254,motu792,ASV1516,106
ASV1254,motu792,ASV1518,105
ASV1254,motu792,ASV1534,100
ASV1254,motu792,ASV1566,89
ASV1254,motu792,ASV1573,85
ASV1254,motu792,ASV1579,83
ASV1254,motu792,ASV1610,75
ASV1254,motu792,ASV1621,72
ASV1254,motu792,ASV1622,72
ASV1254,motu792,ASV1635,69
ASV1254,motu792,ASV1636,69
ASV1254,motu792,ASV1649,66
ASV1254,motu792,ASV1658,64
ASV1254,motu792,ASV1719,52
ASV1254,motu792,ASV1726,50
ASV1254,motu792,ASV1733,48
ASV1254,motu792,ASV1582,82
ASV1254,motu792,ASV1593,79
ASV1254,motu792,ASV1605,76
ASV1254,motu792,ASV1653,65
ASV1254,motu792,ASV1654,65
ASV1254,motu792,ASV1661,63
ASV1254,motu792,ASV1667,61
ASV1254,motu792,ASV1679,59
ASV1254,motu792,ASV1682,58
ASV1254,motu792,ASV1683,58
ASV1254,motu792,ASV1687,57
ASV1254,motu792,ASV1702,54
ASV1254,motu792,ASV1718,52
ASV1254,motu792,ASV1762,40 ASV1696
ASV1254,motu792,ASV1254,5238
ASV1255,motu793,ASV1255,277
ASV1255,motu793,ASV1273,265
ASV1255,motu793,ASV1255,542
ASV1256,motu794,ASV1256,277
ASV1257,motu795,ASV1257,276
ASV1257,motu795,ASV1260,274
ASV1257,motu795,ASV1257,550
ASV1261,motu796,ASV1261,272
ASV1263,motu797,ASV1263,269
ASV1265,motu798,ASV1265,269
ASV1266,motu799,ASV1266,269
ASV1267,motu800,ASV1267,268
ASV1269,motu801,ASV1269,266
ASV1272,motu802,ASV1272,266
ASV1274,motu803,ASV1274,264
ASV1276,motu804,ASV1276,264
ASV1277,motu805,ASV1277,262
ASV1277,motu805,ASV1414,158
ASV1277,motu805,ASV1746,44
ASV1277,motu805,ASV1277,464
ASV1278,motu806,ASV1278,262
ASV1279,motu807,ASV1279,261
ASV1280,motu808,ASV1280,260
ASV1281,motu809,ASV1281,259
ASV1282,motu810,ASV1282,258
ASV1284,motu811,ASV1284,251
ASV1285,motu812,ASV1285,251
ASV1286,motu813,ASV1286,250
ASV1288,motu814,ASV1288,249
ASV1289,motu815,ASV1289,248
ASV1292,motu816,ASV1292,246
ASV1294,motu817,ASV1294,244
ASV1295,motu818,ASV1295,241
ASV1296,motu819,ASV1296,239
ASV1297,motu820,ASV1297,238
ASV1297,motu820,ASV1400,166
ASV1297,motu820,ASV1297,404
ASV1300,motu821,ASV1300,238
ASV1301,motu822,ASV1301,237
ASV1303,motu823,ASV1303,237
ASV1304,motu824,ASV1304,236
ASV1305,motu825,ASV1305,234
ASV1307,motu826,ASV1307,232
ASV1309,motu827,ASV1309,231
ASV1311,motu828,ASV1311,230
ASV1312,motu829,ASV1312,229
ASV1314,motu830,ASV1314,227
ASV1315,motu831,ASV1315,227
ASV1316,motu832,ASV1316,226
ASV1317,motu833,ASV1317,226
ASV1320,motu834,ASV1320,224
ASV1320,motu834,ASV1907,19
ASV1320,motu834,ASV1320,243
ASV1321,motu835,ASV1321,223
ASV1323,motu836,ASV1323,223
ASV1324,motu837,ASV1324,222
ASV1325,motu838,ASV1325,218
ASV1326,motu839,ASV1326,217
ASV1327,motu840,ASV1327,217
ASV1328,motu841,ASV1328,217
ASV1330,motu842,ASV1330,216
ASV1331,motu843,ASV1331,214
ASV1333,motu844,ASV1333,214
ASV1334,motu845,ASV1334,213
ASV1335,motu846,ASV1335,212
ASV1336,motu847,ASV1336,210
ASV1337,motu848,ASV1337,210
ASV1338,motu849,ASV1338,210
ASV1339,motu850,ASV1339,210
ASV1340,motu851,ASV1340,209
ASV1341,motu852,ASV1341,209
ASV1342,motu853,ASV1342,208
ASV1343,motu854,ASV1343,207
ASV1344,motu855,ASV1344,207
ASV1345,motu856,ASV1345,207
ASV1346,motu857,ASV1346,207
ASV1349,motu858,ASV1349,203
ASV1350,motu859,ASV1350,203
ASV1352,motu860,ASV1352,202
ASV1353,motu861,ASV1353,201
ASV1354,motu862,ASV1354,200
ASV1355,motu863,ASV1355,200
ASV1356,motu864,ASV1356,198
ASV1357,motu865,ASV1357,198
ASV1358,motu866,ASV1358,197
ASV1359,motu867,ASV1359,195
ASV1360,motu868,ASV1360,195
ASV1361,motu869,ASV1361,195
ASV1362,motu870,ASV1362,193
ASV1363,motu871,ASV1363,191
ASV1364,motu872,ASV1364,190
ASV1364,motu872,ASV2086,3
ASV1364,motu872,ASV1364,193
ASV1365,motu873,ASV1365,189
ASV1366,motu874,ASV1366,189
ASV1367,motu875,ASV1367,188
ASV1369,motu876,ASV1369,186
ASV1370,motu877,ASV1370,186
ASV1371,motu878,ASV1371,184
ASV1372,motu879,ASV1372,184
ASV1373,motu880,ASV1373,183
ASV1374,motu881,ASV1374,182
ASV1375,motu882,ASV1375,182
ASV1375,motu882,ASV1612,75
ASV1375,motu882,ASV1375,257
ASV1376,motu883,ASV1376,182
ASV1377,motu884,ASV1377,180
ASV1378,motu885,ASV1378,179
ASV1379,motu886,ASV1379,178
ASV1380,motu887,ASV1380,178
ASV1381,motu888,ASV1381,176
ASV1384,motu889,ASV1384,175
ASV1386,motu890,ASV1386,175
ASV1387,motu891,ASV1387,174
ASV1387,motu891,ASV1741,47
ASV1387,motu891,ASV1387,221
ASV1388,motu892,ASV1388,173
ASV1389,motu893,ASV1389,172
ASV1390,motu894,ASV1390,172
ASV1391,motu895,ASV1391,172
ASV1392,motu896,ASV1392,171
ASV1396,motu897,ASV1396,170
ASV1397,motu898,ASV1397,168
ASV1397,motu898,ASV2018,8
ASV1397,motu898,ASV1397,176
ASV1398,motu899,ASV1398,167
ASV1399,motu900,ASV1399,167
ASV1401,motu901,ASV1401,166
ASV1405,motu902,ASV1405,163
ASV1405,motu902,ASV1538,99
ASV1405,motu902,ASV1405,262
ASV1406,motu903,ASV1406,162
ASV1407,motu904,ASV1407,162
ASV1408,motu905,ASV1408,161
ASV1409,motu906,ASV1409,161
ASV1410,motu907,ASV1410,160
ASV1411,motu908,ASV1411,160
ASV1413,motu909,ASV1413,159
ASV1416,motu910,ASV1416,156
ASV1417,motu911,ASV1417,155
ASV1418,motu912,ASV1418,154
ASV1419,motu913,ASV1419,153
ASV1420,motu914,ASV1420,152
ASV1421,motu915,ASV1421,152
ASV1423,motu916,ASV1423,149
ASV1424,motu917,ASV1424,148
ASV1426,motu918,ASV1426,147
ASV1427,motu919,ASV1427,146
ASV1427,motu919,ASV1951,13
ASV1427,motu919,ASV1427,159
ASV1428,motu920,ASV1428,146
ASV1429,motu921,ASV1429,145
ASV1430,motu922,ASV1430,145
ASV1431,motu923,ASV1431,144
ASV1432,motu924,ASV1432,144
ASV1435,motu925,ASV1435,141
ASV1438,motu926,ASV1438,140
ASV1440,motu927,ASV1440,139
ASV1441,motu928,ASV1441,139
ASV1442,motu929,ASV1442,138
ASV1443,motu930,ASV1443,138
ASV1445,motu931,ASV1445,137
ASV1447,motu932,ASV1447,136
ASV1448,motu933,ASV1448,135
ASV1449,motu934,ASV1449,135
ASV1450,motu935,ASV1450,135
ASV1453,motu936,ASV1453,134
ASV1454,motu937,ASV1454,133
ASV1455,motu938,ASV1455,133
ASV1456,motu939,ASV1456,132
ASV1457,motu940,ASV1457,132
ASV1458,motu941,ASV1458,132
ASV1460,motu942,ASV1460,131
ASV1461,motu943,ASV1461,131
ASV1462,motu944,ASV1462,130
ASV1463,motu945,ASV1463,130
ASV1464,motu946,ASV1464,129
ASV1466,motu947,ASV1466,129
ASV1468,motu948,ASV1468,129
ASV1469,motu949,ASV1469,129
ASV1470,motu950,ASV1470,128
ASV1471,motu951,ASV1471,128
ASV1471,motu951,ASV1949,13
ASV1471,motu951,ASV1471,141
ASV1472,motu952,ASV1472,128
ASV1473,motu953,ASV1473,128
ASV1474,motu954,ASV1474,127
ASV1475,motu955,ASV1475,126
ASV1477,motu956,ASV1477,126
ASV1478,motu957,ASV1478,126
ASV1480,motu958,ASV1480,124
ASV1481,motu959,ASV1481,123
ASV1482,motu960,ASV1482,122
ASV1483,motu961,ASV1483,121
ASV1484,motu962,ASV1484,120
ASV1487,motu963,ASV1487,118
ASV1488,motu964,ASV1488,118
ASV1489,motu965,ASV1489,118
ASV1490,motu966,ASV1490,117
ASV1491,motu967,ASV1491,117
ASV1492,motu968,ASV1492,116
ASV1493,motu969,ASV1493,116
ASV1494,motu970,ASV1494,116
ASV1496,motu971,ASV1496,115
ASV1497,motu972,ASV1497,115
ASV1498,motu973,ASV1498,115
ASV1499,motu974,ASV1499,114
ASV1501,motu975,ASV1501,114
ASV1502,motu976,ASV1502,113
ASV1502,motu976,ASV1680,59
ASV1502,motu976,ASV1502,172
ASV1504,motu977,ASV1504,112
ASV1505,motu978,ASV1505,112
ASV1506,motu979,ASV1506,111
ASV1507,motu980,ASV1507,111
ASV1508,motu981,ASV1508,110
ASV1509,motu982,ASV1509,110
ASV1511,motu983,ASV1511,109
ASV1512,motu984,ASV1512,108
ASV1513,motu985,ASV1513,108
ASV1514,motu986,ASV1514,108
ASV1515,motu987,ASV1515,107
ASV1517,motu988,ASV1517,106
ASV1519,motu989,ASV1519,105
ASV1521,motu990,ASV1521,105
ASV1522,motu991,ASV1522,105
ASV1523,motu992,ASV1523,104
ASV1525,motu993,ASV1525,104
ASV1526,motu994,ASV1526,104
ASV1527,motu995,ASV1527,104
ASV1528,motu996,ASV1528,103
ASV1530,motu997,ASV1530,103
ASV1531,motu998,ASV1531,102
ASV1531,motu998,ASV1660,64
ASV1531,motu998,ASV1531,166
ASV1532,motu999,ASV1532,102
ASV1533,motu1000,ASV1533,102
ASV1535,motu1001,ASV1535,100
ASV1536,motu1002,ASV1536,100
ASV1537,motu1003,ASV1537,100
ASV1539,motu1004,ASV1539,99
ASV1540,motu1005,ASV1540,99
ASV1541,motu1006,ASV1541,99
ASV1542,motu1007,ASV1542,99
ASV1543,motu1008,ASV1543,99
ASV1545,motu1009,ASV1545,98
ASV1548,motu1010,ASV1548,97
ASV1549,motu1011,ASV1549,97
ASV1550,motu1012,ASV1550,97
ASV1551,motu1013,ASV1551,97
ASV1552,motu1014,ASV1552,96
ASV1553,motu1015,ASV1553,96
ASV1553,motu1015,ASV1895,20
ASV1553,motu1015,ASV1553,116
ASV1554,motu1016,ASV1554,94
ASV1555,motu1017,ASV1555,94
ASV1557,motu1018,ASV1557,93
ASV1557,motu1018,ASV1648,66
ASV1557,motu1018,ASV1557,159
ASV1558,motu1019,ASV1558,93
ASV1559,motu1020,ASV1559,93
ASV1560,motu1021,ASV1560,93
ASV1561,motu1022,ASV1561,93
ASV1565,motu1023,ASV1565,90
ASV1567,motu1024,ASV1567,89
ASV1568,motu1025,ASV1568,89
ASV1569,motu1026,ASV1569,89
ASV1570,motu1027,ASV1570,89
ASV1571,motu1028,ASV1571,88
ASV1574,motu1029,ASV1574,85
ASV1575,motu1030,ASV1575,85
ASV1577,motu1031,ASV1577,84
ASV1578,motu1032,ASV1578,84
ASV1580,motu1033,ASV1580,83
ASV1581,motu1034,ASV1581,83
ASV1583,motu1035,ASV1583,82
ASV1584,motu1036,ASV1584,82
ASV1586,motu1037,ASV1586,81
ASV1588,motu1038,ASV1588,81
ASV1590,motu1039,ASV1590,80
ASV1590,motu1039,ASV1669,61
ASV1590,motu1039,ASV1590,141
ASV1591,motu1040,ASV1591,80
ASV1592,motu1041,ASV1592,80
ASV1594,motu1042,ASV1594,79
ASV1595,motu1043,ASV1595,79
ASV1596,motu1044,ASV1596,79
ASV1597,motu1045,ASV1597,78
ASV1600,motu1046,ASV1600,77
ASV1601,motu1047,ASV1601,77
ASV1602,motu1048,ASV1602,77
ASV1604,motu1049,ASV1604,77
ASV1606,motu1050,ASV1606,76
ASV1607,motu1051,ASV1607,76
ASV1608,motu1052,ASV1608,76
ASV1609,motu1053,ASV1609,76
ASV1611,motu1054,ASV1611,75
ASV1613,motu1055,ASV1613,75
ASV1614,motu1056,ASV1614,75
ASV1615,motu1057,ASV1615,74
ASV1616,motu1058,ASV1616,74
ASV1617,motu1059,ASV1617,74
ASV1618,motu1060,ASV1618,74
ASV1619,motu1061,ASV1619,73
ASV1620,motu1062,ASV1620,73
ASV1623,motu1063,ASV1623,72
ASV1624,motu1064,ASV1624,72
ASV1625,motu1065,ASV1625,72
ASV1626,motu1066,ASV1626,72
ASV1628,motu1067,ASV1628,71
ASV1629,motu1068,ASV1629,70
ASV1630,motu1069,ASV1630,70
ASV1631,motu1070,ASV1631,70
ASV1632,motu1071,ASV1632,70
ASV1633,motu1072,ASV1633,70
ASV1634,motu1073,ASV1634,70
ASV1637,motu1074,ASV1637,69
ASV1638,motu1075,ASV1638,69
ASV1641,motu1076,ASV1641,69
ASV1643,motu1077,ASV1643,68
ASV1644,motu1078,ASV1644,67
ASV1645,motu1079,ASV1645,67
ASV1645,motu1079,ASV1757,42
ASV1645,motu1079,ASV1645,109
ASV1646,motu1080,ASV1646,67
ASV1650,motu1081,ASV1650,66
ASV1652,motu1082,ASV1652,66
ASV1655,motu1083,ASV1655,65
ASV1656,motu1084,ASV1656,65
ASV1657,motu1085,ASV1657,65
ASV1657,motu1085,ASV1887,21
ASV1657,motu1085,ASV1657,86
ASV1659,motu1086,ASV1659,64
ASV1662,motu1087,ASV1662,63
ASV1663,motu1088,ASV1663,63
ASV1664,motu1089,ASV1664,63
ASV1665,motu1090,ASV1665,63
ASV1666,motu1091,ASV1666,62
ASV1670,motu1092,ASV1670,61
ASV1671,motu1093,ASV1671,61
ASV1671,motu1093,ASV1728,50
ASV1671,motu1093,ASV1671,111
ASV1672,motu1094,ASV1672,61
ASV1675,motu1095,ASV1675,61
ASV1677,motu1096,ASV1677,60
ASV1678,motu1097,ASV1678,60
ASV1681,motu1098,ASV1681,59
ASV1684,motu1099,ASV1684,58
ASV1686,motu1100,ASV1686,58
ASV1688,motu1101,ASV1688,57
ASV1689,motu1102,ASV1689,57
ASV1690,motu1103,ASV1690,57
ASV1691,motu1104,ASV1691,57
ASV1692,motu1105,ASV1692,57
ASV1694,motu1106,ASV1694,57
ASV1697,motu1107,ASV1697,56
ASV1698,motu1108,ASV1698,56
ASV1699,motu1109,ASV1699,56
ASV1700,motu1110,ASV1700,55
ASV1701,motu1111,ASV1701,55
ASV1703,motu1112,ASV1703,54
ASV1704,motu1113,ASV1704,54
ASV1705,motu1114,ASV1705,54
ASV1706,motu1115,ASV1706,54
ASV1707,motu1116,ASV1707,53
ASV1708,motu1117,ASV1708,53
ASV1709,motu1118,ASV1709,53
ASV1710,motu1119,ASV1710,53
ASV1711,motu1120,ASV1711,53
ASV1712,motu1121,ASV1712,53
ASV1713,motu1122,ASV1713,53
ASV1714,motu1123,ASV1714,53
ASV1716,motu1124,ASV1716,53
ASV1720,motu1125,ASV1720,52
ASV1722,motu1126,ASV1722,51
ASV1722,motu1126,ASV1754,42
ASV1722,motu1126,ASV1722,93
ASV1723,motu1127,ASV1723,51
ASV1724,motu1128,ASV1724,51
ASV1725,motu1129,ASV1725,51
ASV1727,motu1130,ASV1727,50
ASV1729,motu1131,ASV1729,50
ASV1730,motu1132,ASV1730,49
ASV1731,motu1133,ASV1731,49
ASV1732,motu1134,ASV1732,49
ASV1734,motu1135,ASV1734,48
ASV1735,motu1136,ASV1735,48
ASV1736,motu1137,ASV1736,48
ASV1737,motu1138,ASV1737,48
ASV1738,motu1139,ASV1738,48
ASV1739,motu1140,ASV1739,47
ASV1740,motu1141,ASV1740,47
ASV1742,motu1142,ASV1742,46
ASV1743,motu1143,ASV1743,46
ASV1744,motu1144,ASV1744,45
ASV1745,motu1145,ASV1745,44
ASV1747,motu1146,ASV1747,44
ASV1748,motu1147,ASV1748,43
ASV1749,motu1148,ASV1749,43
ASV1750,motu1149,ASV1750,43
ASV1751,motu1150,ASV1751,43
ASV1752,motu1151,ASV1752,43
ASV1753,motu1152,ASV1753,43
ASV1755,motu1153,ASV1755,42
ASV1756,motu1154,ASV1756,42
ASV1758,motu1155,ASV1758,42
ASV1759,motu1156,ASV1759,41
ASV1763,motu1157,ASV1763,40
ASV1764,motu1158,ASV1764,40
ASV1765,motu1159,ASV1765,40
ASV1766,motu1160,ASV1766,40
ASV1767,motu1161,ASV1767,40
ASV1768,motu1162,ASV1768,40
ASV1770,motu1163,ASV1770,39
ASV1771,motu1164,ASV1771,39
ASV1772,motu1165,ASV1772,39
ASV1773,motu1166,ASV1773,39
ASV1775,motu1167,ASV1775,38
ASV1776,motu1168,ASV1776,38
ASV1777,motu1169,ASV1777,38
ASV1778,motu1170,ASV1778,38
ASV1779,motu1171,ASV1779,38
ASV1781,motu1172,ASV1781,37
ASV1782,motu1173,ASV1782,37
ASV1783,motu1174,ASV1783,37
ASV1784,motu1175,ASV1784,36
ASV1785,motu1176,ASV1785,36
ASV1786,motu1177,ASV1786,36
ASV1787,motu1178,ASV1787,36
ASV1788,motu1179,ASV1788,36
ASV1789,motu1180,ASV1789,35
ASV1790,motu1181,ASV1790,35
ASV1791,motu1182,ASV1791,35
ASV1792,motu1183,ASV1792,35
ASV1793,motu1184,ASV1793,35
ASV1794,motu1185,ASV1794,34
ASV1795,motu1186,ASV1795,34
ASV1796,motu1187,ASV1796,34
ASV1797,motu1188,ASV1797,34
ASV1798,motu1189,ASV1798,34
ASV1799,motu1190,ASV1799,34
ASV1800,motu1191,ASV1800,33
ASV1801,motu1192,ASV1801,33
ASV1801,motu1192,ASV1888,21
ASV1801,motu1192,ASV1801,54
ASV1803,motu1193,ASV1803,32
ASV1804,motu1194,ASV1804,32
ASV1805,motu1195,ASV1805,32
ASV1806,motu1196,ASV1806,32
ASV1808,motu1197,ASV1808,32
ASV1809,motu1198,ASV1809,31
ASV1810,motu1199,ASV1810,31
ASV1812,motu1200,ASV1812,31
ASV1813,motu1201,ASV1813,31
ASV1814,motu1202,ASV1814,31
ASV1815,motu1203,ASV1815,30
ASV1816,motu1204,ASV1816,30
ASV1817,motu1205,ASV1817,30
ASV1818,motu1206,ASV1818,30
ASV1819,motu1207,ASV1819,29
ASV1820,motu1208,ASV1820,29
ASV1821,motu1209,ASV1821,29
ASV1822,motu1210,ASV1822,28
ASV1823,motu1211,ASV1823,28
ASV1824,motu1212,ASV1824,28
ASV1825,motu1213,ASV1825,28
ASV1826,motu1214,ASV1826,28
ASV1827,motu1215,ASV1827,28
ASV1828,motu1216,ASV1828,28
ASV1829,motu1217,ASV1829,28
ASV1830,motu1218,ASV1830,27
ASV1831,motu1219,ASV1831,27
ASV1832,motu1220,ASV1832,27
ASV1833,motu1221,ASV1833,27
ASV1834,motu1222,ASV1834,27
ASV1836,motu1223,ASV1836,27
ASV1837,motu1224,ASV1837,27
ASV1839,motu1225,ASV1839,27
ASV1840,motu1226,ASV1840,26
ASV1841,motu1227,ASV1841,26
ASV1842,motu1228,ASV1842,26
ASV1843,motu1229,ASV1843,26
ASV1844,motu1230,ASV1844,26
ASV1845,motu1231,ASV1845,26
ASV1847,motu1232,ASV1847,26
ASV1848,motu1233,ASV1848,26
ASV1849,motu1234,ASV1849,26
ASV1850,motu1235,ASV1850,26
ASV1851,motu1236,ASV1851,25
ASV1852,motu1237,ASV1852,25
ASV1853,motu1238,ASV1853,25
ASV1854,motu1239,ASV1854,25
ASV1855,motu1240,ASV1855,25
ASV1856,motu1241,ASV1856,25
ASV1857,motu1242,ASV1857,25
ASV1858,motu1243,ASV1858,24
ASV1860,motu1244,ASV1860,24
ASV1861,motu1245,ASV1861,24
ASV1862,motu1246,ASV1862,24
ASV1863,motu1247,ASV1863,24
ASV1864,motu1248,ASV1864,24
ASV1865,motu1249,ASV1865,24
ASV1866,motu1250,ASV1866,23
ASV1867,motu1251,ASV1867,23
ASV1868,motu1252,ASV1868,23
ASV1869,motu1253,ASV1869,23
ASV1870,motu1254,ASV1870,22
ASV1871,motu1255,ASV1871,22
ASV1872,motu1256,ASV1872,22
ASV1873,motu1257,ASV1873,22
ASV1874,motu1258,ASV1874,22
ASV1875,motu1259,ASV1875,22
ASV1876,motu1260,ASV1876,22
ASV1879,motu1261,ASV1879,21
ASV1880,motu1262,ASV1880,21
ASV1881,motu1263,ASV1881,21
ASV1883,motu1264,ASV1883,21
ASV1884,motu1265,ASV1884,21
ASV1885,motu1266,ASV1885,21
ASV1886,motu1267,ASV1886,21
ASV1889,motu1268,ASV1889,21
ASV1890,motu1269,ASV1890,20
ASV1891,motu1270,ASV1891,20
ASV1892,motu1271,ASV1892,20
ASV1893,motu1272,ASV1893,20
ASV1894,motu1273,ASV1894,20
ASV1896,motu1274,ASV1896,20
ASV1897,motu1275,ASV1897,19
ASV1898,motu1276,ASV1898,19
ASV1899,motu1277,ASV1899,19
ASV1901,motu1278,ASV1901,19
ASV1902,motu1279,ASV1902,19
ASV1903,motu1280,ASV1903,19
ASV1904,motu1281,ASV1904,19
ASV1905,motu1282,ASV1905,19
ASV1906,motu1283,ASV1906,19
ASV1908,motu1284,ASV1908,18
ASV1912,motu1285,ASV1912,18
ASV1914,motu1286,ASV1914,18
ASV1915,motu1287,ASV1915,18
ASV1916,motu1288,ASV1916,17
ASV1917,motu1289,ASV1917,17
ASV1918,motu1290,ASV1918,17
ASV1919,motu1291,ASV1919,17
ASV1921,motu1292,ASV1921,17
ASV1922,motu1293,ASV1922,17
ASV1923,motu1294,ASV1923,17
ASV1924,motu1295,ASV1924,17
ASV1925,motu1296,ASV1925,17
ASV1926,motu1297,ASV1926,16
ASV1927,motu1298,ASV1927,16
ASV1929,motu1299,ASV1929,16
ASV1930,motu1300,ASV1930,16
ASV1931,motu1301,ASV1931,16
ASV1932,motu1302,ASV1932,16
ASV1933,motu1303,ASV1933,16
ASV1934,motu1304,ASV1934,16
ASV1935,motu1305,ASV1935,16
ASV1936,motu1306,ASV1936,16
ASV1938,motu1307,ASV1938,15
ASV1939,motu1308,ASV1939,15
ASV1940,motu1309,ASV1940,15
ASV1941,motu1310,ASV1941,14
ASV1942,motu1311,ASV1942,14
ASV1943,motu1312,ASV1943,14
ASV1944,motu1313,ASV1944,14
ASV1947,motu1314,ASV1947,14
ASV1950,motu1315,ASV1950,13
ASV1952,motu1316,ASV1952,13
ASV1953,motu1317,ASV1953,13
ASV1954,motu1318,ASV1954,13
ASV1955,motu1319,ASV1955,13
ASV1956,motu1320,ASV1956,13
ASV1957,motu1321,ASV1957,13
ASV1958,motu1322,ASV1958,13
ASV1959,motu1323,ASV1959,13
ASV1960,motu1324,ASV1960,12
ASV1961,motu1325,ASV1961,12
ASV1962,motu1326,ASV1962,12
ASV1963,motu1327,ASV1963,12
ASV1964,motu1328,ASV1964,12
ASV1965,motu1329,ASV1965,12
ASV1966,motu1330,ASV1966,12
ASV1967,motu1331,ASV1967,12
ASV1968,motu1332,ASV1968,12
ASV1969,motu1333,ASV1969,12
ASV1970,motu1334,ASV1970,12
ASV1971,motu1335,ASV1971,12
ASV1972,motu1336,ASV1972,12
ASV1973,motu1337,ASV1973,12
ASV1974,motu1338,ASV1974,12
ASV1975,motu1339,ASV1975,12
ASV1976,motu1340,ASV1976,12
ASV1978,motu1341,ASV1978,11
ASV1979,motu1342,ASV1979,11
ASV1981,motu1343,ASV1981,11
ASV1982,motu1344,ASV1982,11
ASV1983,motu1345,ASV1983,11
ASV1984,motu1346,ASV1984,11
ASV1985,motu1347,ASV1985,11
ASV1986,motu1348,ASV1986,11
ASV1989,motu1349,ASV1989,11
ASV1990,motu1350,ASV1990,10
ASV1991,motu1351,ASV1991,10
ASV1992,motu1352,ASV1992,10
ASV1993,motu1353,ASV1993,10
ASV1994,motu1354,ASV1994,10
ASV1995,motu1355,ASV1995,10
ASV1996,motu1356,ASV1996,10
ASV1997,motu1357,ASV1997,10
ASV1998,motu1358,ASV1998,10
ASV1999,motu1359,ASV1999,10
ASV2000,motu1360,ASV2000,9
ASV2001,motu1361,ASV2001,9
ASV2002,motu1362,ASV2002,9
ASV2003,motu1363,ASV2003,9
ASV2004,motu1364,ASV2004,9
ASV2005,motu1365,ASV2005,9
ASV2006,motu1366,ASV2006,9
ASV2007,motu1367,ASV2007,9
ASV2008,motu1368,ASV2008,9
ASV2009,motu1369,ASV2009,9
ASV2011,motu1370,ASV2011,9
ASV2012,motu1371,ASV2012,9
ASV2013,motu1372,ASV2013,9
ASV2014,motu1373,ASV2014,9
ASV2015,motu1374,ASV2015,9
ASV2016,motu1375,ASV2016,8
ASV2017,motu1376,ASV2017,8
ASV2019,motu1377,ASV2019,8
ASV2020,motu1378,ASV2020,8
ASV2021,motu1379,ASV2021,8
ASV2022,motu1380,ASV2022,8
ASV2023,motu1381,ASV2023,8
ASV2025,motu1382,ASV2025,8
ASV2026,motu1383,ASV2026,8
ASV2027,motu1384,ASV2027,8
ASV2028,motu1385,ASV2028,8
ASV2029,motu1386,ASV2029,8
ASV2030,motu1387,ASV2030,7
ASV2031,motu1388,ASV2031,7
ASV2032,motu1389,ASV2032,7
ASV2033,motu1390,ASV2033,7
ASV2034,motu1391,ASV2034,7
ASV2035,motu1392,ASV2035,7
ASV2036,motu1393,ASV2036,7
ASV2037,motu1394,ASV2037,7
ASV2038,motu1395,ASV2038,7
ASV2039,motu1396,ASV2039,7
ASV2040,motu1397,ASV2040,7
ASV2042,motu1398,ASV2042,6
ASV2043,motu1399,ASV2043,6
ASV2044,motu1400,ASV2044,6
ASV2045,motu1401,ASV2045,6
ASV2046,motu1402,ASV2046,6
ASV2047,motu1403,ASV2047,6
ASV2048,motu1404,ASV2048,6
ASV2049,motu1405,ASV2049,6
ASV2050,motu1406,ASV2050,6
ASV2051,motu1407,ASV2051,6
ASV2052,motu1408,ASV2052,6
ASV2053,motu1409,ASV2053,6
ASV2054,motu1410,ASV2054,6
ASV2055,motu1411,ASV2055,6
ASV2056,motu1412,ASV2056,5
ASV2057,motu1413,ASV2057,5
ASV2059,motu1414,ASV2059,5
ASV2060,motu1415,ASV2060,5
ASV2061,motu1416,ASV2061,5
ASV2062,motu1417,ASV2062,5
ASV2063,motu1418,ASV2063,5
ASV2064,motu1419,ASV2064,5
ASV2065,motu1420,ASV2065,5
ASV2066,motu1421,ASV2066,5
ASV2067,motu1422,ASV2067,5
ASV2068,motu1423,ASV2068,5
ASV2069,motu1424,ASV2069,5
ASV2070,motu1425,ASV2070,5
ASV2071,motu1426,ASV2071,5
ASV2072,motu1427,ASV2072,5
ASV2073,motu1428,ASV2073,4
ASV2074,motu1429,ASV2074,4
ASV2075,motu1430,ASV2075,4
ASV2076,motu1431,ASV2076,4
ASV2077,motu1432,ASV2077,4
ASV2078,motu1433,ASV2078,4
ASV2079,motu1434,ASV2079,4
ASV2080,motu1435,ASV2080,4
ASV2081,motu1436,ASV2081,4
ASV2082,motu1437,ASV2082,4
ASV2083,motu1438,ASV2083,3
ASV2084,motu1439,ASV2084,3
ASV2085,motu1440,ASV2085,3
ASV2087,motu1441,ASV2087,3
ASV2088,motu1442,ASV2088,3
ASV2089,motu1443,ASV2089,3
ASV2091,motu1444,ASV2091,3
ASV2092,motu1445,ASV2092,2
ASV2094,motu1446,ASV2094,2
ASV2095,motu1447,ASV2095,2
ASV2096,motu1448,ASV2096,2
ASV2097,motu1449,ASV2097,2
ASV2098,motu1450,ASV2098,2
ASV2099,motu1451,ASV2099,2
ASV2100,motu1452,ASV2100,2
ASV2101,motu1453,ASV2101,1
ASV2102,motu1454,ASV2102,1
