ca_humboldt,2019-06-01T09:00:00,00fa0c44e9d50d55f36e15cb23e2d4a3.nc
or_yb,2020-06-01T09:00:00,0afeb055cc6dc6d7350a424f802ffcf6.nc
ca_mb,2020-06-01T09:00:00,0bfb82e1f00742cd4a0904803bab701f.nc
bc_puget,2022-06-01T09:00:00,163645a9f5c9da1fdd3b34941f8612e6.nc
bc_puget,2021-06-01T09:00:00,1b843f401c0c578c458ad5b72b240a8c.nc
bc_hg,2022-06-01T09:00:00,2103413fe55278ddb78d90205bec8e38.nc
bc_ccnv,2021-06-01T09:00:00,21b743b5ce4dcbff072eb096898b6dec.nc
bc_hg,2024-06-01T09:00:00,221a2e0c4a74e155bf2b8149cb159fc9.nc
wa_wb,2019-06-01T09:00:00,266ce63cfd04d02401cec157dbf21b28.nc
bc_hg,2021-06-01T09:00:00,2bcdaa7c1fc129979874da52ac5b55bf.nc
ca_humboldt,2023-06-01T09:00:00,36d1015094602aa8965232297806eb56.nc
ca_la,2020-06-01T09:00:00,39c3e49abd1891338bf5e7fc14c6f2e8.nc
ca_nc,2019-06-01T09:00:00,39c539a4d940e089c21d65f69bae6562.nc
ak,2019-06-01T09:00:00,3dfe585f1cda3c11107dcc8950ee46f7.nc
wa_wb,2020-06-01T09:00:00,3f067b82452597cdf5f0c12caef11ada.nc
ca_la,2019-06-01T09:00:00,4c4ff2b756660bbbb9d92e2f1b63ad68.nc
bc_puget,2019-06-01T09:00:00,5c9357e05db583fe50daa62d4de003dc.nc
ca_sd,2024-06-01T09:00:00,5dfd2bcf2c1f4396ef47d5963927345d.nc
ca_humboldt,2021-06-01T09:00:00,5eaeb137cdbebb62bdaefeee65ff8357.nc
ca_nc,2022-06-01T09:00:00,66e636e93c14cc3d146e854364fc1f28.nc
ak,2022-06-01T09:00:00,6de6ff56f3cc6eae6c43baa4203d7af4.nc
ca_mb,2024-06-01T09:00:00,73fe884f43710a6b31aa01262305132e.nc
or_yb,2022-06-01T09:00:00,7994a6d9df66df7af153d5e4d2967644.nc
ca_sd,2020-06-01T09:00:00,7e7980ab43e09f566710f10c2d7adfb2.nc
bc_ccnv,2023-06-01T09:00:00,807745f2722ec1726c7602ba1aae73aa.nc
ca_nc,2023-06-01T09:00:00,8147610128c61a90100fbbcf113ee54d.nc
bc_hg,2023-06-01T09:00:00,852bc2b9e7a6c8d4fd9383b86cdc0d6d.nc
ca_mb,2022-06-01T09:00:00,853476ee94169982cbc0ccaba76856b7.nc
bc_ccnv,2019-06-01T09:00:00,857f1b9d7dad2f203dc30fc902a3305d.nc
ca_la,2021-06-01T09:00:00,880304b2348e8ba2e574c75a900c7470.nc
bc_puget,2023-06-01T09:00:00,8bf01510fe5aab44db3069b8a22ea1ce.nc
or_yb,2024-06-01T09:00:00,8c091daafc60c9a8e60d3ebb50c94ce8.nc
ca_humboldt,2022-06-01T09:00:00,8ec8c00519b6855cf0e98381fc0ca14d.nc
ca_la,2023-06-01T09:00:00,8f7de5bc9a19395373ee9c2bd2f07a9c.nc
ak,2021-06-01T09:00:00,940c6c56ac2ef71cab59af3482b2cd5e.nc
ca_nc,2020-06-01T09:00:00,967cc816fce8719a70755f6cd7a46072.nc
wa_wb,2021-06-01T09:00:00,9efd3aecb4d56dcb01eb26009bfcc7ae.nc
bc_ccnv,2022-06-01T09:00:00,9f0963305d82d8ce7160240a0fc36684.nc
wa_wb,2023-06-01T09:00:00,a049e0a8ed1f8ccf4d4430bd9220fdda.nc
wa_wb,2024-06-01T09:00:00,a30efd351c215beea4d8b87a1411914f.nc
ca_sd,2021-06-01T09:00:00,a64bfc62c020fae54e725e4ffb1aed2f.nc
ak,2020-06-01T09:00:00,ad90ae482fb542e4a1f0261abe4fd56b.nc
ca_mb,2019-06-01T09:00:00,b2c6c434761dd53b53fa6df9043ba87a.nc
ca_sd,2023-06-01T09:00:00,b3b42c427eaa38215d815c8f27fd20d4.nc
bc_hg,2020-06-01T09:00:00,bbdab387e9454f419897fc8b693cbc20.nc
bc_ccnv,2020-06-01T09:00:00,bd97013abc5ea6a2fcec35fca3e2e579.nc
or_yb,2023-06-01T09:00:00,c0aed49326ba36a69225dd82bd3a1917.nc
wa_wb,2022-06-01T09:00:00,c16ef62c29cb26a5e539abbe05941d05.nc
bc_ccnv,2024-06-01T09:00:00,c1c62c197214512a20728d97c9773e22.nc
bc_puget,2024-06-01T09:00:00,c2383316d5559373579edc36d864c421.nc
ca_la,2022-06-01T09:00:00,c636b6623709701b9b3b31abfcb4119b.nc
ca_sd,2022-06-01T09:00:00,c7a678d55a06759843e5d2813d1f7810.nc
ca_la,2024-06-01T09:00:00,c85402f67e9dd518fec06e2428a764f8.nc
or_yb,2021-06-01T09:00:00,d0a96692593cb103a198dd84ae2760ff.nc
bc_puget,2020-06-01T09:00:00,d31bcf57ad70d8c6fb6e404364213482.nc
ca_nc,2024-06-01T09:00:00,dd40a1ae6fc0ef799ba739c3622e643c.nc
ca_mb,2021-06-01T09:00:00,e1f240d47d33bb048f4b93f47813b323.nc
ca_nc,2021-06-01T09:00:00,e28235772e2caacb56e9241b00acff24.nc
ak,2024-06-01T09:00:00,e6418b9f3456c8d0260d559a7d25dc37.nc
ca_mb,2023-06-01T09:00:00,eb850b410c10f6f64d1655f8d1fc752f.nc
ca_humboldt,2024-06-01T09:00:00,ecea4a5db6e5dd2a50baaebf7a3129d0.nc
ca_humboldt,2020-06-01T09:00:00,f7f8dbda88376d38081abd70170e7604.nc
ca_sd,2019-06-01T09:00:00,f8a8c7b1a6bea6108b82f9457b75f67e.nc
ak,2023-06-01T09:00:00,f953e504fcc64726cb5decd5572670f0.nc
or_yb,2019-06-01T09:00:00,faa963a8a0db83ff4665788ae2d5afaf.nc
bc_hg,2019-06-01T09:00:00,ffc018019288c52fa4b76144360ca244.nc
