275	49070649	ASV1	47238340	0	3	3
126	23333722	ASV2	21988046	0	2	2
209	18612786	ASV3	16898199	0	3	3
38	11943159	ASV4	11425895	0	2	2
74	9727827	ASV5	9163591	0	3	3
51	7837380	ASV6	7694455	0	2	2
107	9200495	ASV7	6822575	0	3	3
63	7694996	ASV8	6777385	0	2	2
9	6039563	ASV9	6024113	0	2	2
47	5937108	ASV10	5321195	0	3	3
84	5376520	ASV11	4834044	0	4	4
178	4593523	ASV12	4347431	0	2	2
49	3453613	ASV13	3163423	0	3	3
75	3154386	ASV14	2979149	0	3	3
26	2779689	ASV15	2704330	0	2	2
74	4741283	ASV16	2442487	0	3	3
20	2485072	ASV17	2302416	0	2	2
19	2337447	ASV18	2251174	0	1	1
31	2174640	ASV19	2126741	0	2	2
10	2097157	ASV20	2033707	0	1	1
20	2227539	ASV22	1951337	0	2	2
22	1962534	ASV23	1946244	0	2	2
183	2418771	ASV24	1939498	0	3	3
20	2103741	ASV25	1738619	0	2	2
5	1796352	ASV26	1727578	0	1	1
18	1672305	ASV28	1643878	0	3	3
17	1833208	ASV29	1583616	0	2	2
24	1573360	ASV30	1530400	0	2	2
15	1606954	ASV31	1506110	0	2	2
23	1641497	ASV32	1426747	0	2	2
13	1418963	ASV33	1388105	0	1	1
13	1427129	ASV34	1352474	0	1	1
1	1284449	ASV35	1284449	0	0	0
14	1532815	ASV36	1281835	0	2	2
24	2905423	ASV37	1196199	0	2	2
9	1073355	ASV39	1043430	0	1	1
13	1003847	ASV40	993591	0	1	1
19	1422180	ASV41	848220	0	2	2
7	839593	ASV42	834450	0	1	1
16	977955	ASV43	814683	0	2	2
4	751160	ASV44	718324	0	1	1
6	704452	ASV45	691473	0	1	1
25	1281805	ASV46	656669	0	2	2
8	660183	ASV48	648764	0	1	1
1	648042	ASV49	648042	0	0	0
11	735944	ASV50	644068	0	2	2
1	633511	ASV51	633511	0	0	0
4	792710	ASV52	622304	0	1	1
9	982457	ASV53	619301	0	2	2
10	671940	ASV54	615685	0	2	2
6	609109	ASV55	585661	0	1	1
4	583585	ASV56	579179	0	1	1
7	576181	ASV58	571430	0	1	1
4	844431	ASV59	566745	0	1	1
4	562369	ASV60	561478	0	1	1
3	554880	ASV62	549856	0	1	1
7	992808	ASV63	516671	0	2	2
8	536409	ASV64	480992	0	2	2
7	477615	ASV66	471633	0	1	1
2	515542	ASV68	446997	0	1	1
25	465391	ASV69	446286	0	2	2
12	450244	ASV70	446139	0	1	1
1	435895	ASV71	435895	0	0	0
4	418322	ASV72	408840	0	1	1
9	405868	ASV73	392692	0	1	1
10	449435	ASV77	327672	0	2	2
3	327491	ASV78	326562	0	1	1
7	375567	ASV79	320208	0	1	1
3	318131	ASV80	315417	0	1	1
3	351757	ASV81	314742	0	1	1
8	314938	ASV82	308194	0	1	1
1	285092	ASV83	285092	0	0	0
1	274260	ASV84	274260	0	0	0
3	374510	ASV85	260723	0	1	1
6	348334	ASV86	257164	0	1	1
2	252863	ASV88	252505	0	1	1
2	230767	ASV89	230448	0	1	1
23	365035	ASV90	220780	0	3	3
2	202689	ASV94	202466	0	1	1
4	198951	ASV95	196332	0	1	1
5	193485	ASV98	191033	0	1	1
13	199419	ASV100	181948	0	2	2
4	423381	ASV101	180806	0	2	2
3	188390	ASV102	173741	0	1	1
2	152016	ASV112	150654	0	1	1
1	137859	ASV117	137859	0	0	0
1	136176	ASV119	136176	0	0	0
1	135579	ASV120	135579	0	0	0
1	134365	ASV121	134365	0	0	0
1	123541	ASV123	123541	0	0	0
2	118912	ASV126	118543	0	1	1
3	119241	ASV128	116785	0	1	1
3	117417	ASV129	115802	0	1	1
1	114978	ASV130	114978	0	0	0
1	113028	ASV131	113028	0	0	0
2	110226	ASV133	109410	0	1	1
3	201489	ASV136	108731	0	1	1
2	109496	ASV137	107454	0	1	1
3	124277	ASV138	105394	0	1	1
9	106765	ASV140	104123	0	1	1
3	101827	ASV142	99095	0	1	1
2	97964	ASV143	97461	0	1	1
5	135442	ASV145	95909	0	2	2
3	157911	ASV146	95871	0	1	1
4	92545	ASV149	91186	0	1	1
1	90877	ASV150	90877	0	0	0
6	97204	ASV151	90558	0	2	2
2	89994	ASV152	89472	0	1	1
1	86919	ASV154	86919	0	0	0
2	105753	ASV155	86254	0	1	1
5	136566	ASV156	85127	0	2	2
2	82748	ASV159	82634	0	1	1
4	77867	ASV165	74744	0	2	2
1	74569	ASV166	74569	0	0	0
13	203411	ASV168	74129	0	2	2
3	72583	ASV175	69869	0	1	1
1	69687	ASV176	69687	0	0	0
2	73575	ASV180	68296	0	1	1
1	66175	ASV182	66175	0	0	0
1	64222	ASV184	64222	0	0	0
1	59192	ASV195	59192	0	0	0
3	88394	ASV196	58785	0	2	2
1	56976	ASV197	56976	0	0	0
1	52548	ASV202	52548	0	0	0
1	51120	ASV204	51120	0	0	0
2	72095	ASV210	49392	0	1	1
6	59350	ASV211	49359	0	1	1
1	44212	ASV221	44212	0	0	0
4	48165	ASV223	43941	0	1	1
4	41684	ASV233	37728	0	2	2
1	37071	ASV235	37071	0	0	0
1	35092	ASV239	35092	0	0	0
1	35065	ASV240	35065	0	0	0
3	35197	ASV241	34915	0	1	1
1	34350	ASV243	34350	0	0	0
4	37833	ASV245	34092	0	1	1
5	61502	ASV252	30824	0	2	2
3	33112	ASV254	30333	0	1	1
2	31554	ASV255	30291	0	1	1
2	30838	ASV256	29918	0	1	1
2	28912	ASV261	28729	0	1	1
1	28554	ASV262	28554	0	0	0
1	28239	ASV266	28239	0	0	0
1	27249	ASV270	27249	0	0	0
2	28585	ASV274	25913	0	1	1
4	27438	ASV279	25541	0	2	2
1	25505	ASV280	25505	0	0	0
1	25357	ASV281	25357	0	0	0
1	24928	ASV283	24928	0	0	0
3	25722	ASV286	24414	0	2	2
1	23924	ASV288	23924	0	0	0
1	23742	ASV290	23742	0	0	0
1	22791	ASV296	22791	0	0	0
4	30204	ASV301	22418	0	1	1
3	26260	ASV302	22210	0	1	1
1	21422	ASV304	21422	0	0	0
1	20828	ASV306	20828	0	0	0
3	20989	ASV310	20138	0	1	1
2	21991	ASV312	19786	0	1	1
1	18259	ASV327	18259	0	0	0
7	20838	ASV329	18108	0	3	3
1	17399	ASV333	17399	0	0	0
1	17333	ASV334	17333	0	0	0
2	32539	ASV336	17219	0	1	1
1	16535	ASV343	16535	0	0	0
1	16231	ASV344	16231	0	0	0
2	16013	ASV346	15857	0	1	1
2	26756	ASV347	15827	0	1	1
1	15675	ASV348	15675	0	0	0
2	23667	ASV349	15480	0	1	1
2	16719	ASV351	15438	0	1	1
2	15286	ASV359	15047	0	1	1
3	15988	ASV361	15013	0	1	1
3	16319	ASV363	14918	0	1	1
4	15480	ASV365	14618	0	1	1
2	23711	ASV368	14487	0	1	1
1	14397	ASV369	14397	0	0	0
1	14395	ASV370	14395	0	0	0
1	14212	ASV372	14212	0	0	0
2	13870	ASV376	13695	0	1	1
1	13610	ASV378	13610	0	0	0
3	15794	ASV380	13533	0	1	1
1	13243	ASV385	13243	0	0	0
1	13234	ASV386	13234	0	0	0
1	13016	ASV388	13016	0	0	0
1	12995	ASV389	12995	0	0	0
1	12836	ASV391	12836	0	0	0
1	12676	ASV393	12676	0	0	0
1	12106	ASV398	12106	0	0	0
2	11984	ASV400	11950	0	1	1
1	11877	ASV401	11877	0	0	0
2	12020	ASV402	11859	0	1	1
1	11787	ASV404	11787	0	0	0
6	12463	ASV405	11778	0	1	1
1	11708	ASV406	11708	0	0	0
2	13572	ASV415	11290	0	1	1
4	14421	ASV420	11000	0	2	2
2	14039	ASV424	10770	0	1	1
1	10756	ASV426	10756	0	0	0
2	11033	ASV429	10562	0	1	1
1	10436	ASV431	10436	0	0	0
4	13536	ASV432	10388	0	1	1
2	10392	ASV438	10098	0	1	1
4	11315	ASV440	9992	0	1	1
1	9954	ASV441	9954	0	0	0
2	11018	ASV442	9941	0	1	1
1	9749	ASV446	9749	0	0	0
1	9395	ASV452	9395	0	0	0
1	9359	ASV454	9359	0	0	0
1	9302	ASV455	9302	0	0	0
1	9173	ASV459	9173	0	0	0
1	8804	ASV465	8804	0	0	0
4	10065	ASV467	8784	0	2	2
1	8708	ASV470	8708	0	0	0
2	11591	ASV472	8498	0	1	1
1	8467	ASV473	8467	0	0	0
1	8360	ASV477	8360	0	0	0
1	8268	ASV481	8268	0	0	0
1	7888	ASV489	7888	0	0	0
4	12346	ASV495	7832	0	2	2
2	8145	ASV496	7831	0	1	1
6	15968	ASV498	7769	0	2	2
1	7714	ASV500	7714	0	0	0
1	7546	ASV506	7546	0	0	0
1	7510	ASV509	7510	0	0	0
2	7598	ASV510	7450	0	1	1
1	7349	ASV513	7349	0	0	0
2	7199	ASV523	7102	0	1	1
2	7593	ASV525	7039	0	1	1
2	7346	ASV529	6985	0	1	1
1	6973	ASV531	6973	0	0	0
1	6970	ASV532	6970	0	0	0
1	6912	ASV534	6912	0	0	0
1	6852	ASV538	6852	0	0	0
1	6832	ASV540	6832	0	0	0
3	11090	ASV544	6739	0	1	1
1	6715	ASV548	6715	0	0	0
1	6546	ASV557	6546	0	0	0
1	6457	ASV559	6457	0	0	0
1	6373	ASV562	6373	0	0	0
4	10893	ASV565	6306	0	3	3
1	6200	ASV569	6200	0	0	0
1	6051	ASV572	6051	0	0	0
2	9567	ASV574	5993	0	1	1
1	5984	ASV575	5984	0	0	0
1	5935	ASV579	5935	0	0	0
1	5817	ASV585	5817	0	0	0
2	6912	ASV587	5812	0	1	1
2	5900	ASV589	5745	0	1	1
1	5738	ASV590	5738	0	0	0
1	5695	ASV592	5695	0	0	0
1	5682	ASV594	5682	0	0	0
4	6973	ASV597	5659	0	2	2
2	6668	ASV598	5615	0	1	1
2	5763	ASV602	5568	0	1	1
1	5358	ASV614	5358	0	0	0
1	5310	ASV615	5310	0	0	0
1	5204	ASV620	5204	0	0	0
1	5182	ASV621	5182	0	0	0
1	5157	ASV626	5157	0	0	0
1	5120	ASV629	5120	0	0	0
1	5031	ASV635	5031	0	0	0
1	4884	ASV644	4884	0	0	0
1	4883	ASV645	4883	0	0	0
1	4821	ASV647	4821	0	0	0
1	4813	ASV648	4813	0	0	0
3	5586	ASV651	4789	0	1	1
2	5134	ASV653	4777	0	1	1
1	4731	ASV658	4731	0	0	0
1	4602	ASV669	4602	0	0	0
1	4566	ASV676	4566	0	0	0
1	4511	ASV680	4511	0	0	0
1	4496	ASV682	4496	0	0	0
2	4539	ASV683	4492	0	1	1
1	4478	ASV684	4478	0	0	0
1	4476	ASV685	4476	0	0	0
2	4984	ASV687	4410	0	1	1
1	4407	ASV688	4407	0	0	0
3	5550	ASV689	4395	0	1	1
1	4263	ASV699	4263	0	0	0
1	4237	ASV704	4237	0	0	0
1	4223	ASV705	4223	0	0	0
1	4161	ASV710	4161	0	0	0
1	4152	ASV711	4152	0	0	0
1	4055	ASV719	4055	0	0	0
1	4010	ASV721	4010	0	0	0
5	4891	ASV722	3999	0	1	1
1	3929	ASV727	3929	0	0	0
2	4437	ASV730	3880	0	1	1
1	3862	ASV734	3862	0	0	0
1	3857	ASV736	3857	0	0	0
2	4131	ASV741	3839	0	1	1
1	3811	ASV746	3811	0	0	0
2	4930	ASV748	3809	0	1	1
1	3790	ASV751	3790	0	0	0
1	3764	ASV753	3764	0	0	0
3	4935	ASV772	3666	0	1	1
2	4232	ASV775	3650	0	1	1
1	3613	ASV780	3613	0	0	0
1	3607	ASV781	3607	0	0	0
1	3602	ASV782	3602	0	0	0
1	3596	ASV783	3596	0	0	0
1	3592	ASV784	3592	0	0	0
1	3553	ASV788	3553	0	0	0
1	3510	ASV794	3510	0	0	0
1	3487	ASV797	3487	0	0	0
1	3465	ASV799	3465	0	0	0
2	3590	ASV801	3453	0	1	1
1	3437	ASV804	3437	0	0	0
1	3423	ASV805	3423	0	0	0
2	3871	ASV807	3407	0	1	1
1	3394	ASV810	3394	0	0	0
3	4444	ASV812	3386	0	2	2
1	3382	ASV813	3382	0	0	0
1	3372	ASV815	3372	0	0	0
1	3367	ASV816	3367	0	0	0
1	3293	ASV825	3293	0	0	0
4	3785	ASV827	3291	0	3	3
1	3252	ASV833	3252	0	0	0
1	3247	ASV834	3247	0	0	0
1	3247	ASV835	3247	0	0	0
4	3996	ASV837	3245	0	2	2
1	3213	ASV840	3213	0	0	0
2	3959	ASV844	3188	0	1	1
1	3187	ASV845	3187	0	0	0
4	7951	ASV846	3179	0	1	1
2	3280	ASV850	3157	0	1	1
1	3146	ASV852	3146	0	0	0
1	3137	ASV854	3137	0	0	0
2	4612	ASV856	3118	0	1	1
1	3096	ASV859	3096	0	0	0
1	3081	ASV863	3081	0	0	0
2	3175	ASV866	3068	0	1	1
2	3200	ASV867	3067	0	1	1
1	3051	ASV870	3051	0	0	0
1	3035	ASV872	3035	0	0	0
1	3020	ASV877	3020	0	0	0
4	6168	ASV879	3017	0	1	1
1	3009	ASV880	3009	0	0	0
1	2982	ASV882	2982	0	0	0
3	4490	ASV889	2951	0	1	1
1	2951	ASV890	2951	0	0	0
1	2950	ASV891	2950	0	0	0
1	2942	ASV892	2942	0	0	0
1	2913	ASV895	2913	0	0	0
1	2827	ASV905	2827	0	0	0
1	2826	ASV907	2826	0	0	0
1	2810	ASV911	2810	0	0	0
1	2809	ASV912	2809	0	0	0
1	2805	ASV913	2805	0	0	0
1	2797	ASV914	2797	0	0	0
1	2781	ASV916	2781	0	0	0
1	2745	ASV920	2745	0	0	0
3	5485	ASV922	2729	0	2	2
1	2728	ASV923	2728	0	0	0
1	2721	ASV924	2721	0	0	0
1	2699	ASV928	2699	0	0	0
1	2695	ASV929	2695	0	0	0
5	3732	ASV932	2680	0	2	2
1	2671	ASV936	2671	0	0	0
1	2661	ASV938	2661	0	0	0
4	3446	ASV940	2648	0	2	2
2	2747	ASV941	2643	0	1	1
1	2635	ASV943	2635	0	0	0
2	3398	ASV945	2627	0	1	1
2	2605	ASV950	2602	0	1	1
1	2596	ASV952	2596	0	0	0
2	2878	ASV956	2589	0	1	1
2	3882	ASV963	2541	0	1	1
1	2538	ASV965	2538	0	0	0
1	2538	ASV966	2538	0	0	0
2	2601	ASV973	2511	0	1	1
1	2499	ASV977	2499	0	0	0
1	2498	ASV978	2498	0	0	0
1	2494	ASV979	2494	0	0	0
2	3363	ASV980	2493	0	1	1
1	2486	ASV983	2486	0	0	0
2	2846	ASV984	2476	0	1	1
1	2464	ASV988	2464	0	0	0
1	2462	ASV989	2462	0	0	0
1	2451	ASV991	2451	0	0	0
2	2819	ASV992	2450	0	1	1
1	2409	ASV998	2409	0	0	0
1	2408	ASV999	2408	0	0	0
1	2403	ASV1001	2403	0	0	0
1	2400	ASV1003	2400	0	0	0
1	2399	ASV1005	2399	0	0	0
1	2390	ASV1008	2390	0	0	0
2	4621	ASV1012	2375	0	1	1
1	2356	ASV1017	2356	0	0	0
1	2321	ASV1024	2321	0	0	0
2	2375	ASV1026	2309	0	1	1
1	2306	ASV1027	2306	0	0	0
1	2274	ASV1032	2274	0	0	0
3	3539	ASV1033	2271	0	2	2
1	2256	ASV1038	2256	0	0	0
1	2252	ASV1039	2252	0	0	0
2	2515	ASV1042	2246	0	1	1
1	2245	ASV1043	2245	0	0	0
1	2243	ASV1044	2243	0	0	0
1	2236	ASV1047	2236	0	0	0
1	2218	ASV1049	2218	0	0	0
1	2217	ASV1050	2217	0	0	0
1	2201	ASV1055	2201	0	0	0
1	2187	ASV1059	2187	0	0	0
1	2170	ASV1063	2170	0	0	0
5	2548	ASV1065	2169	0	2	2
1	2154	ASV1067	2154	0	0	0
1	2150	ASV1069	2150	0	0	0
1	2126	ASV1076	2126	0	0	0
1	2119	ASV1078	2119	0	0	0
2	2290	ASV1079	2110	0	1	1
1	2101	ASV1083	2101	0	0	0
1	2086	ASV1085	2086	0	0	0
1	2071	ASV1089	2071	0	0	0
1	2069	ASV1090	2069	0	0	0
1	2068	ASV1091	2068	0	0	0
2	2204	ASV1098	2046	0	1	1
1	2033	ASV1100	2033	0	0	0
1	2033	ASV1101	2033	0	0	0
5	2361	ASV1112	1993	0	1	1
1	1985	ASV1113	1985	0	0	0
1	1980	ASV1117	1980	0	0	0
1	1975	ASV1119	1975	0	0	0
1	1963	ASV1122	1963	0	0	0
3	2167	ASV1125	1956	0	1	1
2	2197	ASV1127	1951	0	1	1
1	1951	ASV1128	1951	0	0	0
1	1930	ASV1134	1930	0	0	0
1	1917	ASV1140	1917	0	0	0
1	1904	ASV1144	1904	0	0	0
1	1893	ASV1149	1893	0	0	0
1	1875	ASV1155	1875	0	0	0
1	1864	ASV1157	1864	0	0	0
1	1862	ASV1158	1862	0	0	0
1	1862	ASV1159	1862	0	0	0
1	1850	ASV1162	1850	0	0	0
2	1830	ASV1169	1820	0	1	1
1	1819	ASV1170	1819	0	0	0
1	1806	ASV1173	1806	0	0	0
1	1802	ASV1178	1802	0	0	0
1	1796	ASV1181	1796	0	0	0
1	1782	ASV1187	1782	0	0	0
1	1774	ASV1190	1774	0	0	0
1	1768	ASV1191	1768	0	0	0
1	1760	ASV1194	1760	0	0	0
1	1755	ASV1196	1755	0	0	0
1	1752	ASV1197	1752	0	0	0
1	1744	ASV1199	1744	0	0	0
2	1877	ASV1207	1722	0	1	1
1	1722	ASV1208	1722	0	0	0
1	1702	ASV1219	1702	0	0	0
1	1689	ASV1223	1689	0	0	0
1	1679	ASV1228	1679	0	0	0
1	1641	ASV1233	1641	0	0	0
1	1637	ASV1235	1637	0	0	0
2	1880	ASV1236	1637	0	1	1
1	1636	ASV1237	1636	0	0	0
1	1632	ASV1241	1632	0	0	0
1	1631	ASV1242	1631	0	0	0
1	1619	ASV1243	1619	0	0	0
1	1611	ASV1250	1611	0	0	0
1	1607	ASV1252	1607	0	0	0
1	1602	ASV1255	1602	0	0	0
1	1591	ASV1259	1591	0	0	0
1	1589	ASV1260	1589	0	0	0
1	1588	ASV1261	1588	0	0	0
2	3044	ASV1262	1587	0	1	1
1	1580	ASV1266	1580	0	0	0
1	1569	ASV1270	1569	0	0	0
2	2367	ASV1272	1563	0	1	1
1	1561	ASV1273	1561	0	0	0
1	1555	ASV1275	1555	0	0	0
1	1533	ASV1283	1533	0	0	0
1	1515	ASV1291	1515	0	0	0
1	1512	ASV1294	1512	0	0	0
1	1499	ASV1297	1499	0	0	0
1	1496	ASV1298	1496	0	0	0
1	1490	ASV1300	1490	0	0	0
1	1487	ASV1301	1487	0	0	0
1	1449	ASV1316	1449	0	0	0
1	1447	ASV1319	1447	0	0	0
1	1427	ASV1325	1427	0	0	0
1	1424	ASV1328	1424	0	0	0
1	1423	ASV1329	1423	0	0	0
1	1421	ASV1331	1421	0	0	0
3	2134	ASV1336	1415	0	1	1
1	1410	ASV1340	1410	0	0	0
2	2261	ASV1342	1404	0	1	1
1	1402	ASV1343	1402	0	0	0
1	1381	ASV1352	1381	0	0	0
1	1378	ASV1353	1378	0	0	0
1	1377	ASV1356	1377	0	0	0
1	1371	ASV1358	1371	0	0	0
1	1370	ASV1359	1370	0	0	0
1	1357	ASV1364	1357	0	0	0
1	1357	ASV1365	1357	0	0	0
1	1353	ASV1367	1353	0	0	0
1	1344	ASV1368	1344	0	0	0
1	1342	ASV1371	1342	0	0	0
1	1339	ASV1375	1339	0	0	0
1	1334	ASV1377	1334	0	0	0
1	1332	ASV1378	1332	0	0	0
1	1327	ASV1380	1327	0	0	0
2	1346	ASV1385	1319	0	1	1
2	1720	ASV1388	1314	0	1	1
1	1310	ASV1390	1310	0	0	0
1	1308	ASV1393	1308	0	0	0
1	1306	ASV1395	1306	0	0	0
1	1300	ASV1397	1300	0	0	0
1	1291	ASV1401	1291	0	0	0
1	1290	ASV1402	1290	0	0	0
3	1888	ASV1404	1288	0	2	2
1	1287	ASV1405	1287	0	0	0
3	2418	ASV1426	1262	0	2	2
2	1666	ASV1429	1260	0	1	1
2	2366	ASV1430	1259	0	1	1
2	2435	ASV1435	1256	0	1	1
1	1246	ASV1441	1246	0	0	0
1	1216	ASV1455	1216	0	0	0
1	1213	ASV1458	1213	0	0	0
1	1212	ASV1459	1212	0	0	0
1	1211	ASV1460	1211	0	0	0
1	1210	ASV1461	1210	0	0	0
1	1210	ASV1462	1210	0	0	0
1	1210	ASV1463	1210	0	0	0
1	1199	ASV1469	1199	0	0	0
1	1194	ASV1474	1194	0	0	0
1	1192	ASV1476	1192	0	0	0
1	1190	ASV1477	1190	0	0	0
3	1909	ASV1480	1189	0	2	2
1	1181	ASV1484	1181	0	0	0
1	1180	ASV1485	1180	0	0	0
2	1306	ASV1486	1179	0	1	1
1	1176	ASV1490	1176	0	0	0
1	1171	ASV1494	1171	0	0	0
1	1162	ASV1500	1162	0	0	0
1	1152	ASV1505	1152	0	0	0
1	1150	ASV1508	1150	0	0	0
1	1146	ASV1512	1146	0	0	0
1	1145	ASV1513	1145	0	0	0
2	1155	ASV1514	1143	0	1	1
1	1141	ASV1515	1141	0	0	0
2	1240	ASV1518	1138	0	1	1
1	1133	ASV1521	1133	0	0	0
2	1461	ASV1523	1132	0	1	1
1	1132	ASV1524	1132	0	0	0
3	1434	ASV1525	1130	0	1	1
1	1129	ASV1527	1129	0	0	0
1	1121	ASV1529	1121	0	0	0
1	1117	ASV1533	1117	0	0	0
1	1114	ASV1538	1114	0	0	0
1	1105	ASV1542	1105	0	0	0
1	1096	ASV1549	1096	0	0	0
1	1094	ASV1554	1094	0	0	0
1	1082	ASV1557	1082	0	0	0
1	1073	ASV1563	1073	0	0	0
1	1072	ASV1564	1072	0	0	0
1	1062	ASV1569	1062	0	0	0
1	1056	ASV1573	1056	0	0	0
1	1053	ASV1577	1053	0	0	0
1	1049	ASV1581	1049	0	0	0
1	1048	ASV1584	1048	0	0	0
1	1042	ASV1589	1042	0	0	0
1	1039	ASV1594	1039	0	0	0
1	1032	ASV1596	1032	0	0	0
1	1031	ASV1597	1031	0	0	0
1	1031	ASV1598	1031	0	0	0
1	1027	ASV1603	1027	0	0	0
1	1026	ASV1605	1026	0	0	0
1	1024	ASV1606	1024	0	0	0
1	1009	ASV1613	1009	0	0	0
1	1008	ASV1614	1008	0	0	0
1	1003	ASV1616	1003	0	0	0
1	998	ASV1618	998	0	0	0
1	996	ASV1621	996	0	0	0
1	995	ASV1622	995	0	0	0
1	995	ASV1623	995	0	0	0
1	992	ASV1625	992	0	0	0
2	1421	ASV1630	988	0	1	1
1	983	ASV1636	983	0	0	0
2	1573	ASV1637	983	0	1	1
1	976	ASV1639	976	0	0	0
1	974	ASV1642	974	0	0	0
1	966	ASV1645	966	0	0	0
1	960	ASV1648	960	0	0	0
1	951	ASV1652	951	0	0	0
1	949	ASV1655	949	0	0	0
1	947	ASV1657	947	0	0	0
1	947	ASV1658	947	0	0	0
1	941	ASV1661	941	0	0	0
3	1405	ASV1664	939	0	1	1
1	938	ASV1666	938	0	0	0
1	937	ASV1667	937	0	0	0
1	936	ASV1668	936	0	0	0
1	936	ASV1669	936	0	0	0
1	933	ASV1671	933	0	0	0
1	930	ASV1675	930	0	0	0
1	923	ASV1680	923	0	0	0
1	916	ASV1689	916	0	0	0
1	909	ASV1692	909	0	0	0
1	904	ASV1698	904	0	0	0
2	1325	ASV1699	904	0	1	1
1	898	ASV1702	898	0	0	0
1	897	ASV1704	897	0	0	0
1	896	ASV1706	896	0	0	0
1	895	ASV1707	895	0	0	0
2	1105	ASV1709	892	0	1	1
1	888	ASV1712	888	0	0	0
1	883	ASV1719	883	0	0	0
1	883	ASV1721	883	0	0	0
1	882	ASV1722	882	0	0	0
1	881	ASV1723	881	0	0	0
1	879	ASV1725	879	0	0	0
1	879	ASV1726	879	0	0	0
2	1698	ASV1735	871	0	1	1
1	869	ASV1740	869	0	0	0
1	866	ASV1744	866	0	0	0
1	866	ASV1745	866	0	0	0
1	865	ASV1746	865	0	0	0
1	864	ASV1749	864	0	0	0
1	862	ASV1750	862	0	0	0
1	862	ASV1751	862	0	0	0
1	859	ASV1753	859	0	0	0
1	857	ASV1755	857	0	0	0
1	856	ASV1758	856	0	0	0
1	855	ASV1759	855	0	0	0
1	854	ASV1761	854	0	0	0
1	853	ASV1762	853	0	0	0
1	849	ASV1765	849	0	0	0
1	842	ASV1771	842	0	0	0
1	840	ASV1773	840	0	0	0
1	838	ASV1775	838	0	0	0
1	836	ASV1777	836	0	0	0
1	836	ASV1778	836	0	0	0
1	835	ASV1779	835	0	0	0
1	834	ASV1781	834	0	0	0
1	827	ASV1789	827	0	0	0
1	827	ASV1791	827	0	0	0
1	824	ASV1793	824	0	0	0
1	823	ASV1795	823	0	0	0
1	821	ASV1798	821	0	0	0
3	1523	ASV1803	819	0	2	2
1	814	ASV1806	814	0	0	0
1	810	ASV1809	810	0	0	0
1	808	ASV1811	808	0	0	0
1	807	ASV1813	807	0	0	0
1	802	ASV1816	802	0	0	0
1	801	ASV1817	801	0	0	0
1	801	ASV1818	801	0	0	0
1	801	ASV1819	801	0	0	0
1	801	ASV1820	801	0	0	0
1	800	ASV1821	800	0	0	0
1	800	ASV1822	800	0	0	0
1	800	ASV1823	800	0	0	0
1	795	ASV1828	795	0	0	0
1	795	ASV1829	795	0	0	0
1	792	ASV1831	792	0	0	0
1	790	ASV1832	790	0	0	0
2	1163	ASV1836	788	0	1	1
1	786	ASV1837	786	0	0	0
1	785	ASV1838	785	0	0	0
1	771	ASV1855	771	0	0	0
1	766	ASV1862	766	0	0	0
1	763	ASV1866	763	0	0	0
1	757	ASV1872	757	0	0	0
1	757	ASV1873	757	0	0	0
1	755	ASV1876	755	0	0	0
1	753	ASV1878	753	0	0	0
1	750	ASV1879	750	0	0	0
1	748	ASV1881	748	0	0	0
1	746	ASV1884	746	0	0	0
1	742	ASV1886	742	0	0	0
1	734	ASV1895	734	0	0	0
1	733	ASV1896	733	0	0	0
1	732	ASV1899	732	0	0	0
1	725	ASV1912	725	0	0	0
1	724	ASV1916	724	0	0	0
1	724	ASV1917	724	0	0	0
1	723	ASV1918	723	0	0	0
1	723	ASV1921	723	0	0	0
1	722	ASV1923	722	0	0	0
1	720	ASV1925	720	0	0	0
1	720	ASV1927	720	0	0	0
1	717	ASV1929	717	0	0	0
1	714	ASV1933	714	0	0	0
1	711	ASV1934	711	0	0	0
1	711	ASV1935	711	0	0	0
1	710	ASV1938	710	0	0	0
1	709	ASV1940	709	0	0	0
2	749	ASV1944	707	0	1	1
3	1296	ASV1949	705	0	2	2
1	704	ASV1952	704	0	0	0
1	703	ASV1953	703	0	0	0
1	699	ASV1957	699	0	0	0
1	699	ASV1958	699	0	0	0
1	697	ASV1959	697	0	0	0
2	793	ASV1960	696	0	1	1
1	695	ASV1961	695	0	0	0
1	692	ASV1966	692	0	0	0
1	690	ASV1969	690	0	0	0
1	688	ASV1972	688	0	0	0
2	909	ASV1976	686	0	1	1
2	1298	ASV1977	686	0	1	1
1	685	ASV1978	685	0	0	0
1	684	ASV1979	684	0	0	0
1	683	ASV1981	683	0	0	0
1	682	ASV1983	682	0	0	0
1	682	ASV1984	682	0	0	0
1	679	ASV1986	679	0	0	0
2	748	ASV1987	679	0	1	1
1	676	ASV1991	676	0	0	0
1	671	ASV1997	671	0	0	0
1	668	ASV2001	668	0	0	0
1	668	ASV2003	668	0	0	0
1	665	ASV2009	665	0	0	0
1	659	ASV2015	659	0	0	0
1	659	ASV2016	659	0	0	0
1	658	ASV2018	658	0	0	0
1	650	ASV2025	650	0	0	0
1	649	ASV2027	649	0	0	0
1	649	ASV2028	649	0	0	0
1	646	ASV2032	646	0	0	0
1	644	ASV2036	644	0	0	0
1	644	ASV2037	644	0	0	0
1	643	ASV2038	643	0	0	0
1	642	ASV2039	642	0	0	0
2	1028	ASV2042	640	0	1	1
1	638	ASV2043	638	0	0	0
1	637	ASV2044	637	0	0	0
2	1098	ASV2048	634	0	1	1
1	631	ASV2052	631	0	0	0
1	630	ASV2055	630	0	0	0
1	629	ASV2057	629	0	0	0
1	629	ASV2058	629	0	0	0
1	628	ASV2061	628	0	0	0
1	627	ASV2064	627	0	0	0
1	627	ASV2065	627	0	0	0
1	626	ASV2067	626	0	0	0
1	625	ASV2070	625	0	0	0
1	624	ASV2072	624	0	0	0
1	623	ASV2074	623	0	0	0
1	623	ASV2075	623	0	0	0
1	617	ASV2079	617	0	0	0
3	748	ASV2085	615	0	1	1
2	740	ASV2086	615	0	1	1
1	612	ASV2089	612	0	0	0
1	610	ASV2091	610	0	0	0
1	610	ASV2092	610	0	0	0
1	609	ASV2093	609	0	0	0
1	608	ASV2094	608	0	0	0
1	607	ASV2095	607	0	0	0
1	607	ASV2096	607	0	0	0
1	607	ASV2097	607	0	0	0
2	933	ASV2102	605	0	1	1
1	605	ASV2103	605	0	0	0
1	603	ASV2107	603	0	0	0
1	602	ASV2108	602	0	0	0
1	602	ASV2109	602	0	0	0
1	601	ASV2110	601	0	0	0
1	601	ASV2112	601	0	0	0
1	595	ASV2121	595	0	0	0
1	594	ASV2123	594	0	0	0
1	593	ASV2124	593	0	0	0
1	592	ASV2128	592	0	0	0
2	691	ASV2133	588	0	1	1
1	586	ASV2136	586	0	0	0
1	586	ASV2137	586	0	0	0
1	583	ASV2138	583	0	0	0
1	582	ASV2142	582	0	0	0
1	578	ASV2147	578	0	0	0
3	896	ASV2149	577	0	2	2
1	572	ASV2157	572	0	0	0
1	571	ASV2158	571	0	0	0
1	571	ASV2159	571	0	0	0
2	1053	ASV2160	571	0	1	1
1	569	ASV2163	569	0	0	0
2	1113	ASV2169	567	0	1	1
1	566	ASV2174	566	0	0	0
1	562	ASV2179	562	0	0	0
2	998	ASV2181	561	0	1	1
1	558	ASV2188	558	0	0	0
1	557	ASV2192	557	0	0	0
1	556	ASV2193	556	0	0	0
1	552	ASV2200	552	0	0	0
1	552	ASV2201	552	0	0	0
1	551	ASV2205	551	0	0	0
1	549	ASV2208	549	0	0	0
1	548	ASV2213	548	0	0	0
1	546	ASV2215	546	0	0	0
1	545	ASV2217	545	0	0	0
1	544	ASV2218	544	0	0	0
1	544	ASV2220	544	0	0	0
1	544	ASV2221	544	0	0	0
1	542	ASV2224	542	0	0	0
1	538	ASV2234	538	0	0	0
1	537	ASV2235	537	0	0	0
2	708	ASV2239	534	0	1	1
1	532	ASV2244	532	0	0	0
1	529	ASV2249	529	0	0	0
1	528	ASV2255	528	0	0	0
1	527	ASV2257	527	0	0	0
1	526	ASV2259	526	0	0	0
1	525	ASV2264	525	0	0	0
1	525	ASV2265	525	0	0	0
1	523	ASV2266	523	0	0	0
1	523	ASV2269	523	0	0	0
1	523	ASV2270	523	0	0	0
1	523	ASV2271	523	0	0	0
1	522	ASV2275	522	0	0	0
1	515	ASV2287	515	0	0	0
1	515	ASV2288	515	0	0	0
1	514	ASV2289	514	0	0	0
1	511	ASV2295	511	0	0	0
1	509	ASV2297	509	0	0	0
1	507	ASV2300	507	0	0	0
1	507	ASV2301	507	0	0	0
1	505	ASV2304	505	0	0	0
1	503	ASV2310	503	0	0	0
1	502	ASV2313	502	0	0	0
1	501	ASV2314	501	0	0	0
1	501	ASV2316	501	0	0	0
2	808	ASV2319	500	0	1	1
1	499	ASV2320	499	0	0	0
1	497	ASV2323	497	0	0	0
1	494	ASV2328	494	0	0	0
1	493	ASV2330	493	0	0	0
1	493	ASV2331	493	0	0	0
1	493	ASV2333	493	0	0	0
1	492	ASV2336	492	0	0	0
1	492	ASV2337	492	0	0	0
1	490	ASV2344	490	0	0	0
1	487	ASV2350	487	0	0	0
1	487	ASV2351	487	0	0	0
1	487	ASV2352	487	0	0	0
2	494	ASV2362	482	0	1	1
1	481	ASV2363	481	0	0	0
1	481	ASV2366	481	0	0	0
1	478	ASV2373	478	0	0	0
1	477	ASV2374	477	0	0	0
1	475	ASV2379	475	0	0	0
1	475	ASV2380	475	0	0	0
1	474	ASV2381	474	0	0	0
1	473	ASV2383	473	0	0	0
1	471	ASV2386	471	0	0	0
1	471	ASV2390	471	0	0	0
1	469	ASV2392	469	0	0	0
1	469	ASV2394	469	0	0	0
1	469	ASV2395	469	0	0	0
1	468	ASV2396	468	0	0	0
1	467	ASV2401	467	0	0	0
1	463	ASV2409	463	0	0	0
1	462	ASV2413	462	0	0	0
2	565	ASV2414	462	0	1	1
1	461	ASV2418	461	0	0	0
1	458	ASV2423	458	0	0	0
1	456	ASV2429	456	0	0	0
1	455	ASV2432	455	0	0	0
1	454	ASV2434	454	0	0	0
2	499	ASV2435	454	0	1	1
1	453	ASV2438	453	0	0	0
1	452	ASV2440	452	0	0	0
1	452	ASV2442	452	0	0	0
1	451	ASV2444	451	0	0	0
1	451	ASV2445	451	0	0	0
1	450	ASV2446	450	0	0	0
1	447	ASV2449	447	0	0	0
1	447	ASV2450	447	0	0	0
2	454	ASV2454	445	0	1	1
1	444	ASV2458	444	0	0	0
2	649	ASV2463	441	0	1	1
2	737	ASV2470	438	0	1	1
3	718	ASV2473	438	0	1	1
1	437	ASV2476	437	0	0	0
1	434	ASV2484	434	0	0	0
1	433	ASV2486	433	0	0	0
1	433	ASV2487	433	0	0	0
1	431	ASV2492	431	0	0	0
1	430	ASV2493	430	0	0	0
1	429	ASV2498	429	0	0	0
1	428	ASV2499	428	0	0	0
2	819	ASV2501	428	0	1	1
1	427	ASV2504	427	0	0	0
1	426	ASV2506	426	0	0	0
1	425	ASV2508	425	0	0	0
1	424	ASV2514	424	0	0	0
1	421	ASV2517	421	0	0	0
2	473	ASV2520	421	0	1	1
1	421	ASV2521	421	0	0	0
1	419	ASV2528	419	0	0	0
1	418	ASV2531	418	0	0	0
2	477	ASV2532	418	0	1	1
1	417	ASV2537	417	0	0	0
1	416	ASV2539	416	0	0	0
1	416	ASV2541	416	0	0	0
1	416	ASV2542	416	0	0	0
1	413	ASV2552	413	0	0	0
1	413	ASV2553	413	0	0	0
1	413	ASV2554	413	0	0	0
1	412	ASV2555	412	0	0	0
1	412	ASV2556	412	0	0	0
1	412	ASV2557	412	0	0	0
1	410	ASV2563	410	0	0	0
1	409	ASV2565	409	0	0	0
1	408	ASV2566	408	0	0	0
1	405	ASV2578	405	0	0	0
2	565	ASV2579	405	0	1	1
1	404	ASV2580	404	0	0	0
1	404	ASV2583	404	0	0	0
1	404	ASV2584	404	0	0	0
1	403	ASV2586	403	0	0	0
1	402	ASV2588	402	0	0	0
1	401	ASV2589	401	0	0	0
1	400	ASV2593	400	0	0	0
1	400	ASV2595	400	0	0	0
1	397	ASV2599	397	0	0	0
1	395	ASV2602	395	0	0	0
1	394	ASV2604	394	0	0	0
1	393	ASV2608	393	0	0	0
1	393	ASV2609	393	0	0	0
1	390	ASV2615	390	0	0	0
2	410	ASV2617	389	0	1	1
2	468	ASV2622	387	0	1	1
1	387	ASV2623	387	0	0	0
1	387	ASV2624	387	0	0	0
1	387	ASV2625	387	0	0	0
1	387	ASV2626	387	0	0	0
1	386	ASV2627	386	0	0	0
1	386	ASV2630	386	0	0	0
1	384	ASV2635	384	0	0	0
1	384	ASV2637	384	0	0	0
1	384	ASV2639	384	0	0	0
1	383	ASV2640	383	0	0	0
1	382	ASV2645	382	0	0	0
4	861	ASV2646	381	0	2	2
1	380	ASV2648	380	0	0	0
1	380	ASV2651	380	0	0	0
1	378	ASV2654	378	0	0	0
1	377	ASV2657	377	0	0	0
1	377	ASV2658	377	0	0	0
1	377	ASV2659	377	0	0	0
1	376	ASV2661	376	0	0	0
1	376	ASV2662	376	0	0	0
1	375	ASV2665	375	0	0	0
1	373	ASV2675	373	0	0	0
1	372	ASV2676	372	0	0	0
1	372	ASV2678	372	0	0	0
1	371	ASV2680	371	0	0	0
1	371	ASV2681	371	0	0	0
1	370	ASV2684	370	0	0	0
1	370	ASV2685	370	0	0	0
1	369	ASV2692	369	0	0	0
1	368	ASV2693	368	0	0	0
1	368	ASV2694	368	0	0	0
1	367	ASV2700	367	0	0	0
1	366	ASV2702	366	0	0	0
1	366	ASV2703	366	0	0	0
1	364	ASV2706	364	0	0	0
1	364	ASV2707	364	0	0	0
1	363	ASV2710	363	0	0	0
1	363	ASV2711	363	0	0	0
1	362	ASV2712	362	0	0	0
1	362	ASV2714	362	0	0	0
1	360	ASV2721	360	0	0	0
1	359	ASV2723	359	0	0	0
1	359	ASV2724	359	0	0	0
1	358	ASV2728	358	0	0	0
1	358	ASV2730	358	0	0	0
1	354	ASV2739	354	0	0	0
1	353	ASV2742	353	0	0	0
1	353	ASV2743	353	0	0	0
1	353	ASV2744	353	0	0	0
1	351	ASV2749	351	0	0	0
1	350	ASV2750	350	0	0	0
1	350	ASV2752	350	0	0	0
1	350	ASV2755	350	0	0	0
1	348	ASV2766	348	0	0	0
3	598	ASV2769	347	0	1	1
2	566	ASV2770	347	0	1	1
1	346	ASV2772	346	0	0	0
1	345	ASV2774	345	0	0	0
1	343	ASV2780	343	0	0	0
2	404	ASV2781	343	0	1	1
1	343	ASV2782	343	0	0	0
1	343	ASV2783	343	0	0	0
1	341	ASV2785	341	0	0	0
1	340	ASV2786	340	0	0	0
1	340	ASV2789	340	0	0	0
1	340	ASV2790	340	0	0	0
1	340	ASV2791	340	0	0	0
1	340	ASV2792	340	0	0	0
1	339	ASV2794	339	0	0	0
1	339	ASV2796	339	0	0	0
1	338	ASV2799	338	0	0	0
1	338	ASV2801	338	0	0	0
1	337	ASV2802	337	0	0	0
1	337	ASV2805	337	0	0	0
2	595	ASV2807	337	0	1	1
1	336	ASV2808	336	0	0	0
1	335	ASV2814	335	0	0	0
1	334	ASV2815	334	0	0	0
1	332	ASV2824	332	0	0	0
1	332	ASV2825	332	0	0	0
1	330	ASV2831	330	0	0	0
1	330	ASV2833	330	0	0	0
1	329	ASV2836	329	0	0	0
1	328	ASV2841	328	0	0	0
1	328	ASV2844	328	0	0	0
1	328	ASV2845	328	0	0	0
1	327	ASV2846	327	0	0	0
1	325	ASV2852	325	0	0	0
1	325	ASV2853	325	0	0	0
1	323	ASV2858	323	0	0	0
1	323	ASV2859	323	0	0	0
1	322	ASV2862	322	0	0	0
1	322	ASV2863	322	0	0	0
1	321	ASV2866	321	0	0	0
1	321	ASV2867	321	0	0	0
1	320	ASV2870	320	0	0	0
1	320	ASV2873	320	0	0	0
1	320	ASV2874	320	0	0	0
1	320	ASV2875	320	0	0	0
1	320	ASV2876	320	0	0	0
2	527	ASV2879	319	0	1	1
1	318	ASV2880	318	0	0	0
1	318	ASV2882	318	0	0	0
1	318	ASV2884	318	0	0	0
1	318	ASV2885	318	0	0	0
1	316	ASV2891	316	0	0	0
1	315	ASV2893	315	0	0	0
1	315	ASV2894	315	0	0	0
1	315	ASV2896	315	0	0	0
1	315	ASV2897	315	0	0	0
3	632	ASV2899	315	0	1	1
1	314	ASV2901	314	0	0	0
1	314	ASV2902	314	0	0	0
1	314	ASV2903	314	0	0	0
1	313	ASV2905	313	0	0	0
1	313	ASV2907	313	0	0	0
1	312	ASV2910	312	0	0	0
1	311	ASV2912	311	0	0	0
1	310	ASV2915	310	0	0	0
1	309	ASV2916	309	0	0	0
1	309	ASV2918	309	0	0	0
1	309	ASV2919	309	0	0	0
1	308	ASV2922	308	0	0	0
1	308	ASV2924	308	0	0	0
1	307	ASV2927	307	0	0	0
2	389	ASV2928	307	0	1	1
1	307	ASV2929	307	0	0	0
1	306	ASV2931	306	0	0	0
1	306	ASV2932	306	0	0	0
1	305	ASV2933	305	0	0	0
1	305	ASV2934	305	0	0	0
1	305	ASV2935	305	0	0	0
2	462	ASV2939	304	0	1	1
1	303	ASV2941	303	0	0	0
1	302	ASV2948	302	0	0	0
1	300	ASV2955	300	0	0	0
1	300	ASV2956	300	0	0	0
3	684	ASV2958	300	0	2	2
1	300	ASV2959	300	0	0	0
1	299	ASV2961	299	0	0	0
1	299	ASV2965	299	0	0	0
1	299	ASV2966	299	0	0	0
1	298	ASV2968	298	0	0	0
1	298	ASV2974	298	0	0	0
1	297	ASV2976	297	0	0	0
2	357	ASV2977	297	0	1	1
1	297	ASV2981	297	0	0	0
1	296	ASV2983	296	0	0	0
1	296	ASV2984	296	0	0	0
1	295	ASV2987	295	0	0	0
1	295	ASV2989	295	0	0	0
1	294	ASV2990	294	0	0	0
1	294	ASV2996	294	0	0	0
1	293	ASV3000	293	0	0	0
1	292	ASV3004	292	0	0	0
1	290	ASV3009	290	0	0	0
1	290	ASV3010	290	0	0	0
1	290	ASV3011	290	0	0	0
1	289	ASV3012	289	0	0	0
1	289	ASV3013	289	0	0	0
1	289	ASV3014	289	0	0	0
1	288	ASV3017	288	0	0	0
1	288	ASV3019	288	0	0	0
1	287	ASV3026	287	0	0	0
1	287	ASV3027	287	0	0	0
1	287	ASV3028	287	0	0	0
1	286	ASV3030	286	0	0	0
1	285	ASV3035	285	0	0	0
1	284	ASV3039	284	0	0	0
1	281	ASV3041	281	0	0	0
1	281	ASV3043	281	0	0	0
1	281	ASV3045	281	0	0	0
1	280	ASV3046	280	0	0	0
1	280	ASV3048	280	0	0	0
1	280	ASV3050	280	0	0	0
79	6725	ASV3052	280	0	6	6
1	280	ASV3053	280	0	0	0
1	279	ASV3056	279	0	0	0
1	279	ASV3057	279	0	0	0
1	279	ASV3058	279	0	0	0
1	278	ASV3063	278	0	0	0
1	277	ASV3066	277	0	0	0
1	277	ASV3067	277	0	0	0
1	276	ASV3068	276	0	0	0
1	276	ASV3070	276	0	0	0
1	276	ASV3074	276	0	0	0
1	274	ASV3077	274	0	0	0
1	274	ASV3079	274	0	0	0
1	274	ASV3081	274	0	0	0
1	271	ASV3089	271	0	0	0
2	287	ASV3090	271	0	1	1
2	297	ASV3093	271	0	1	1
1	270	ASV3095	270	0	0	0
1	269	ASV3101	269	0	0	0
1	269	ASV3102	269	0	0	0
1	268	ASV3105	268	0	0	0
1	267	ASV3108	267	0	0	0
1	266	ASV3112	266	0	0	0
1	265	ASV3117	265	0	0	0
1	265	ASV3118	265	0	0	0
1	264	ASV3121	264	0	0	0
1	264	ASV3123	264	0	0	0
1	264	ASV3124	264	0	0	0
1	263	ASV3130	263	0	0	0
1	263	ASV3131	263	0	0	0
1	262	ASV3133	262	0	0	0
1	261	ASV3135	261	0	0	0
1	259	ASV3149	259	0	0	0
1	259	ASV3150	259	0	0	0
1	259	ASV3151	259	0	0	0
1	258	ASV3155	258	0	0	0
1	258	ASV3156	258	0	0	0
1	258	ASV3158	258	0	0	0
1	258	ASV3159	258	0	0	0
1	257	ASV3163	257	0	0	0
1	257	ASV3164	257	0	0	0
1	257	ASV3165	257	0	0	0
1	256	ASV3167	256	0	0	0
1	256	ASV3170	256	0	0	0
1	256	ASV3171	256	0	0	0
1	255	ASV3175	255	0	0	0
2	316	ASV3176	255	0	1	1
1	255	ASV3178	255	0	0	0
1	254	ASV3179	254	0	0	0
1	253	ASV3183	253	0	0	0
1	252	ASV3187	252	0	0	0
1	252	ASV3189	252	0	0	0
2	424	ASV3193	251	0	1	1
1	251	ASV3194	251	0	0	0
1	251	ASV3195	251	0	0	0
1	250	ASV3196	250	0	0	0
1	249	ASV3198	249	0	0	0
1	249	ASV3201	249	0	0	0
1	249	ASV3204	249	0	0	0
1	248	ASV3205	248	0	0	0
1	248	ASV3210	248	0	0	0
1	248	ASV3212	248	0	0	0
1	247	ASV3215	247	0	0	0
1	247	ASV3217	247	0	0	0
1	246	ASV3219	246	0	0	0
1	246	ASV3221	246	0	0	0
1	246	ASV3222	246	0	0	0
1	245	ASV3227	245	0	0	0
1	245	ASV3229	245	0	0	0
1	245	ASV3230	245	0	0	0
1	245	ASV3231	245	0	0	0
1	244	ASV3233	244	0	0	0
1	244	ASV3234	244	0	0	0
1	244	ASV3236	244	0	0	0
1	244	ASV3237	244	0	0	0
1	242	ASV3245	242	0	0	0
1	242	ASV3246	242	0	0	0
1	241	ASV3250	241	0	0	0
1	239	ASV3252	239	0	0	0
1	239	ASV3254	239	0	0	0
2	301	ASV3255	239	0	1	1
1	239	ASV3256	239	0	0	0
2	302	ASV3259	238	0	1	1
1	238	ASV3260	238	0	0	0
1	238	ASV3262	238	0	0	0
1	238	ASV3263	238	0	0	0
1	237	ASV3264	237	0	0	0
1	237	ASV3267	237	0	0	0
1	236	ASV3268	236	0	0	0
1	236	ASV3270	236	0	0	0
1	236	ASV3273	236	0	0	0
2	337	ASV3276	235	0	1	1
1	235	ASV3277	235	0	0	0
1	235	ASV3278	235	0	0	0
1	234	ASV3279	234	0	0	0
1	234	ASV3280	234	0	0	0
1	234	ASV3283	234	0	0	0
1	233	ASV3290	233	0	0	0
1	231	ASV3295	231	0	0	0
1	231	ASV3296	231	0	0	0
4	734	ASV3297	230	0	1	1
1	230	ASV3300	230	0	0	0
1	230	ASV3301	230	0	0	0
1	230	ASV3302	230	0	0	0
1	228	ASV3308	228	0	0	0
1	228	ASV3309	228	0	0	0
1	228	ASV3310	228	0	0	0
1	228	ASV3311	228	0	0	0
1	227	ASV3315	227	0	0	0
1	227	ASV3317	227	0	0	0
2	376	ASV3318	227	0	1	1
1	226	ASV3319	226	0	0	0
1	226	ASV3320	226	0	0	0
1	226	ASV3321	226	0	0	0
1	226	ASV3322	226	0	0	0
1	225	ASV3323	225	0	0	0
1	225	ASV3326	225	0	0	0
1	224	ASV3331	224	0	0	0
1	224	ASV3332	224	0	0	0
1	224	ASV3333	224	0	0	0
1	224	ASV3334	224	0	0	0
1	223	ASV3336	223	0	0	0
1	223	ASV3339	223	0	0	0
1	223	ASV3344	223	0	0	0
1	222	ASV3347	222	0	0	0
1	222	ASV3348	222	0	0	0
1	222	ASV3349	222	0	0	0
1	222	ASV3350	222	0	0	0
1	221	ASV3352	221	0	0	0
1	221	ASV3354	221	0	0	0
1	221	ASV3355	221	0	0	0
1	220	ASV3357	220	0	0	0
1	220	ASV3359	220	0	0	0
1	219	ASV3366	219	0	0	0
1	219	ASV3368	219	0	0	0
2	431	ASV3370	218	0	1	1
1	218	ASV3372	218	0	0	0
1	218	ASV3374	218	0	0	0
1	217	ASV3375	217	0	0	0
1	217	ASV3379	217	0	0	0
1	217	ASV3381	217	0	0	0
1	216	ASV3383	216	0	0	0
1	216	ASV3385	216	0	0	0
1	215	ASV3389	215	0	0	0
1	214	ASV3392	214	0	0	0
1	214	ASV3395	214	0	0	0
1	214	ASV3398	214	0	0	0
1	214	ASV3399	214	0	0	0
1	214	ASV3402	214	0	0	0
1	214	ASV3403	214	0	0	0
1	214	ASV3404	214	0	0	0
1	213	ASV3408	213	0	0	0
1	213	ASV3409	213	0	0	0
1	212	ASV3411	212	0	0	0
1	212	ASV3413	212	0	0	0
1	212	ASV3414	212	0	0	0
1	211	ASV3417	211	0	0	0
1	211	ASV3418	211	0	0	0
1	211	ASV3419	211	0	0	0
1	211	ASV3420	211	0	0	0
1	210	ASV3421	210	0	0	0
1	210	ASV3422	210	0	0	0
1	210	ASV3427	210	0	0	0
1	210	ASV3428	210	0	0	0
1	209	ASV3431	209	0	0	0
1	209	ASV3432	209	0	0	0
1	209	ASV3433	209	0	0	0
1	208	ASV3435	208	0	0	0
1	208	ASV3438	208	0	0	0
1	208	ASV3440	208	0	0	0
2	393	ASV3441	208	0	1	1
1	207	ASV3442	207	0	0	0
1	207	ASV3443	207	0	0	0
1	207	ASV3445	207	0	0	0
1	207	ASV3446	207	0	0	0
1	206	ASV3451	206	0	0	0
2	336	ASV3452	206	0	1	1
1	205	ASV3453	205	0	0	0
1	204	ASV3458	204	0	0	0
1	204	ASV3460	204	0	0	0
1	203	ASV3462	203	0	0	0
1	203	ASV3464	203	0	0	0
1	203	ASV3465	203	0	0	0
1	202	ASV3469	202	0	0	0
1	202	ASV3470	202	0	0	0
1	202	ASV3471	202	0	0	0
1	201	ASV3475	201	0	0	0
1	200	ASV3476	200	0	0	0
1	200	ASV3478	200	0	0	0
1	200	ASV3479	200	0	0	0
1	200	ASV3481	200	0	0	0
1	200	ASV3482	200	0	0	0
1	200	ASV3490	200	0	0	0
1	199	ASV3493	199	0	0	0
1	199	ASV3495	199	0	0	0
1	199	ASV3496	199	0	0	0
2	226	ASV3497	199	0	1	1
1	198	ASV3499	198	0	0	0
1	198	ASV3502	198	0	0	0
1	198	ASV3505	198	0	0	0
1	198	ASV3506	198	0	0	0
1	197	ASV3507	197	0	0	0
1	197	ASV3510	197	0	0	0
2	348	ASV3515	196	0	1	1
1	196	ASV3518	196	0	0	0
1	196	ASV3520	196	0	0	0
1	196	ASV3521	196	0	0	0
1	196	ASV3522	196	0	0	0
1	195	ASV3524	195	0	0	0
1	195	ASV3526	195	0	0	0
1	195	ASV3527	195	0	0	0
1	195	ASV3528	195	0	0	0
1	195	ASV3529	195	0	0	0
1	195	ASV3530	195	0	0	0
1	195	ASV3531	195	0	0	0
1	194	ASV3532	194	0	0	0
1	194	ASV3534	194	0	0	0
1	194	ASV3535	194	0	0	0
2	322	ASV3536	194	0	1	1
1	194	ASV3537	194	0	0	0
1	194	ASV3538	194	0	0	0
1	193	ASV3541	193	0	0	0
1	193	ASV3542	193	0	0	0
1	190	ASV3547	190	0	0	0
1	190	ASV3550	190	0	0	0
1	190	ASV3551	190	0	0	0
1	190	ASV3552	190	0	0	0
1	189	ASV3553	189	0	0	0
1	188	ASV3555	188	0	0	0
1	188	ASV3556	188	0	0	0
1	187	ASV3559	187	0	0	0
1	186	ASV3561	186	0	0	0
1	186	ASV3562	186	0	0	0
1	186	ASV3563	186	0	0	0
1	186	ASV3564	186	0	0	0
1	186	ASV3565	186	0	0	0
1	185	ASV3566	185	0	0	0
1	185	ASV3570	185	0	0	0
1	185	ASV3571	185	0	0	0
1	185	ASV3572	185	0	0	0
1	184	ASV3576	184	0	0	0
1	184	ASV3577	184	0	0	0
1	184	ASV3580	184	0	0	0
1	184	ASV3581	184	0	0	0
1	184	ASV3582	184	0	0	0
1	183	ASV3586	183	0	0	0
1	183	ASV3587	183	0	0	0
1	183	ASV3588	183	0	0	0
1	183	ASV3589	183	0	0	0
1	182	ASV3590	182	0	0	0
1	182	ASV3592	182	0	0	0
1	180	ASV3598	180	0	0	0
1	180	ASV3606	180	0	0	0
1	179	ASV3609	179	0	0	0
1	179	ASV3611	179	0	0	0
1	179	ASV3613	179	0	0	0
1	178	ASV3615	178	0	0	0
1	178	ASV3616	178	0	0	0
1	178	ASV3617	178	0	0	0
1	178	ASV3620	178	0	0	0
1	178	ASV3621	178	0	0	0
1	178	ASV3622	178	0	0	0
1	178	ASV3623	178	0	0	0
1	177	ASV3624	177	0	0	0
1	177	ASV3626	177	0	0	0
1	177	ASV3628	177	0	0	0
1	177	ASV3629	177	0	0	0
1	176	ASV3631	176	0	0	0
1	176	ASV3633	176	0	0	0
1	175	ASV3636	175	0	0	0
1	175	ASV3640	175	0	0	0
1	175	ASV3641	175	0	0	0
1	174	ASV3642	174	0	0	0
1	174	ASV3643	174	0	0	0
1	174	ASV3644	174	0	0	0
1	174	ASV3647	174	0	0	0
1	174	ASV3648	174	0	0	0
1	174	ASV3650	174	0	0	0
1	173	ASV3651	173	0	0	0
1	173	ASV3653	173	0	0	0
1	173	ASV3654	173	0	0	0
1	173	ASV3657	173	0	0	0
1	173	ASV3658	173	0	0	0
1	173	ASV3659	173	0	0	0
1	172	ASV3660	172	0	0	0
1	172	ASV3661	172	0	0	0
1	172	ASV3665	172	0	0	0
1	172	ASV3667	172	0	0	0
1	172	ASV3668	172	0	0	0
1	171	ASV3670	171	0	0	0
1	171	ASV3671	171	0	0	0
1	170	ASV3675	170	0	0	0
1	170	ASV3678	170	0	0	0
2	298	ASV3679	170	0	1	1
1	170	ASV3680	170	0	0	0
1	169	ASV3687	169	0	0	0
1	169	ASV3688	169	0	0	0
1	169	ASV3690	169	0	0	0
1	168	ASV3691	168	0	0	0
1	168	ASV3692	168	0	0	0
1	168	ASV3693	168	0	0	0
1	168	ASV3694	168	0	0	0
1	167	ASV3700	167	0	0	0
1	167	ASV3702	167	0	0	0
1	166	ASV3706	166	0	0	0
1	166	ASV3707	166	0	0	0
1	166	ASV3708	166	0	0	0
1	165	ASV3709	165	0	0	0
1	165	ASV3710	165	0	0	0
1	165	ASV3712	165	0	0	0
1	165	ASV3714	165	0	0	0
1	165	ASV3716	165	0	0	0
2	196	ASV3717	165	0	1	1
1	164	ASV3718	164	0	0	0
1	164	ASV3723	164	0	0	0
1	163	ASV3725	163	0	0	0
1	163	ASV3727	163	0	0	0
1	163	ASV3728	163	0	0	0
1	163	ASV3730	163	0	0	0
1	163	ASV3733	163	0	0	0
3	323	ASV3734	163	0	1	1
1	163	ASV3735	163	0	0	0
1	162	ASV3742	162	0	0	0
1	162	ASV3743	162	0	0	0
1	162	ASV3745	162	0	0	0
1	161	ASV3748	161	0	0	0
1	161	ASV3749	161	0	0	0
1	161	ASV3751	161	0	0	0
1	160	ASV3755	160	0	0	0
1	160	ASV3756	160	0	0	0
1	160	ASV3758	160	0	0	0
1	159	ASV3761	159	0	0	0
1	159	ASV3762	159	0	0	0
1	159	ASV3763	159	0	0	0
1	158	ASV3764	158	0	0	0
1	158	ASV3765	158	0	0	0
1	158	ASV3768	158	0	0	0
1	158	ASV3769	158	0	0	0
1	158	ASV3770	158	0	0	0
1	156	ASV3777	156	0	0	0
1	156	ASV3780	156	0	0	0
1	156	ASV3783	156	0	0	0
1	155	ASV3784	155	0	0	0
1	155	ASV3788	155	0	0	0
1	155	ASV3791	155	0	0	0
1	154	ASV3793	154	0	0	0
1	154	ASV3795	154	0	0	0
1	154	ASV3796	154	0	0	0
1	154	ASV3797	154	0	0	0
1	153	ASV3802	153	0	0	0
1	153	ASV3805	153	0	0	0
1	153	ASV3809	153	0	0	0
1	153	ASV3810	153	0	0	0
1	152	ASV3815	152	0	0	0
1	151	ASV3821	151	0	0	0
1	151	ASV3822	151	0	0	0
1	151	ASV3823	151	0	0	0
1	151	ASV3825	151	0	0	0
1	151	ASV3826	151	0	0	0
1	151	ASV3827	151	0	0	0
1	150	ASV3829	150	0	0	0
1	150	ASV3831	150	0	0	0
1	150	ASV3832	150	0	0	0
1	150	ASV3833	150	0	0	0
1	149	ASV3834	149	0	0	0
1	149	ASV3835	149	0	0	0
1	149	ASV3837	149	0	0	0
1	149	ASV3839	149	0	0	0
1	149	ASV3842	149	0	0	0
1	148	ASV3844	148	0	0	0
1	148	ASV3847	148	0	0	0
1	148	ASV3848	148	0	0	0
3	256	ASV3849	148	0	2	2
1	147	ASV3850	147	0	0	0
1	147	ASV3851	147	0	0	0
1	147	ASV3852	147	0	0	0
1	147	ASV3854	147	0	0	0
1	147	ASV3859	147	0	0	0
1	147	ASV3860	147	0	0	0
1	147	ASV3861	147	0	0	0
1	147	ASV3862	147	0	0	0
2	179	ASV3863	147	0	1	1
1	147	ASV3864	147	0	0	0
1	146	ASV3866	146	0	0	0
1	146	ASV3867	146	0	0	0
2	200	ASV3868	146	0	1	1
1	146	ASV3869	146	0	0	0
1	145	ASV3873	145	0	0	0
1	145	ASV3875	145	0	0	0
1	145	ASV3876	145	0	0	0
1	145	ASV3877	145	0	0	0
1	145	ASV3878	145	0	0	0
1	144	ASV3879	144	0	0	0
1	144	ASV3880	144	0	0	0
1	144	ASV3882	144	0	0	0
1	144	ASV3883	144	0	0	0
1	144	ASV3885	144	0	0	0
1	144	ASV3886	144	0	0	0
1	143	ASV3887	143	0	0	0
1	143	ASV3889	143	0	0	0
1	142	ASV3894	142	0	0	0
1	142	ASV3900	142	0	0	0
1	142	ASV3901	142	0	0	0
1	141	ASV3902	141	0	0	0
1	141	ASV3903	141	0	0	0
1	140	ASV3910	140	0	0	0
1	140	ASV3912	140	0	0	0
1	140	ASV3915	140	0	0	0
1	139	ASV3916	139	0	0	0
1	139	ASV3917	139	0	0	0
1	139	ASV3918	139	0	0	0
1	139	ASV3919	139	0	0	0
1	139	ASV3920	139	0	0	0
1	138	ASV3921	138	0	0	0
1	138	ASV3923	138	0	0	0
1	138	ASV3924	138	0	0	0
1	138	ASV3925	138	0	0	0
1	137	ASV3928	137	0	0	0
1	136	ASV3932	136	0	0	0
1	136	ASV3935	136	0	0	0
1	136	ASV3939	136	0	0	0
1	136	ASV3945	136	0	0	0
1	136	ASV3946	136	0	0	0
1	136	ASV3947	136	0	0	0
1	135	ASV3951	135	0	0	0
1	135	ASV3952	135	0	0	0
1	135	ASV3953	135	0	0	0
1	134	ASV3956	134	0	0	0
1	134	ASV3957	134	0	0	0
1	134	ASV3958	134	0	0	0
1	134	ASV3959	134	0	0	0
1	134	ASV3960	134	0	0	0
1	133	ASV3962	133	0	0	0
1	133	ASV3963	133	0	0	0
1	133	ASV3966	133	0	0	0
1	132	ASV3972	132	0	0	0
1	132	ASV3973	132	0	0	0
1	132	ASV3974	132	0	0	0
1	132	ASV3975	132	0	0	0
1	131	ASV3977	131	0	0	0
1	131	ASV3980	131	0	0	0
1	131	ASV3981	131	0	0	0
1	131	ASV3983	131	0	0	0
1	131	ASV3984	131	0	0	0
1	130	ASV3986	130	0	0	0
1	130	ASV3990	130	0	0	0
2	159	ASV3991	130	0	1	1
1	130	ASV3993	130	0	0	0
1	130	ASV3994	130	0	0	0
1	129	ASV3996	129	0	0	0
1	129	ASV3999	129	0	0	0
1	129	ASV4000	129	0	0	0
1	129	ASV4001	129	0	0	0
1	129	ASV4005	129	0	0	0
1	129	ASV4006	129	0	0	0
1	129	ASV4007	129	0	0	0
1	129	ASV4008	129	0	0	0
1	129	ASV4009	129	0	0	0
1	129	ASV4010	129	0	0	0
1	128	ASV4011	128	0	0	0
1	128	ASV4012	128	0	0	0
1	128	ASV4016	128	0	0	0
1	128	ASV4017	128	0	0	0
1	127	ASV4018	127	0	0	0
1	127	ASV4021	127	0	0	0
1	126	ASV4023	126	0	0	0
1	126	ASV4024	126	0	0	0
1	126	ASV4025	126	0	0	0
1	126	ASV4026	126	0	0	0
1	126	ASV4027	126	0	0	0
1	126	ASV4028	126	0	0	0
1	125	ASV4029	125	0	0	0
1	125	ASV4030	125	0	0	0
1	125	ASV4033	125	0	0	0
1	125	ASV4035	125	0	0	0
1	125	ASV4036	125	0	0	0
1	124	ASV4037	124	0	0	0
1	124	ASV4038	124	0	0	0
1	124	ASV4041	124	0	0	0
1	124	ASV4042	124	0	0	0
1	123	ASV4043	123	0	0	0
1	123	ASV4046	123	0	0	0
1	123	ASV4048	123	0	0	0
1	123	ASV4050	123	0	0	0
2	139	ASV4051	123	0	1	1
2	220	ASV4052	122	0	1	1
1	122	ASV4054	122	0	0	0
1	122	ASV4056	122	0	0	0
1	122	ASV4057	122	0	0	0
1	122	ASV4058	122	0	0	0
1	121	ASV4060	121	0	0	0
1	121	ASV4061	121	0	0	0
1	121	ASV4063	121	0	0	0
1	121	ASV4064	121	0	0	0
1	121	ASV4066	121	0	0	0
2	215	ASV4067	121	0	1	1
1	121	ASV4068	121	0	0	0
1	121	ASV4069	121	0	0	0
1	120	ASV4070	120	0	0	0
1	120	ASV4071	120	0	0	0
1	120	ASV4073	120	0	0	0
1	120	ASV4074	120	0	0	0
1	120	ASV4075	120	0	0	0
1	119	ASV4076	119	0	0	0
1	119	ASV4081	119	0	0	0
1	119	ASV4084	119	0	0	0
1	119	ASV4086	119	0	0	0
1	119	ASV4087	119	0	0	0
1	118	ASV4088	118	0	0	0
1	118	ASV4090	118	0	0	0
1	118	ASV4093	118	0	0	0
1	118	ASV4094	118	0	0	0
1	118	ASV4095	118	0	0	0
1	118	ASV4096	118	0	0	0
1	118	ASV4098	118	0	0	0
1	117	ASV4100	117	0	0	0
1	117	ASV4103	117	0	0	0
1	117	ASV4104	117	0	0	0
1	117	ASV4105	117	0	0	0
1	117	ASV4106	117	0	0	0
1	117	ASV4107	117	0	0	0
1	117	ASV4108	117	0	0	0
1	117	ASV4109	117	0	0	0
1	117	ASV4110	117	0	0	0
1	116	ASV4112	116	0	0	0
1	116	ASV4113	116	0	0	0
1	116	ASV4114	116	0	0	0
1	116	ASV4115	116	0	0	0
1	116	ASV4116	116	0	0	0
1	115	ASV4119	115	0	0	0
1	115	ASV4120	115	0	0	0
1	115	ASV4121	115	0	0	0
1	115	ASV4122	115	0	0	0
1	115	ASV4123	115	0	0	0
1	115	ASV4124	115	0	0	0
1	115	ASV4125	115	0	0	0
1	115	ASV4126	115	0	0	0
1	114	ASV4127	114	0	0	0
1	114	ASV4129	114	0	0	0
1	114	ASV4130	114	0	0	0
1	114	ASV4131	114	0	0	0
1	114	ASV4132	114	0	0	0
1	114	ASV4133	114	0	0	0
1	114	ASV4134	114	0	0	0
1	114	ASV4136	114	0	0	0
1	113	ASV4138	113	0	0	0
1	113	ASV4139	113	0	0	0
1	112	ASV4141	112	0	0	0
1	112	ASV4142	112	0	0	0
1	112	ASV4143	112	0	0	0
1	112	ASV4144	112	0	0	0
1	112	ASV4145	112	0	0	0
1	112	ASV4147	112	0	0	0
1	111	ASV4148	111	0	0	0
1	111	ASV4151	111	0	0	0
1	111	ASV4152	111	0	0	0
1	111	ASV4153	111	0	0	0
1	111	ASV4154	111	0	0	0
1	111	ASV4155	111	0	0	0
1	111	ASV4157	111	0	0	0
1	111	ASV4158	111	0	0	0
1	111	ASV4159	111	0	0	0
1	110	ASV4166	110	0	0	0
1	110	ASV4167	110	0	0	0
1	110	ASV4168	110	0	0	0
1	110	ASV4169	110	0	0	0
1	110	ASV4170	110	0	0	0
1	109	ASV4171	109	0	0	0
1	109	ASV4174	109	0	0	0
1	109	ASV4176	109	0	0	0
1	108	ASV4177	108	0	0	0
1	108	ASV4180	108	0	0	0
1	108	ASV4181	108	0	0	0
1	108	ASV4182	108	0	0	0
1	108	ASV4183	108	0	0	0
1	108	ASV4184	108	0	0	0
1	107	ASV4185	107	0	0	0
1	107	ASV4186	107	0	0	0
1	107	ASV4188	107	0	0	0
1	106	ASV4190	106	0	0	0
1	106	ASV4192	106	0	0	0
1	106	ASV4194	106	0	0	0
1	105	ASV4196	105	0	0	0
1	105	ASV4197	105	0	0	0
1	105	ASV4198	105	0	0	0
1	105	ASV4200	105	0	0	0
1	105	ASV4201	105	0	0	0
1	104	ASV4202	104	0	0	0
1	104	ASV4203	104	0	0	0
1	104	ASV4204	104	0	0	0
1	104	ASV4207	104	0	0	0
1	104	ASV4208	104	0	0	0
1	104	ASV4209	104	0	0	0
1	104	ASV4210	104	0	0	0
1	104	ASV4211	104	0	0	0
1	103	ASV4213	103	0	0	0
1	103	ASV4215	103	0	0	0
1	103	ASV4218	103	0	0	0
1	102	ASV4220	102	0	0	0
1	102	ASV4221	102	0	0	0
1	102	ASV4222	102	0	0	0
1	102	ASV4223	102	0	0	0
1	102	ASV4225	102	0	0	0
1	101	ASV4226	101	0	0	0
1	101	ASV4227	101	0	0	0
1	101	ASV4228	101	0	0	0
1	101	ASV4229	101	0	0	0
1	101	ASV4230	101	0	0	0
1	101	ASV4231	101	0	0	0
1	100	ASV4232	100	0	0	0
1	100	ASV4234	100	0	0	0
1	100	ASV4237	100	0	0	0
1	99	ASV4238	99	0	0	0
1	99	ASV4241	99	0	0	0
1	99	ASV4242	99	0	0	0
1	99	ASV4243	99	0	0	0
1	99	ASV4244	99	0	0	0
2	107	ASV4245	99	0	1	1
1	99	ASV4246	99	0	0	0
1	98	ASV4247	98	0	0	0
1	98	ASV4248	98	0	0	0
1	98	ASV4251	98	0	0	0
1	98	ASV4252	98	0	0	0
1	98	ASV4253	98	0	0	0
1	98	ASV4254	98	0	0	0
1	98	ASV4255	98	0	0	0
1	97	ASV4256	97	0	0	0
1	97	ASV4257	97	0	0	0
1	97	ASV4261	97	0	0	0
1	96	ASV4270	96	0	0	0
1	96	ASV4271	96	0	0	0
1	96	ASV4272	96	0	0	0
1	96	ASV4273	96	0	0	0
2	116	ASV4274	96	0	1	1
2	167	ASV4275	96	0	1	1
1	95	ASV4276	95	0	0	0
1	94	ASV4279	94	0	0	0
1	94	ASV4280	94	0	0	0
1	94	ASV4282	94	0	0	0
1	93	ASV4285	93	0	0	0
1	93	ASV4286	93	0	0	0
1	93	ASV4287	93	0	0	0
2	159	ASV4290	93	0	1	1
1	93	ASV4291	93	0	0	0
1	93	ASV4292	93	0	0	0
1	92	ASV4293	92	0	0	0
1	92	ASV4294	92	0	0	0
1	92	ASV4295	92	0	0	0
1	92	ASV4296	92	0	0	0
1	92	ASV4297	92	0	0	0
1	92	ASV4298	92	0	0	0
1	92	ASV4299	92	0	0	0
1	92	ASV4300	92	0	0	0
1	92	ASV4301	92	0	0	0
1	92	ASV4302	92	0	0	0
1	91	ASV4303	91	0	0	0
1	91	ASV4305	91	0	0	0
1	91	ASV4306	91	0	0	0
1	91	ASV4307	91	0	0	0
1	91	ASV4308	91	0	0	0
1	91	ASV4309	91	0	0	0
1	91	ASV4310	91	0	0	0
1	90	ASV4311	90	0	0	0
1	90	ASV4312	90	0	0	0
1	90	ASV4315	90	0	0	0
1	89	ASV4318	89	0	0	0
1	89	ASV4319	89	0	0	0
1	89	ASV4320	89	0	0	0
1	88	ASV4323	88	0	0	0
1	88	ASV4324	88	0	0	0
3	152	ASV4326	88	0	1	1
1	87	ASV4327	87	0	0	0
1	87	ASV4328	87	0	0	0
1	87	ASV4329	87	0	0	0
1	87	ASV4330	87	0	0	0
1	86	ASV4332	86	0	0	0
1	86	ASV4335	86	0	0	0
1	86	ASV4336	86	0	0	0
1	86	ASV4337	86	0	0	0
1	86	ASV4338	86	0	0	0
1	86	ASV4339	86	0	0	0
1	85	ASV4342	85	0	0	0
1	85	ASV4343	85	0	0	0
1	84	ASV4347	84	0	0	0
1	84	ASV4348	84	0	0	0
1	84	ASV4349	84	0	0	0
1	84	ASV4350	84	0	0	0
1	84	ASV4351	84	0	0	0
1	83	ASV4352	83	0	0	0
1	83	ASV4354	83	0	0	0
1	83	ASV4355	83	0	0	0
1	83	ASV4356	83	0	0	0
1	83	ASV4357	83	0	0	0
1	82	ASV4358	82	0	0	0
1	82	ASV4359	82	0	0	0
1	82	ASV4362	82	0	0	0
1	82	ASV4363	82	0	0	0
1	82	ASV4364	82	0	0	0
1	82	ASV4365	82	0	0	0
1	81	ASV4368	81	0	0	0
1	81	ASV4371	81	0	0	0
1	80	ASV4372	80	0	0	0
2	141	ASV4373	80	0	1	1
1	80	ASV4376	80	0	0	0
1	80	ASV4377	80	0	0	0
1	80	ASV4378	80	0	0	0
1	79	ASV4382	79	0	0	0
1	78	ASV4383	78	0	0	0
1	78	ASV4385	78	0	0	0
1	77	ASV4387	77	0	0	0
2	147	ASV4388	77	0	1	1
1	77	ASV4391	77	0	0	0
1	76	ASV4392	76	0	0	0
1	76	ASV4394	76	0	0	0
1	76	ASV4395	76	0	0	0
1	75	ASV4397	75	0	0	0
1	75	ASV4398	75	0	0	0
1	75	ASV4400	75	0	0	0
1	74	ASV4401	74	0	0	0
1	74	ASV4402	74	0	0	0
1	74	ASV4403	74	0	0	0
1	74	ASV4404	74	0	0	0
1	74	ASV4405	74	0	0	0
1	74	ASV4406	74	0	0	0
1	74	ASV4407	74	0	0	0
1	73	ASV4408	73	0	0	0
1	73	ASV4409	73	0	0	0
1	73	ASV4410	73	0	0	0
1	73	ASV4411	73	0	0	0
1	73	ASV4412	73	0	0	0
1	73	ASV4413	73	0	0	0
1	72	ASV4414	72	0	0	0
1	72	ASV4415	72	0	0	0
1	72	ASV4416	72	0	0	0
1	72	ASV4422	72	0	0	0
1	72	ASV4423	72	0	0	0
1	72	ASV4424	72	0	0	0
1	71	ASV4425	71	0	0	0
1	71	ASV4428	71	0	0	0
1	70	ASV4430	70	0	0	0
1	70	ASV4431	70	0	0	0
1	70	ASV4433	70	0	0	0
1	70	ASV4434	70	0	0	0
1	70	ASV4435	70	0	0	0
3	100	ASV4437	69	0	1	1
1	69	ASV4440	69	0	0	0
1	69	ASV4441	69	0	0	0
1	68	ASV4443	68	0	0	0
1	68	ASV4444	68	0	0	0
1	68	ASV4446	68	0	0	0
1	68	ASV4447	68	0	0	0
1	67	ASV4448	67	0	0	0
1	67	ASV4449	67	0	0	0
1	67	ASV4450	67	0	0	0
1	67	ASV4451	67	0	0	0
1	67	ASV4452	67	0	0	0
1	67	ASV4453	67	0	0	0
1	66	ASV4454	66	0	0	0
1	66	ASV4456	66	0	0	0
1	66	ASV4457	66	0	0	0
1	66	ASV4459	66	0	0	0
1	66	ASV4461	66	0	0	0
1	66	ASV4464	66	0	0	0
1	66	ASV4465	66	0	0	0
1	65	ASV4466	65	0	0	0
1	65	ASV4469	65	0	0	0
1	65	ASV4470	65	0	0	0
1	65	ASV4471	65	0	0	0
1	65	ASV4472	65	0	0	0
1	65	ASV4473	65	0	0	0
2	86	ASV4474	65	0	1	1
1	64	ASV4475	64	0	0	0
1	64	ASV4478	64	0	0	0
1	64	ASV4479	64	0	0	0
1	64	ASV4480	64	0	0	0
1	63	ASV4481	63	0	0	0
1	63	ASV4483	63	0	0	0
1	63	ASV4485	63	0	0	0
1	63	ASV4486	63	0	0	0
1	63	ASV4488	63	0	0	0
1	63	ASV4489	63	0	0	0
1	62	ASV4490	62	0	0	0
1	62	ASV4492	62	0	0	0
1	62	ASV4495	62	0	0	0
1	62	ASV4496	62	0	0	0
1	61	ASV4497	61	0	0	0
1	61	ASV4498	61	0	0	0
1	61	ASV4503	61	0	0	0
1	61	ASV4504	61	0	0	0
1	61	ASV4506	61	0	0	0
1	61	ASV4508	61	0	0	0
1	61	ASV4509	61	0	0	0
1	61	ASV4510	61	0	0	0
1	60	ASV4511	60	0	0	0
1	60	ASV4516	60	0	0	0
1	60	ASV4517	60	0	0	0
1	60	ASV4518	60	0	0	0
1	59	ASV4520	59	0	0	0
1	59	ASV4521	59	0	0	0
1	59	ASV4524	59	0	0	0
1	59	ASV4525	59	0	0	0
1	58	ASV4528	58	0	0	0
1	58	ASV4530	58	0	0	0
1	58	ASV4533	58	0	0	0
1	58	ASV4534	58	0	0	0
1	58	ASV4535	58	0	0	0
1	57	ASV4536	57	0	0	0
1	57	ASV4537	57	0	0	0
1	57	ASV4538	57	0	0	0
1	57	ASV4541	57	0	0	0
1	57	ASV4542	57	0	0	0
1	57	ASV4543	57	0	0	0
1	57	ASV4544	57	0	0	0
1	57	ASV4545	57	0	0	0
1	57	ASV4546	57	0	0	0
1	56	ASV4547	56	0	0	0
1	56	ASV4548	56	0	0	0
1	56	ASV4550	56	0	0	0
1	56	ASV4552	56	0	0	0
1	55	ASV4553	55	0	0	0
1	55	ASV4554	55	0	0	0
1	55	ASV4555	55	0	0	0
1	55	ASV4556	55	0	0	0
1	54	ASV4558	54	0	0	0
1	54	ASV4559	54	0	0	0
1	54	ASV4560	54	0	0	0
1	54	ASV4562	54	0	0	0
1	54	ASV4563	54	0	0	0
1	54	ASV4566	54	0	0	0
1	53	ASV4567	53	0	0	0
1	53	ASV4568	53	0	0	0
2	91	ASV4569	53	0	1	1
1	53	ASV4570	53	0	0	0
1	52	ASV4571	52	0	0	0
1	52	ASV4576	52	0	0	0
1	52	ASV4577	52	0	0	0
1	52	ASV4578	52	0	0	0
1	52	ASV4579	52	0	0	0
2	93	ASV4582	51	0	1	1
1	51	ASV4583	51	0	0	0
1	51	ASV4584	51	0	0	0
1	51	ASV4586	51	0	0	0
1	50	ASV4588	50	0	0	0
1	50	ASV4589	50	0	0	0
1	49	ASV4590	49	0	0	0
1	49	ASV4591	49	0	0	0
1	49	ASV4593	49	0	0	0
1	48	ASV4594	48	0	0	0
1	48	ASV4596	48	0	0	0
1	48	ASV4597	48	0	0	0
1	48	ASV4598	48	0	0	0
1	48	ASV4599	48	0	0	0
1	47	ASV4601	47	0	0	0
1	47	ASV4603	47	0	0	0
1	46	ASV4604	46	0	0	0
1	46	ASV4607	46	0	0	0
1	46	ASV4608	46	0	0	0
1	45	ASV4609	45	0	0	0
1	45	ASV4611	45	0	0	0
1	44	ASV4612	44	0	0	0
1	44	ASV4613	44	0	0	0
2	73	ASV4615	44	0	1	1
1	44	ASV4616	44	0	0	0
1	43	ASV4617	43	0	0	0
1	43	ASV4618	43	0	0	0
1	43	ASV4619	43	0	0	0
1	43	ASV4620	43	0	0	0
1	43	ASV4621	43	0	0	0
1	43	ASV4622	43	0	0	0
1	42	ASV4625	42	0	0	0
1	42	ASV4626	42	0	0	0
1	42	ASV4628	42	0	0	0
1	42	ASV4629	42	0	0	0
1	41	ASV4630	41	0	0	0
1	41	ASV4631	41	0	0	0
1	41	ASV4633	41	0	0	0
1	41	ASV4634	41	0	0	0
1	41	ASV4636	41	0	0	0
1	41	ASV4637	41	0	0	0
1	40	ASV4638	40	0	0	0
1	40	ASV4639	40	0	0	0
1	40	ASV4641	40	0	0	0
1	40	ASV4643	40	0	0	0
1	40	ASV4644	40	0	0	0
1	40	ASV4645	40	0	0	0
1	40	ASV4646	40	0	0	0
1	39	ASV4647	39	0	0	0
1	39	ASV4649	39	0	0	0
1	39	ASV4650	39	0	0	0
1	39	ASV4651	39	0	0	0
1	39	ASV4652	39	0	0	0
1	38	ASV4654	38	0	0	0
1	38	ASV4655	38	0	0	0
1	38	ASV4656	38	0	0	0
1	38	ASV4657	38	0	0	0
1	38	ASV4658	38	0	0	0
1	38	ASV4659	38	0	0	0
1	38	ASV4660	38	0	0	0
1	37	ASV4663	37	0	0	0
1	37	ASV4664	37	0	0	0
1	36	ASV4665	36	0	0	0
1	36	ASV4667	36	0	0	0
1	36	ASV4668	36	0	0	0
1	36	ASV4669	36	0	0	0
1	36	ASV4670	36	0	0	0
1	36	ASV4671	36	0	0	0
1	36	ASV4672	36	0	0	0
1	36	ASV4673	36	0	0	0
1	35	ASV4674	35	0	0	0
1	35	ASV4675	35	0	0	0
1	35	ASV4676	35	0	0	0
1	35	ASV4677	35	0	0	0
1	35	ASV4678	35	0	0	0
1	35	ASV4679	35	0	0	0
1	35	ASV4680	35	0	0	0
1	34	ASV4681	34	0	0	0
1	34	ASV4682	34	0	0	0
1	34	ASV4683	34	0	0	0
1	34	ASV4685	34	0	0	0
1	34	ASV4686	34	0	0	0
1	34	ASV4687	34	0	0	0
1	34	ASV4688	34	0	0	0
1	34	ASV4689	34	0	0	0
1	34	ASV4690	34	0	0	0
1	33	ASV4691	33	0	0	0
1	33	ASV4692	33	0	0	0
1	33	ASV4694	33	0	0	0
1	33	ASV4695	33	0	0	0
1	33	ASV4696	33	0	0	0
1	33	ASV4697	33	0	0	0
1	32	ASV4698	32	0	0	0
1	32	ASV4699	32	0	0	0
1	32	ASV4700	32	0	0	0
1	32	ASV4701	32	0	0	0
1	32	ASV4704	32	0	0	0
1	32	ASV4705	32	0	0	0
1	31	ASV4708	31	0	0	0
1	31	ASV4709	31	0	0	0
1	31	ASV4710	31	0	0	0
1	31	ASV4711	31	0	0	0
1	30	ASV4713	30	0	0	0
1	30	ASV4714	30	0	0	0
1	30	ASV4715	30	0	0	0
1	30	ASV4716	30	0	0	0
1	30	ASV4717	30	0	0	0
1	29	ASV4721	29	0	0	0
1	29	ASV4722	29	0	0	0
1	29	ASV4724	29	0	0	0
1	29	ASV4725	29	0	0	0
1	29	ASV4726	29	0	0	0
1	28	ASV4727	28	0	0	0
1	28	ASV4728	28	0	0	0
1	28	ASV4729	28	0	0	0
1	28	ASV4730	28	0	0	0
1	28	ASV4731	28	0	0	0
1	28	ASV4732	28	0	0	0
1	28	ASV4733	28	0	0	0
1	27	ASV4735	27	0	0	0
1	27	ASV4736	27	0	0	0
1	27	ASV4737	27	0	0	0
1	27	ASV4738	27	0	0	0
1	27	ASV4739	27	0	0	0
1	27	ASV4741	27	0	0	0
1	27	ASV4743	27	0	0	0
1	27	ASV4744	27	0	0	0
1	26	ASV4745	26	0	0	0
1	26	ASV4746	26	0	0	0
1	26	ASV4747	26	0	0	0
1	26	ASV4748	26	0	0	0
1	26	ASV4749	26	0	0	0
1	26	ASV4750	26	0	0	0
1	26	ASV4751	26	0	0	0
1	26	ASV4752	26	0	0	0
1	26	ASV4754	26	0	0	0
1	25	ASV4755	25	0	0	0
1	25	ASV4756	25	0	0	0
1	25	ASV4757	25	0	0	0
1	25	ASV4758	25	0	0	0
1	25	ASV4759	25	0	0	0
1	25	ASV4760	25	0	0	0
1	25	ASV4761	25	0	0	0
1	24	ASV4762	24	0	0	0
1	24	ASV4763	24	0	0	0
1	24	ASV4764	24	0	0	0
1	24	ASV4765	24	0	0	0
1	24	ASV4766	24	0	0	0
1	24	ASV4767	24	0	0	0
1	23	ASV4768	23	0	0	0
1	23	ASV4769	23	0	0	0
1	23	ASV4770	23	0	0	0
1	23	ASV4771	23	0	0	0
1	23	ASV4772	23	0	0	0
1	23	ASV4773	23	0	0	0
1	23	ASV4774	23	0	0	0
1	23	ASV4775	23	0	0	0
1	23	ASV4776	23	0	0	0
1	22	ASV4777	22	0	0	0
1	22	ASV4778	22	0	0	0
1	22	ASV4779	22	0	0	0
1	22	ASV4780	22	0	0	0
1	22	ASV4781	22	0	0	0
1	21	ASV4782	21	0	0	0
1	21	ASV4783	21	0	0	0
1	21	ASV4784	21	0	0	0
1	21	ASV4785	21	0	0	0
2	39	ASV4789	21	0	1	1
1	21	ASV4790	21	0	0	0
1	21	ASV4791	21	0	0	0
1	21	ASV4792	21	0	0	0
1	21	ASV4793	21	0	0	0
1	21	ASV4794	21	0	0	0
1	21	ASV4795	21	0	0	0
1	20	ASV4796	20	0	0	0
1	20	ASV4797	20	0	0	0
1	20	ASV4798	20	0	0	0
1	20	ASV4799	20	0	0	0
1	20	ASV4801	20	0	0	0
1	20	ASV4802	20	0	0	0
1	20	ASV4803	20	0	0	0
1	20	ASV4804	20	0	0	0
1	20	ASV4805	20	0	0	0
1	20	ASV4806	20	0	0	0
1	20	ASV4807	20	0	0	0
1	19	ASV4808	19	0	0	0
1	19	ASV4809	19	0	0	0
1	19	ASV4810	19	0	0	0
1	19	ASV4811	19	0	0	0
1	19	ASV4812	19	0	0	0
1	19	ASV4813	19	0	0	0
1	18	ASV4815	18	0	0	0
1	18	ASV4816	18	0	0	0
1	18	ASV4817	18	0	0	0
1	18	ASV4818	18	0	0	0
1	18	ASV4820	18	0	0	0
1	18	ASV4821	18	0	0	0
1	17	ASV4822	17	0	0	0
1	17	ASV4823	17	0	0	0
1	17	ASV4824	17	0	0	0
1	17	ASV4825	17	0	0	0
1	17	ASV4826	17	0	0	0
1	17	ASV4827	17	0	0	0
1	17	ASV4828	17	0	0	0
1	17	ASV4829	17	0	0	0
1	17	ASV4830	17	0	0	0
1	17	ASV4831	17	0	0	0
1	16	ASV4832	16	0	0	0
1	16	ASV4833	16	0	0	0
1	16	ASV4835	16	0	0	0
1	16	ASV4837	16	0	0	0
1	16	ASV4838	16	0	0	0
1	16	ASV4839	16	0	0	0
1	16	ASV4840	16	0	0	0
1	16	ASV4841	16	0	0	0
1	16	ASV4842	16	0	0	0
1	16	ASV4843	16	0	0	0
1	16	ASV4844	16	0	0	0
1	16	ASV4845	16	0	0	0
1	15	ASV4846	15	0	0	0
1	15	ASV4847	15	0	0	0
1	15	ASV4848	15	0	0	0
1	15	ASV4849	15	0	0	0
1	15	ASV4850	15	0	0	0
1	15	ASV4851	15	0	0	0
1	15	ASV4852	15	0	0	0
1	15	ASV4853	15	0	0	0
1	15	ASV4854	15	0	0	0
1	14	ASV4855	14	0	0	0
1	14	ASV4856	14	0	0	0
1	14	ASV4857	14	0	0	0
1	14	ASV4858	14	0	0	0
1	14	ASV4859	14	0	0	0
1	14	ASV4860	14	0	0	0
1	14	ASV4861	14	0	0	0
1	13	ASV4862	13	0	0	0
1	13	ASV4864	13	0	0	0
1	13	ASV4865	13	0	0	0
1	13	ASV4867	13	0	0	0
1	13	ASV4868	13	0	0	0
1	13	ASV4869	13	0	0	0
1	13	ASV4870	13	0	0	0
1	12	ASV4871	12	0	0	0
1	12	ASV4872	12	0	0	0
1	12	ASV4873	12	0	0	0
1	12	ASV4874	12	0	0	0
1	12	ASV4875	12	0	0	0
1	12	ASV4876	12	0	0	0
1	12	ASV4877	12	0	0	0
1	12	ASV4878	12	0	0	0
1	12	ASV4879	12	0	0	0
1	12	ASV4880	12	0	0	0
1	12	ASV4882	12	0	0	0
1	12	ASV4883	12	0	0	0
1	12	ASV4884	12	0	0	0
1	12	ASV4886	12	0	0	0
1	12	ASV4887	12	0	0	0
1	12	ASV4888	12	0	0	0
1	12	ASV4889	12	0	0	0
1	12	ASV4891	12	0	0	0
1	12	ASV4892	12	0	0	0
1	12	ASV4893	12	0	0	0
1	12	ASV4894	12	0	0	0
1	12	ASV4895	12	0	0	0
1	12	ASV4896	12	0	0	0
1	11	ASV4897	11	0	0	0
1	11	ASV4898	11	0	0	0
1	11	ASV4899	11	0	0	0
1	11	ASV4900	11	0	0	0
1	11	ASV4901	11	0	0	0
1	11	ASV4902	11	0	0	0
1	11	ASV4903	11	0	0	0
1	11	ASV4905	11	0	0	0
1	11	ASV4906	11	0	0	0
1	11	ASV4907	11	0	0	0
1	11	ASV4908	11	0	0	0
1	11	ASV4909	11	0	0	0
1	11	ASV4910	11	0	0	0
1	10	ASV4911	10	0	0	0
1	10	ASV4912	10	0	0	0
1	10	ASV4913	10	0	0	0
1	10	ASV4914	10	0	0	0
1	10	ASV4915	10	0	0	0
1	10	ASV4917	10	0	0	0
1	10	ASV4918	10	0	0	0
1	9	ASV4920	9	0	0	0
1	9	ASV4921	9	0	0	0
1	9	ASV4922	9	0	0	0
1	9	ASV4923	9	0	0	0
1	9	ASV4924	9	0	0	0
1	9	ASV4925	9	0	0	0
1	9	ASV4926	9	0	0	0
1	9	ASV4927	9	0	0	0
1	9	ASV4928	9	0	0	0
1	9	ASV4929	9	0	0	0
1	9	ASV4930	9	0	0	0
1	9	ASV4931	9	0	0	0
1	9	ASV4932	9	0	0	0
1	9	ASV4934	9	0	0	0
1	9	ASV4935	9	0	0	0
1	9	ASV4936	9	0	0	0
1	9	ASV4937	9	0	0	0
1	9	ASV4938	9	0	0	0
1	9	ASV4939	9	0	0	0
1	9	ASV4940	9	0	0	0
1	8	ASV4941	8	0	0	0
1	8	ASV4942	8	0	0	0
1	8	ASV4943	8	0	0	0
1	8	ASV4944	8	0	0	0
1	8	ASV4945	8	0	0	0
1	8	ASV4946	8	0	0	0
1	8	ASV4947	8	0	0	0
1	8	ASV4948	8	0	0	0
1	8	ASV4949	8	0	0	0
1	8	ASV4950	8	0	0	0
1	8	ASV4951	8	0	0	0
1	8	ASV4953	8	0	0	0
1	8	ASV4954	8	0	0	0
1	7	ASV4955	7	0	0	0
1	7	ASV4956	7	0	0	0
1	7	ASV4957	7	0	0	0
1	7	ASV4958	7	0	0	0
1	7	ASV4959	7	0	0	0
1	7	ASV4960	7	0	0	0
1	7	ASV4961	7	0	0	0
1	7	ASV4962	7	0	0	0
1	7	ASV4963	7	0	0	0
1	7	ASV4964	7	0	0	0
1	7	ASV4965	7	0	0	0
1	7	ASV4966	7	0	0	0
1	7	ASV4967	7	0	0	0
1	7	ASV4968	7	0	0	0
1	7	ASV4969	7	0	0	0
1	7	ASV4970	7	0	0	0
1	7	ASV4972	7	0	0	0
1	7	ASV4973	7	0	0	0
1	7	ASV4974	7	0	0	0
1	6	ASV4975	6	0	0	0
1	6	ASV4976	6	0	0	0
1	6	ASV4977	6	0	0	0
1	6	ASV4978	6	0	0	0
1	6	ASV4979	6	0	0	0
1	6	ASV4980	6	0	0	0
1	6	ASV4981	6	0	0	0
1	6	ASV4982	6	0	0	0
1	6	ASV4983	6	0	0	0
1	6	ASV4984	6	0	0	0
1	6	ASV4985	6	0	0	0
1	6	ASV4986	6	0	0	0
1	6	ASV4987	6	0	0	0
1	6	ASV4988	6	0	0	0
1	6	ASV4989	6	0	0	0
1	6	ASV4990	6	0	0	0
1	6	ASV4991	6	0	0	0
1	5	ASV4992	5	0	0	0
1	5	ASV4993	5	0	0	0
1	5	ASV4994	5	0	0	0
1	5	ASV4995	5	0	0	0
1	5	ASV4996	5	0	0	0
1	5	ASV4997	5	0	0	0
1	5	ASV4998	5	0	0	0
1	5	ASV4999	5	0	0	0
1	5	ASV5000	5	0	0	0
1	5	ASV5001	5	0	0	0
1	5	ASV5002	5	0	0	0
1	5	ASV5003	5	0	0	0
1	5	ASV5004	5	0	0	0
1	5	ASV5005	5	0	0	0
1	5	ASV5006	5	0	0	0
1	5	ASV5007	5	0	0	0
1	5	ASV5008	5	0	0	0
1	5	ASV5009	5	0	0	0
1	5	ASV5010	5	0	0	0
1	5	ASV5011	5	0	0	0
1	5	ASV5012	5	0	0	0
1	4	ASV5013	4	0	0	0
1	4	ASV5014	4	0	0	0
1	4	ASV5015	4	0	0	0
1	4	ASV5016	4	0	0	0
1	4	ASV5017	4	0	0	0
1	4	ASV5018	4	0	0	0
1	4	ASV5019	4	0	0	0
1	4	ASV5020	4	0	0	0
1	4	ASV5021	4	0	0	0
1	4	ASV5022	4	0	0	0
1	4	ASV5023	4	0	0	0
1	4	ASV5024	4	0	0	0
1	4	ASV5025	4	0	0	0
1	4	ASV5026	4	0	0	0
1	4	ASV5027	4	0	0	0
1	4	ASV5028	4	0	0	0
1	4	ASV5029	4	0	0	0
1	4	ASV5030	4	0	0	0
1	4	ASV5031	4	0	0	0
1	4	ASV5032	4	0	0	0
1	4	ASV5033	4	0	0	0
1	4	ASV5034	4	0	0	0
1	4	ASV5035	4	0	0	0
1	4	ASV5036	4	0	0	0
1	4	ASV5037	4	0	0	0
1	4	ASV5038	4	0	0	0
1	4	ASV5039	4	0	0	0
1	4	ASV5040	4	0	0	0
1	3	ASV5041	3	0	0	0
1	3	ASV5042	3	0	0	0
1	3	ASV5043	3	0	0	0
1	3	ASV5044	3	0	0	0
1	3	ASV5045	3	0	0	0
1	3	ASV5046	3	0	0	0
1	3	ASV5047	3	0	0	0
1	3	ASV5048	3	0	0	0
1	3	ASV5049	3	0	0	0
1	3	ASV5050	3	0	0	0
1	3	ASV5051	3	0	0	0
1	3	ASV5052	3	0	0	0
1	3	ASV5053	3	0	0	0
1	3	ASV5054	3	0	0	0
1	3	ASV5055	3	0	0	0
1	3	ASV5056	3	0	0	0
1	3	ASV5057	3	0	0	0
1	3	ASV5058	3	0	0	0
1	3	ASV5059	3	0	0	0
1	3	ASV5060	3	0	0	0
1	3	ASV5061	3	0	0	0
1	3	ASV5062	3	0	0	0
1	3	ASV5063	3	0	0	0
1	3	ASV5064	3	0	0	0
1	3	ASV5065	3	0	0	0
1	3	ASV5066	3	0	0	0
1	3	ASV5067	3	0	0	0
1	3	ASV5068	3	0	0	0
1	3	ASV5069	3	0	0	0
1	3	ASV5070	3	0	0	0
1	3	ASV5071	3	0	0	0
1	3	ASV5072	3	0	0	0
1	3	ASV5073	3	0	0	0
1	3	ASV5074	3	0	0	0
1	3	ASV5075	3	0	0	0
1	3	ASV5076	3	0	0	0
1	3	ASV5077	3	0	0	0
1	3	ASV5078	3	0	0	0
1	3	ASV5079	3	0	0	0
1	3	ASV5080	3	0	0	0
1	3	ASV5084	3	0	0	0
1	3	ASV5085	3	0	0	0
1	2	ASV5086	2	0	0	0
1	2	ASV5087	2	0	0	0
1	2	ASV5088	2	0	0	0
1	2	ASV5089	2	0	0	0
1	2	ASV5090	2	0	0	0
1	2	ASV5091	2	0	0	0
1	2	ASV5092	2	0	0	0
1	2	ASV5093	2	0	0	0
1	2	ASV5094	2	0	0	0
1	2	ASV5095	2	0	0	0
1	2	ASV5096	2	0	0	0
1	2	ASV5097	2	0	0	0
1	2	ASV5098	2	0	0	0
1	2	ASV5099	2	0	0	0
1	2	ASV5100	2	0	0	0
1	2	ASV5101	2	0	0	0
1	2	ASV5102	2	0	0	0
1	2	ASV5103	2	0	0	0
1	2	ASV5104	2	0	0	0
1	2	ASV5105	2	0	0	0
1	2	ASV5106	2	0	0	0
1	2	ASV5107	2	0	0	0
1	2	ASV5108	2	0	0	0
1	2	ASV5109	2	0	0	0
1	2	ASV5110	2	0	0	0
1	2	ASV5111	2	0	0	0
1	2	ASV5112	2	0	0	0
1	2	ASV5113	2	0	0	0
1	2	ASV5114	2	0	0	0
1	2	ASV5115	2	0	0	0
1	2	ASV5116	2	0	0	0
1	2	ASV5117	2	0	0	0
1	2	ASV5118	2	0	0	0
1	2	ASV5119	2	0	0	0
1	2	ASV5120	2	0	0	0
1	2	ASV5121	2	0	0	0
1	2	ASV5122	2	0	0	0
1	2	ASV5123	2	0	0	0
1	2	ASV5124	2	0	0	0
1	2	ASV5125	2	0	0	0
1	2	ASV5126	2	0	0	0
1	2	ASV5127	2	0	0	0
1	2	ASV5128	2	0	0	0
1	2	ASV5129	2	0	0	0
1	2	ASV5130	2	0	0	0
1	2	ASV5131	2	0	0	0
1	1	ASV5132	1	1	0	0
1	1	ASV5133	1	1	0	0
1	1	ASV5134	1	1	0	0
1	1	ASV5135	1	1	0	0
1	1	ASV5136	1	1	0	0
1	1	ASV5137	1	1	0	0
1	1	ASV5138	1	1	0	0
1	1	ASV5139	1	1	0	0
1	1	ASV5140	1	1	0	0
1	1	ASV5141	1	1	0	0
1	1	ASV5142	1	1	0	0
1	1	ASV5143	1	1	0	0
1	1	ASV5144	1	1	0	0
1	1	ASV5145	1	1	0	0
1	1	ASV5146	1	1	0	0
